vehicle_id,location,mean_speed,std_speed,mean_acc,std_acc,mean_headway,min_headway,mean_th,min_th,th_frac_critical,mean_delta_v,max_delta_v,lat_std,cmv_flag,near_miss
1757,i-80,8.603861342,2.2602267224685257,0.3734,3.636504045573081,78.54939999999999,42.96,7.0834,2.91,0.04,1.1060000000000016,16.700000000000017,1.201675163414534,1,0
1757,i-80,11.9511786312,3.8434342203737577,-0.1930000000000001,4.194820542973812,47.10320000000001,35.72,3.0106,1.47,0.48,0.3040000000000006,11.500000000000057,5.109874581351568,1,1
1757,i-80,19.523449339200003,6.8162875059477726,-0.946,5.357911944793724,47.4856,27.27,1.7842000000000002,1.16,0.94,0.768,26.40000000000001,3.152643399836178,1,1
1758,i-80,7.0748162952,3.5183951914893634,-0.7767999999999999,4.408678565497552,31.6278,18.68,3.6002,1.51,0.46,0.2380000000000016,6.600000000000001,1.066249654879481,0,0
1758,i-80,13.5775872884,4.963189462488284,-0.8925999999999997,5.319262957230377,51.8924,19.97,2.675,1.39,0.76,0.164,2.9000000000000625,15.225281511421745,0,1
1758,i-80,20.2225855164,3.882668943085001,-0.1795999999999999,5.402461630911356,74.4834,38.53,2.556,1.39,0.84,0.5479999999999962,13.299999999999985,17.73159986478654,0,1
1762,i-80,13.5650418372,4.849841819567474,-0.0864,3.763407465994353,61.07320000000001,32.95,3.5704,2.12,0.56,0.709999999999998,9.600000000000009,20.499938213107484,0,0
1763,i-80,11.456996944800004,7.716359056280198,-0.4474000000000001,4.705309987836365,64.17719999999998,25.01,4.9226,1.66,0.18,27.515999999999995,814.2,5.173389204340984,0,0
1763,i-80,6.9535890548,4.540444245580374,-0.8577999999999999,4.268119736093712,49.5388,25.91,7.5712,2.87,0.02,3.4420000000000037,138.8,6.131297651012069,0,0
1763,i-80,13.9045872012,7.336430167964778,-0.0306,4.304208860913623,57.92620000000001,31.7,3.1747999999999994,2.0,0.6,0.4479999999999989,14.599999999999936,12.64639729336512,0,0
1764,i-80,8.0155887716,3.265379882333279,-0.4771999999999999,3.383836754879506,42.82020000000001,34.88,10.8534,1.93,0.28,0.75,21.00000000000001,0.8236855851994173,1,0
1764,i-80,10.676178971200002,3.2904801189975355,-0.3075999999999999,3.855806413973712,49.3316,31.77,3.3616,1.68,0.48,0.9420000000000016,21.00000000000001,10.528816740231912,1,0
1764,i-80,13.559178202399998,4.161402511406793,0.1656,4.696910039416057,69.7676,31.77,3.5138000000000007,1.68,0.44,0.5380000000000024,13.499999999999943,6.667662086396351,1,0
1765,i-80,8.6995885892,5.325539087844359,0.7160000000000001,3.05543677361372,34.507400000000004,18.03,3.7412,1.49,0.48,0.4219999999999999,8.599999999999994,4.634244370257714,0,1
1765,i-80,14.394405252400002,4.4553411218877415,0.0892,4.680647016150216,41.4656,28.34,2.3428000000000004,1.25,0.86,0.4339999999999996,8.599999999999994,23.84378649049017,0,1
1765,i-80,18.4644496216,7.567897445111588,-0.2824,4.987096230906972,45.11900000000001,17.42,2.8116,0.88,0.92,0.177999999999998,5.39999999999992,18.984654754741648,0,1
1767,i-80,6.8714981676,5.812132587571962,-0.2613999999999999,4.035654366179704,37.503,8.56,5.5016,1.54,0.36,1.358,21.000000000000085,0.7688077448695669,0,0
1767,i-80,4.358998837600001,2.742847224579745,-0.7974000000000001,3.858803774672738,32.21959999999999,8.56,11.0022,1.77,0.22,0.5639999999999986,16.799999999999926,0.6806930549829645,0,0
1767,i-80,5.489453081600001,3.256024941390669,-0.7412000000000001,3.926072264817782,30.8608,18.52,9.598,2.02,0.26,0.4220000000000013,7.40000000000002,1.5500410001160665,0,0
1767,i-80,10.6231335308,5.147198205349859,-0.8245999999999999,5.05637532916493,43.5556,18.52,3.0116,1.14,0.54,0.7820000000000015,11.20000000000001,6.512835943969511,0,1
1767,i-80,17.439404440399997,6.037749047332621,-0.7605999999999998,5.194390384769685,70.9684,29.8,2.8352,1.14,0.54,0.8759999999999998,14.000000000000057,6.656015569208881,0,1
1769,i-80,9.066133946,9.692250204922768,0.0968,4.055225623457079,41.1034,16.15,5.655,1.31,0.3,36.194,664.5,12.529913322843026,0,1
1769,i-80,9.50795201,9.513530017447758,-0.4155999999999999,3.864403832364293,47.0858,16.15,6.0532,2.06,0.22,40.98799999999999,664.5,14.528187491892847,0,0
1769,i-80,7.1109526492,4.046941557683972,-0.5434,4.337344061773758,42.081,22.49,7.3248,2.04,0.08,5.217999999999998,233.2,13.87870932893772,0,0
1769,i-80,11.586269637600005,6.494386616724204,-0.8658000000000001,3.96783500829624,46.834,22.49,5.6284,1.49,0.48,0.214,4.90000000000002,17.092969336387807,0,1
1769,i-80,14.7479960672,4.948973366706522,-0.4641999999999999,3.780552864222861,46.12380000000001,26.14,2.2812,1.31,0.88,0.0419999999999987,2.099999999999937,28.167940995538945,0,1
1769,i-80,14.953768739600005,4.961508832742767,0.5858000000000001,3.37948498068772,49.1516,26.14,2.3328,1.25,0.78,0.2359999999999985,8.100000000000023,14.709465590592217,0,1
1771,i-80,11.9994513456,5.340378578902988,-0.4236,5.2179027611186655,50.871,30.65,3.4492,1.68,0.48,10.054,254.3,6.165657759207322,0,0
1771,i-80,10.4102699512,5.227879998226515,-0.5718,4.78909249210737,49.5906,18.47,4.6046,1.48,0.36,9.72,192.5,6.045981660844276,0,1
1772,i-80,23.7162209484,6.215343317536544,0.0615999999999999,5.744557090260772,80.2092,40.14,2.2248,1.37,0.8,0.7979999999999962,18.699999999999903,17.152866526916252,0,1
1773,i-80,8.121543288800002,4.850126467667762,0.206,4.748653085080965,35.968599999999995,3.66,4.8248,0.54,0.34,20.226000000000003,278.8,5.332253453603775,0,1
1773,i-80,22.791539376800007,6.154151231521995,0.9776,4.55010722457197,79.6186,29.22,2.2812,0.65,0.86,5.522000000000002,199.50000000000003,15.945862188949825,0,1
1774,i-80,7.030361761600002,5.095242306004708,0.6134000000000001,4.055850704695072,39.5348,25.27,6.211200000000002,2.32,0.32,0.1039999999999999,3.5999999999999943,6.566571046332372,0,0
1774,i-80,12.5848602804,4.820905866473986,0.2514,3.4826456105925554,44.1962,25.27,2.5866,1.64,0.78,0.1980000000000004,5.600000000000023,29.71588926508332,0,0
1774,i-80,13.637450908800004,4.429350928495799,0.2378,3.4276369500319737,39.66439999999999,24.72,2.079,1.39,0.96,0.4840000000000003,8.000000000000007,20.371294477619177,0,1
1775,i-80,8.5508159016,9.545671813206898,-1.0548000000000002,3.7325951140880895,68.1604,16.98,6.068199999999999,1.66,0.26,149.094,3633.9,7.049188018777882,0,0
1775,i-80,7.205861714799999,3.7278673316011655,-0.0521999999999999,3.410621638233076,34.4882,23.02,4.967600000000001,2.24,0.48,5.9860000000000015,130.8,7.597259186236648,0,0
1775,i-80,21.7873578264,5.73376685872248,-0.0193999999999999,4.927831998362122,88.65439999999998,56.3,2.789200000000001,2.34,0.8,0.5819999999999993,23.400000000000038,19.04331707317262,0,0
1777,i-80,7.533270718400001,5.245529848721731,0.1194,5.406175384291032,43.3502,23.48,5.835,1.82,0.2,12.7,350.19999999999993,17.22458074705555,0,0
1777,i-80,8.093861478,6.2243522200170345,0.1476,4.038838264973264,47.323,21.31,6.1610000000000005,1.96,0.18,48.77,723.7,16.94960841645082,0,0
1777,i-80,6.842179993600001,4.939145473114976,0.6472,2.7885224234569908,41.2478,21.31,4.9344,2.57,0.08,55.464,723.7,16.43357510793568,0,0
1777,i-80,8.2715432488,6.241552119814672,-0.6032000000000001,2.85277912476481,43.0262,26.54,4.2102,1.75,0.26,85.37200000000001,862.7,15.894214318950612,0,0
1777,i-80,14.021996260800002,6.647276885011007,-0.1025999999999999,5.09126374993759,46.5136,25.26,2.741,1.04,0.72,66.23,862.7,15.038786924265846,0,1
1777,i-80,21.044039842800004,5.897221487025406,-0.0346,5.667318125418219,51.44160000000001,25.26,1.7062,0.92,1.0,0.2519999999999996,10.900000000000034,5.007132838017284,0,1
1780,i-80,9.1896793676,5.892777437948701,-0.7404,4.10504167867678,45.79560000000001,20.5,6.248399999999999,1.77,0.3,18.038,460.69999999999993,1.9096237100218332,0,0
1781,i-80,7.931179703199999,3.576281699223518,-0.7773999999999998,4.936365187595639,38.315,18.86,5.547,2.04,0.3,0.8399999999999999,27.10000000000001,0.8278558673723689,0,0
1781,i-80,8.272088703200001,3.138279883183235,0.1114000000000001,4.356559216179855,49.069,18.86,6.033399999999999,2.5,0.26,0.025999999999999,1.0999999999999943,1.41945098613542,0,0
1781,i-80,16.7293591752,8.258099597166565,0.3004,4.684455824036228,61.67980000000001,37.46,3.9736,1.45,0.64,0.1499999999999971,6.199999999999903,11.220043564413952,0,1
1788,i-80,7.7438161168,4.668625158071139,-0.2891999999999999,3.65188340560912,59.0478,16.56,6.421799999999999,3.02,0.0,10.49,189.4,0.5705039662528246,1,0
1788,i-80,10.3898154112,4.3290406829804615,-0.127,4.493366198733235,57.75899999999999,31.22,4.9714,2.17,0.3,0.3159999999999982,5.399999999999992,24.66322270015723,1,0
1792,i-80,13.3289964456,8.524961385764124,-0.8384,4.14830250997751,53.55820000000001,11.95,4.0348,1.41,0.52,3.624000000000001,165.09999999999997,11.70766023087588,0,1
1792,i-80,19.523994793600004,6.868066764721646,0.4691999999999999,4.457422994859479,45.3382,24.31,1.706,0.67,1.0,16.92,297.0,10.921075476399954,0,1
1793,i-80,8.7392703968,7.137331794059282,0.7519999999999999,3.63975161745066,88.62620000000001,16.22,8.9344,1.66,0.02,172.77,1958.6,24.90225958855779,0,0
1793,i-80,13.9168599252,4.66293547171849,1.1536000000000002,3.96626836392772,67.4564,23.57,3.2576000000000005,0.81,0.44,25.286,1224.9,29.610357299941587,0,1
1793,i-80,14.139950774800004,5.422948501059791,0.9728,3.974143491344509,57.1026,32.31,2.996400000000001,1.29,0.56,0.7819999999999994,13.200000000000005,21.759993986343705,0,1
1795,i-80,7.655861594800001,6.648982196921928,-0.9449999999999998,4.617760854150251,38.2774,17.32,6.144,1.73,0.3,16.986,502.2,11.05700861535343,0,0
1795,i-80,10.2949063456,5.320942248124482,-0.6242,4.2470254128204665,51.4752,31.33,4.524,1.98,0.28,6.208000000000002,132.89999999999998,10.663045363156565,0,0
1795,i-80,14.872496034,6.544806497682084,-0.1507999999999998,4.863306945791062,57.860200000000006,33.69,3.0940000000000003,1.21,0.48,0.7239999999999995,15.0,4.810234158499131,0,1
1796,i-80,9.5012701936,4.408633040331096,-0.9358,3.810833156533985,47.381800000000005,28.01,6.197799999999998,1.47,0.36,4.3580000000000005,147.30000000000004,6.124100076795957,1,1
1796,i-80,11.5471332844,5.493501072022289,1.1486,3.781615036689256,48.8606,33.31,3.2036,1.72,0.32,1.1199999999999988,15.0,5.78766545938826,1,0
1796,i-80,8.882179449599999,6.973385940441039,0.6444,3.852184198872221,45.68339999999999,24.52,13.2508,1.76,0.2,0.4060000000000002,14.600000000000009,3.357547756494739,1,0
1796,i-80,8.271815976000001,7.0745541461323525,-0.5196000000000002,3.4507378447905004,51.98300000000001,24.52,16.947,2.49,0.08,0.4060000000000002,14.600000000000009,0.7062738212706492,1,0
1796,i-80,16.028859362000002,7.333289499934994,0.3022000000000001,3.2122414388125446,92.0862,27.76,7.2654,2.74,0.04,0.0140000000000014,0.6000000000000227,0.8003789584583402,1,0
1798,i-80,6.717270936,4.984457038926721,-0.2419999999999998,4.758178780386719,62.2826,13.95,9.4504,1.9,0.12,0.3540000000000013,10.200000000000031,0.9485105232168284,0,0
1798,i-80,7.867225174800001,4.605712700705123,0.3882000000000001,3.2465383071191134,83.5008,13.95,8.4674,3.62,0.0,0.2259999999999991,11.299999999999956,1.1983749411564966,0,0
1798,i-80,14.6082233772,7.632247992709541,0.2447999999999999,3.361008254943138,81.59519999999999,29.81,4.87,1.61,0.38,0.4379999999999995,11.299999999999956,1.3149699672212585,0,0
1799,i-80,4.505998798399999,3.488707113758431,-0.3373999999999999,2.8402808211261688,27.038,19.32,6.7626,1.63,0.08,0.0399999999999998,1.999999999999993,1.6383516132294154,0,0
1799,i-80,8.384315946000001,5.943338937188773,-0.1508,3.6270957854369783,35.516600000000004,19.32,3.8424,1.77,0.38,0.0420000000000001,2.1000000000000085,1.6985468093854428,0,0
1799,i-80,15.735404894799998,4.89236080913489,-0.289,4.679493802207452,64.8744,28.99,2.8818,1.68,0.52,0.311999999999999,6.400000000000006,13.79181888115604,0,0
1799,i-80,19.2794948588,2.362856539975807,-0.4326,4.3853968289014365,72.9196,37.49,2.6040000000000005,1.22,0.6,0.4499999999999972,8.499999999999943,9.787028166832226,0,1
1800,i-80,10.3647245088,7.585081191010592,-0.4194,4.427070902471543,64.24119999999999,25.63,6.0988,1.91,0.32,4.256000000000001,172.90000000000003,23.2307720555196,0,0
1800,i-80,9.877497366000002,8.148709633216562,0.3021999999999999,4.338169598965416,75.67479999999999,27.85,9.85,2.5,0.18,31.628,595.0999999999999,22.83467260437468,0,0
1800,i-80,8.025406950799999,4.601240857146347,0.5276,4.583908660984084,71.14880000000001,24.78,9.7622,2.28,0.16,50.172,777.0,22.32491487471487,0,0
1800,i-80,9.330815693600002,5.939885008578336,0.1866,4.547057182443186,83.1372,24.78,9.84,2.28,0.14,20.054,777.0,22.469316287573605,0,0
1800,i-80,9.6864519624,7.143769730078066,-0.0053999999999999,4.619196064870411,86.1808,25.96,12.1342,0.95,0.2,1.3460000000000008,64.80000000000004,10.05792839464652,0,1
1800,i-80,16.1532229652,8.957729462553038,-0.2699999999999999,4.890550238230158,69.3378,25.96,6.944,0.95,0.66,0.5480000000000018,10.300000000000011,6.58560900830015,0,1
1801,i-80,6.321543768800002,4.473745670290646,-0.98,4.156585136864154,39.9546,25.32,28.7946,1.67,0.2,0.3699999999999989,10.499999999999972,2.561964654601732,0,0
1801,i-80,6.6680436764,5.598506707039546,-0.2181999999999999,4.720019322859098,34.846799999999995,23.56,5.6224,1.08,0.18,0.102000000000001,5.100000000000051,3.4770315864342134,0,1
1801,i-80,5.394544016,4.978946594808675,0.8085999999999999,4.598903156720954,31.359,23.43,5.986000000000001,1.08,0.14,0.1220000000000006,5.100000000000051,2.924595300801358,0,1
1801,i-80,8.1848159992,5.498884432537176,0.514,4.75699913982823,39.2866,23.43,4.12,1.68,0.34,0.1359999999999992,3.499999999999943,4.534779901235898,0,0
1803,i-80,4.9565441328,3.717459441257816,-1.0282,3.561351320003377,32.0506,17.56,6.761599999999999,1.95,0.1,1.39,17.70000000000003,1.0124538711588256,0,0
1803,i-80,4.2601352276,2.3985990622874125,0.213,4.346856358804789,28.3202,17.56,5.909799999999999,2.24,0.1,0.2379999999999995,5.899999999999999,0.9453482263058364,0,0
1803,i-80,10.566133546,6.585077782373601,0.3756,5.090964448943654,41.0638,23.43,3.5434,1.43,0.58,0.0539999999999992,2.5,12.943497041277176,0,1
1803,i-80,18.8395858852,5.124581538570548,-1.081,4.975566935187447,58.1274,36.12,2.1654,1.38,0.96,0.1079999999999984,5.19999999999996,18.52740370049793,0,1
1804,i-80,21.025767120400005,9.671637393128629,1.5292,5.176159178071583,75.8438,45.72,2.992,1.67,0.72,9.717999999999996,260.1,16.039033923894443,0,0
1805,i-80,11.7174514208,7.047270664912458,-0.1503999999999999,4.383169089289863,66.2558,33.56,6.426799999999999,2.71,0.1,43.106,706.8000000000001,5.899285550516318,0,0
1806,i-80,8.7001340436,5.37436029648406,0.2267999999999998,5.185657000864234,40.6832,23.56,4.501799999999999,1.27,0.4,0.4099999999999994,11.700000000000015,4.041378102194591,0,1
1806,i-80,7.4633161916,5.580180122130629,-0.2442,4.8568328010281405,45.1524,28.65,9.6362,2.33,0.24,15.392,286.1,5.120023819938212,0,0
1806,i-80,6.918952700399999,4.691614095027612,-0.5392,4.936838548822805,46.4134,32.31,9.8528,2.4,0.12,20.442,286.1,5.553406270617216,0,0
1806,i-80,10.4180426764,7.071524421676968,0.1238,4.626484489836087,48.2082,29.13,3.902,1.77,0.32,5.757999999999999,237.7,5.2916407364129805,0,0
1806,i-80,10.5430880976,6.715986964801082,-0.3358,3.911432792442677,44.34880000000001,29.13,5.226,1.77,0.48,0.9960000000000008,14.100000000000035,5.0038249767919885,0,0
1806,i-80,6.7707254672,5.110602554360632,-1.1784,3.518139211316698,41.4568,26.09,14.486,1.79,0.24,0.4060000000000002,7.299999999999969,11.051731329875654,0,0
1806,i-80,12.639542084,9.880300222478883,-0.186,4.37488891987265,52.2346,26.09,11.9274,1.15,0.34,0.3280000000000015,10.500000000000044,16.940675577461967,0,1
1807,i-80,5.5167258016,4.472509006144646,0.4487999999999998,4.98259773243489,29.8806,19.43,9.8706,1.18,0.18,0.8059999999999988,16.6,1.130973260478942,0,1
1807,i-80,4.9079986912,3.094155878942884,0.4548,4.445488077241683,29.219,20.39,5.506399999999998,1.78,0.16,0.2719999999999999,11.000000000000014,1.0681899168066264,0,0
1807,i-80,11.70340597,7.148974549276047,-0.5341999999999999,4.188555880891043,36.9106,20.39,2.7576,1.2,0.66,0.9639999999999986,15.19999999999996,6.585849792965992,0,1
1807,i-80,18.8417677028,4.935462438480757,-0.1277999999999999,4.927141527564746,49.08740000000001,23.88,1.8078000000000003,1.2,1.0,0.8179999999999978,15.19999999999996,10.524642917496838,0,1
1808,i-80,8.523952272399999,4.670146190462813,-0.0779999999999999,4.769547533411255,60.47979999999998,25.69,5.888800000000001,2.8,0.06,0.4439999999999998,13.200000000000005,0.5942934302383712,0,0
1808,i-80,13.1690419428,5.894659611106465,0.6598,3.902217836156297,66.55659999999999,30.86,3.915200000000001,1.85,0.42,0.0839999999999989,3.200000000000003,4.982501726389002,0,0
1808,i-80,16.037177541600002,6.022329178067832,0.4146000000000001,4.840699987331061,56.6144,27.2,2.5484,1.29,0.8,0.3560000000000002,10.500000000000044,2.230847725389958,0,1
1809,i-80,8.392906852800001,2.859960422589001,-0.1451999999999999,4.15893002330834,35.9676,19.63,3.3008000000000006,1.61,0.46,0.940000000000002,9.400000000000048,0.9002797499462406,0,0
1809,i-80,9.1794520976,3.0110153306157543,0.5636,4.315101039325943,37.1604,19.63,2.8348,1.72,0.56,0.624000000000003,6.600000000000037,1.1217682726619702,0,0
1809,i-80,10.850315288400004,5.131627255242349,-0.2602,5.154162371821637,49.4044,26.55,4.6818,1.72,0.56,0.6220000000000049,7.30000000000004,1.45929787827949,0,0
1809,i-80,15.892768489199998,7.730304798023614,-0.9776,4.760141294421537,58.3392,41.93,4.364,1.57,0.7,0.4980000000000032,7.30000000000004,1.230839803731168,0,0
1810,i-80,9.5322247308,6.251611393256798,-0.6572,4.133703207062843,41.0676,19.56,5.170000000000001,1.47,0.38,17.724,225.1,11.07871362539304,0,1
1810,i-80,9.7555883076,6.594159652189764,0.2642,3.904360769755808,41.7974,26.85,8.207,1.07,0.4,14.646,225.1,13.377239082463456,0,1
1810,i-80,10.0373155052,7.793755479807285,1.0829999999999995,3.996578766486993,58.02640000000001,29.98,5.2622,1.84,0.12,13.961999999999998,431.3,15.190164304091846,0,0
1810,i-80,14.836223316400002,9.027005947179225,1.1396000000000002,3.666897125719816,63.1586,35.65,4.018000000000001,1.7,0.4,0.4479999999999975,9.499999999999956,12.10225286472038,0,0
1811,i-80,24.8708115496,6.447180615096001,0.1231999999999999,4.471917563403595,56.007,33.44,1.5068,0.92,1.0,16.928,827.4000000000001,18.05822285938413,0,1
1812,i-80,21.355221578,8.04554417133037,1.7900000000000005,4.19176159939022,100.92319999999998,36.11,3.534,1.77,0.46,17.094000000000005,418.5,15.811050702813484,0,0
1813,i-80,11.613542357600002,7.945231510700072,-1.6407999999999998,3.120351785505301,42.4802,16.02,3.6782,1.27,0.5,3.637999999999999,135.79999999999998,2.731144585431282,0,1
1813,i-80,8.969997608,7.223791036481296,0.1993999999999999,4.29959675850123,48.778200000000005,24.95,7.1612,1.73,0.36,24.912,443.9,1.511174458789573,0,0
1813,i-80,5.976407497199999,4.018202386989547,-0.363,4.47568362125285,31.6038,15.57,5.8962,1.73,0.26,0.586,10.799999999999985,1.2764196196024735,0,0
1813,i-80,7.057770845199999,5.359185608854875,0.0362,3.5568851828645847,38.866200000000006,15.57,5.8504,2.0,0.24,0.5600000000000002,12.000000000000028,24.893173880673984,0,0
1813,i-80,12.0724058716,5.692774242611558,-0.4931999999999999,3.748948391324736,52.9568,26.91,3.5224,1.59,0.46,0.5040000000000007,12.000000000000028,9.637762771239696,0,0
1814,i-80,8.9772248788,8.936234320621567,0.2912,4.728234187369766,66.0478,26.65,16.3758,1.95,0.06,0.653999999999997,9.400000000000048,10.619696805695442,0,0
1814,i-80,10.5199062856,9.101132285405424,-0.3419999999999998,5.250353923930329,60.21340000000001,20.53,6.2114,1.87,0.16,32.59799999999999,470.3,12.047662133851055,0,0
1814,i-80,6.530452803999999,5.525385435108563,-0.1786,4.247767245439488,46.41459999999999,18.63,8.2096,1.87,0.1,49.156000000000006,470.3,12.244358666466006,0,0
1814,i-80,8.6177704292,4.355244513253098,1.1852,3.679781071571225,53.566,18.63,6.264200000000001,2.07,0.18,25.816000000000003,432.1000000000001,12.249760577835216,0,0
1818,i-80,9.5155883716,7.155047692116536,-0.2578000000000001,4.285076757343622,47.5862,8.86,8.878,0.85,0.34,7.801999999999998,377.3,9.93932439900074,0,1
1818,i-80,11.471178759200004,6.267633970888686,0.3393999999999999,4.241694602637113,55.9904,29.79,3.5252000000000003,2.28,0.32,30.579999999999995,781.3999999999999,11.408263085185943,0,0
1818,i-80,10.9989516124,7.153005538288612,1.0066,4.082736982136631,54.93440000000001,24.51,4.8834,1.99,0.42,25.768,781.3999999999999,8.247746235728862,0,0
1818,i-80,13.734132701200002,7.770739131197512,0.4494,3.104721493309892,45.90879999999999,24.51,4.153600000000001,1.12,0.62,0.5339999999999989,9.200000000000015,1.0720918320398356,0,1
1819,i-80,6.8558163536,4.2733791138952055,0.1542,5.01264364240211,44.41539999999999,20.07,5.708399999999999,2.48,0.06,0.6099999999999994,19.29999999999993,0.9776382263560756,0,0
1819,i-80,8.9746339704,4.678262447201031,0.1115999999999999,5.0761215147643055,49.113200000000006,20.07,4.200999999999999,2.48,0.1,0.1,5.0,1.6163780139811457,0,0
1819,i-80,14.913677841200002,5.545050391831527,0.5126000000000001,3.7303508671218495,57.5902,32.68,2.9164,1.64,0.54,0.0099999999999994,0.4999999999999716,12.146252359372047,0,0
1821,i-80,6.6856345808,6.037887458976977,-0.1859999999999999,4.041314698188686,40.4402,24.22,7.096200000000001,1.34,0.16,3.4960000000000013,101.8,0.8552880035283973,0,1
1821,i-80,8.599770434,6.096943076572316,0.1144,3.52914001202698,49.8016,24.22,6.3816,1.34,0.16,24.454,281.0,0.8149298695255303,0,1
1821,i-80,13.003087441599998,8.466810686674464,0.6442,3.9721865104082648,55.16299999999999,29.75,4.5892,1.63,0.44,20.326000000000004,513.4,1.4518460170220726,0,0
1821,i-80,8.0813160268,6.273994247586822,-1.1252000000000002,3.847643455839601,49.752,21.14,7.692399999999999,2.01,0.08,0.1379999999999995,6.499999999999915,24.120292271124946,0,0
1821,i-80,14.0221326244,6.034014394677843,-0.6672,3.2688923668610514,60.21940000000001,21.14,3.1936,1.18,0.4,0.3939999999999983,8.099999999999952,10.553494229275294,0,1
1824,i-80,7.866816084000001,5.963810948763424,-1.3696000000000002,4.506562996432684,47.5312,25.53,5.991000000000001,1.86,0.14,39.152,711.3,9.742779778829831,0,0
1824,i-80,11.872360470400002,7.522891250812121,0.2183999999999999,3.712908184115717,58.9992,23.62,4.1328,2.0,0.32,20.742000000000004,706.1000000000001,12.87034062787582,0,0
1824,i-80,16.515268323200004,6.85511333852212,-0.0667999999999999,4.8871470079741846,63.5124,27.88,3.5693999999999995,1.46,0.6,20.704000000000004,706.1000000000001,15.637919614089808,0,1
1824,i-80,19.5092675248,7.534645624217972,-0.6075999999999999,5.354111736767913,49.599,27.88,2.7766,1.3,0.86,0.014,0.4999999999999716,14.949174814438855,0,1
1825,i-80,6.2207710684,3.469288144550161,-0.6382,3.8727602822898337,39.732,23.47,5.412000000000002,2.15,0.16,0.5520000000000003,8.900000000000006,1.0892158851622558,0,0
1825,i-80,4.691726021600001,2.0381141352563925,0.1153999999999999,3.8016844870103976,34.193000000000005,24.01,6.0764,2.15,0.12,0.1940000000000004,4.6000000000000085,1.2539936153533393,0,0
1825,i-80,6.306680136400001,3.484243552450626,-0.1813999999999998,3.807202631532897,35.4502,24.01,4.880599999999999,2.14,0.22,0.2899999999999998,6.900000000000048,1.2085682309988095,0,0
1825,i-80,11.201451558400002,6.111415137400432,0.2628,5.647129319487947,49.1838,22.25,4.2668,1.52,0.46,1.0960000000000023,28.50000000000001,1.5418823805693496,0,0
1825,i-80,17.703677097200003,6.257281924910284,0.4971999999999999,6.257753407916113,76.85300000000001,22.25,4.0028,1.52,0.54,0.9820000000000036,28.50000000000001,1.3406042043247002,0,0
1827,i-80,10.8786789172,5.658283836810623,0.2518000000000001,4.172763333420036,46.116400000000006,25.33,4.162,1.1,0.54,14.980000000000004,338.00000000000006,0.9025353723635144,0,1
1827,i-80,10.4716335712,5.699880197563993,0.4195999999999998,4.637444739755473,51.6808,27.61,5.202599999999999,2.35,0.36,10.682,526.9,1.3368921048461615,0,0
1827,i-80,8.053497852400001,4.167823751194535,-0.1174,4.310264355735797,45.2298,27.61,6.415799999999999,2.03,0.32,0.1420000000000001,7.000000000000028,11.544853480991042,0,0
1827,i-80,11.1019061304,6.38946481336951,0.1049999999999999,4.487555695748965,51.44460000000001,29.91,4.541200000000001,1.28,0.46,0.7659999999999982,11.299999999999956,10.558842084804407,0,1
1828,i-80,10.364724508800002,7.815443262043311,-0.6797999999999998,5.072072590898807,78.4544,27.52,9.1568,2.42,0.12,0.369999999999996,18.39999999999989,7.619027112996214,0,0
1828,i-80,16.6559955584,5.822227873490016,0.7348,4.899051236760866,92.60859999999998,51.53,4.1622,1.94,0.34,0.4419999999999959,18.39999999999989,26.77270062217276,0,0
1828,i-80,18.364086012,4.529592827838263,1.3192,3.964832055016933,77.7448,38.56,3.0572,1.31,0.72,0.2719999999999999,6.700000000000017,14.73571793090461,0,1
1830,i-80,23.835948189200003,6.604507377393554,1.0138,4.753925076466084,109.4588,50.73,3.0828,1.7,0.5,0.0,0.0,12.689076956330334,0,0
1830,i-80,15.902859395599998,7.42919443265575,0.3789999999999999,4.195733620267723,87.5776,48.53,4.0982,1.7,0.28,0.9960000000000022,35.2000000000001,3.698891129426079,0,0
1831,i-80,5.6709530332,3.14385500174089,-0.0175999999999999,4.5240272649352535,38.858,26.93,5.8146,2.1,0.14,0.9260000000000004,12.800000000000011,1.0988442536945582,0,0
1831,i-80,5.6446348584,2.1159984623370898,0.8287999999999998,4.186868022368832,36.0278,24.1,4.891,2.3,0.12,0.4819999999999993,12.800000000000011,1.0236974419490656,0,0
1831,i-80,9.8739519124,4.528841820125026,-0.2698,3.9879683795033234,44.8076,24.1,3.4758,2.3,0.4,0.3439999999999991,6.400000000000006,0.7991964354581289,0,0
1831,i-80,15.6302685592,5.255568222047722,-0.5942000000000001,4.356496012875954,58.4954,31.37,3.2096000000000005,1.87,0.74,0.4,13.299999999999985,17.2335465739567,0,0
1832,i-80,5.123862270000001,3.816637017438724,-0.3362,3.6388285230837902,41.917,27.98,19.4158,2.59,0.12,0.3719999999999984,12.69999999999996,0.5700950443494811,0,0
1832,i-80,7.2055889876000006,4.382026984122068,-0.1966,2.958265218340103,44.19999999999999,31.73,15.950599999999998,1.88,0.24,0.314,7.899999999999991,1.6509452856853042,0,0
1832,i-80,7.078634476000001,4.287379509718394,-0.1308,4.8775139368413525,43.34439999999999,25.18,7.202800000000001,1.88,0.24,0.6359999999999999,12.899999999999991,1.5867360349124853,0,0
1832,i-80,6.3730892096,4.299033063048474,-0.4462,5.117319886065999,44.734000000000016,25.18,7.9322,1.58,0.14,1.2820000000000007,16.000000000000014,5.5371421938669805,0,0
1832,i-80,13.38749643,8.488998862837063,-0.2895999999999999,4.85730124111515,53.46679999999999,33.6,3.6414,1.37,0.52,1.0820000000000007,16.000000000000014,5.794984904419422,0,1
1833,i-80,9.9182700824,6.892776008305007,0.6808,3.7097817967626936,56.114,27.05,4.6642,2.58,0.12,27.015999999999995,984.5,0.7078765385839192,0,0
1833,i-80,11.284087899999998,8.725061495410229,-0.6708,3.732410087493668,62.831,24.52,6.283800000000001,2.58,0.22,32.184,984.5,1.289269911418783,0,0
1833,i-80,6.927952698,4.413425034815596,-0.2954,3.9599578486727993,42.2074,22.02,5.5828,1.99,0.12,21.34,647.2,1.3127428094160218,0,0
1833,i-80,8.5962249804,4.961322009968769,-0.8963999999999999,4.6908233296729565,44.3654,27.67,5.715400000000001,1.72,0.34,0.2139999999999986,4.6000000000000085,10.444194141498238,0,0
1833,i-80,11.658269618400002,6.208391406150521,-0.5646,4.95285249082974,46.8194,19.94,4.7972,0.95,0.62,0.0319999999999993,1.599999999999966,15.248808883894869,0,1
1834,i-80,9.6992701408,7.843411136042895,0.1331999999999999,4.423130500965512,49.244400000000006,26.07,6.042999999999999,2.03,0.26,42.22200000000001,840.4000000000001,12.121946661695045,0,0
1834,i-80,9.3583611408,8.64228488668259,-1.3568,5.017439561679049,47.53200000000001,22.48,12.0456,1.48,0.38,48.024,840.4000000000001,12.57397709786172,0,1
1834,i-80,6.8596345344,4.898901975465208,-0.5703999999999999,5.289103145300974,39.8076,22.48,10.555,1.48,0.36,13.386,275.2,12.329846271928444,0,1
1834,i-80,10.4213154028,8.113413341048187,-0.1644,4.76423073859907,39.092200000000005,22.67,7.618600000000002,1.39,0.58,10.804,525.6,9.189876509663073,0,1
1834,i-80,9.6846792356,6.9514507339412885,0.2499999999999999,4.7555033639876605,41.66740000000001,22.49,8.8622,1.4,0.52,0.1079999999999991,5.199999999999996,6.122587765589558,0,1
1834,i-80,16.284541112000003,7.069469240259081,1.2094000000000005,3.55249346751471,75.5262,22.49,4.380999999999999,2.01,0.4,0.0459999999999979,2.099999999999937,5.479972850223226,0,0
1835,i-80,7.5460888968,7.453026276273309,-0.4539999999999999,4.002269254269816,33.001999999999995,19.07,4.8868,1.01,0.22,3.966,93.79999999999998,25.27377085994934,0,1
1835,i-80,5.0162713896,3.4709725895548145,-0.034,4.647469796588686,35.5332,19.07,6.6434000000000015,1.49,0.2,4.799999999999999,93.79999999999998,24.55754553294056,0,1
1835,i-80,20.7046308424,8.98384742908362,-0.6846,4.713889684664212,77.1812,27.92,3.0068,0.93,0.7,0.732000000000005,6.2999999999999545,22.382901173422173,0,1
1836,i-80,7.7738161088,6.034265842133078,0.0628,3.7275910260036382,35.9454,25.51,10.4996,1.45,0.34,0.2999999999999992,8.800000000000026,14.777663055698458,0,1
1836,i-80,7.467952554000001,4.236992432562535,0.156,2.422959061198702,41.4388,25.51,10.841400000000004,1.45,0.26,9.918,244.90000000000003,16.84113794962702,0,1
1836,i-80,17.171586329999997,5.020939256383845,-0.7666000000000001,4.15623682321066,36.9846,27.78,1.6352000000000002,0.97,0.98,0.5340000000000004,12.800000000000011,9.124879499098125,0,1
1838,i-80,20.837039898000004,9.606449699132895,-0.0066000000000001,5.204293992385871,65.46780000000001,30.8,2.3198,1.27,0.88,21.77,501.0,15.7483210394386,0,1
1838,i-80,19.137267624000003,9.741054545069106,-0.718,5.128505371639848,51.9534,28.4,2.2712,0.71,0.82,0.0,0.0,9.52145128828069,0,1
1839,i-80,8.286406881200001,3.1903681422254517,-0.1172000000000001,4.072586822717403,33.5828,18.69,4.098599999999999,1.92,0.6,0.4059999999999995,15.0,0.8708859256585814,0,0
1839,i-80,7.0025435872,3.5354720982418133,-0.5442,4.5144941588404,29.4848,17.53,3.6888,1.92,0.56,0.1239999999999994,4.899999999999984,0.9678312226365732,0,0
1839,i-80,9.7761792112,7.074918009236356,-0.2913999999999999,5.043430161697331,49.18780000000001,17.53,4.1342,1.95,0.36,0.1159999999999989,4.5999999999999375,1.0080308241561764,0,0
1839,i-80,18.005449744000003,6.469340945155033,-0.6768,4.963146401636933,71.906,17.83,2.9138,1.22,0.6,1.1319999999999966,34.79999999999997,0.9734503593100252,0,1
1840,i-80,8.736543124800003,7.185998894843412,0.811,4.926336656902658,46.12740000000001,19.02,4.3756,1.91,0.18,46.54600000000001,944.8,17.423856498725055,0,0
1840,i-80,8.8939067192,5.181581373369113,-0.345,3.74674239459141,36.8038,21.1,3.3111999999999995,1.62,0.5,1.5039999999999998,33.400000000000034,11.709502449022908,0,0
1840,i-80,7.231088980800001,3.697878370896635,0.1495999999999999,4.945384968816474,38.0316,17.05,5.2988,2.18,0.32,2.008000000000001,33.400000000000034,11.98301607839621,0,0
1840,i-80,10.7151789608,6.9957992032391925,1.3354,4.986543201661931,59.517,17.05,5.606,2.21,0.2,1.0739999999999994,26.300000000000026,17.516530176029587,0,0
1841,i-80,9.2000430012,5.970448327296459,-0.5062000000000001,5.194233808478673,43.1366,17.21,4.2526,1.74,0.4,21.57,508.1,15.735332647002943,0,0
1841,i-80,11.3068606212,5.350778077791686,0.3363999999999999,3.410630895016465,54.2402,20.99,3.4904,1.4,0.48,41.024,1189.1,18.6387173229626,0,1
1841,i-80,15.4347231568,8.2546638185286,0.2226,3.5386062112599284,56.7678,23.65,11.611199999999998,1.58,0.78,0.5460000000000008,24.09999999999997,5.843877688169536,0,0
1844,i-80,9.2076793628,7.085163903658534,0.1982,3.964341924955412,29.747400000000003,14.42,3.774000000000001,0.75,0.52,0.0899999999999998,4.499999999999993,19.406286663157715,0,1
1844,i-80,14.7396778876,5.783489715366059,0.8025999999999999,5.512606631853122,39.401,22.72,2.0586,0.75,0.84,0.0060000000000002,0.3000000000000113,30.14165514952789,0,1
1848,i-80,6.4303619216,2.8498453224708005,0.9833999999999996,3.9067255509713306,27.8314,15.94,4.364000000000001,1.55,0.5,0.4800000000000007,8.900000000000006,1.1812180921508482,0,0
1848,i-80,9.0339521364,4.521234002157794,-0.1481999999999999,4.219306786084895,31.843,15.94,3.9518,1.47,0.8,0.7120000000000002,10.9,1.02367080187541,0,1
1848,i-80,15.0154050868,6.485585426612686,-0.7419999999999999,4.868485914741955,50.25899999999999,20.79,2.6694000000000004,1.47,0.9,0.941999999999996,22.89999999999992,16.990347356132563,0,1
1849,i-80,9.1716793724,7.3395171046581344,-0.1945999999999999,4.09126755968098,54.8372,24.35,16.5176,1.92,0.16,21.488,961.3,6.763229322730136,0,0
1849,i-80,6.4805437264,5.03371913764432,0.8230000000000001,3.859791286521877,48.534400000000005,24.35,17.715600000000002,2.64,0.04,3.231999999999997,86.70000000000002,6.262695358344406,0,0
1849,i-80,10.040042777200002,9.789387010856348,-0.3356000000000002,4.3010080261278665,38.8262,19.58,9.9058,1.05,0.36,0.2320000000000007,5.0,9.811488645730888,0,1
1849,i-80,20.663994489600004,7.23592460787533,-0.0282,3.943325381099623,57.9732,33.76,2.5322000000000005,1.05,0.84,1.1760000000000048,19.300000000000068,7.354399312281717,0,1
1850,i-80,8.722224946800003,7.288474355476073,-0.5880000000000001,5.090061945816072,32.5054,19.67,5.724399999999999,1.42,0.5,0.1100000000000001,2.699999999999996,6.679605790152345,0,1
1851,i-80,7.9379978832,5.803128733434383,-0.6832,3.8192778674209378,45.7042,21.45,7.71,1.62,0.18,2.6,120.3,0.6837049894896633,0,0
1851,i-80,9.5150429172,5.345237866277167,0.0857999999999999,4.067788392746514,45.5938,29.98,4.4274,1.89,0.4,18.808,404.9,0.8160403341372139,0,0
1851,i-80,8.579997711999999,7.546442853555917,-0.0969999999999999,3.226491902980697,53.4162,20.06,7.888599999999999,2.42,0.22,0.1020000000000003,3.200000000000003,0.7980403846361437,0,0
1851,i-80,15.399541347999998,8.896509550650233,0.4711999999999999,3.6451066667856096,64.245,20.06,5.435,1.94,0.7,0.4820000000000014,14.500000000000028,0.7347255447597073,0,0
1853,i-80,6.4914528144000005,2.989532567759579,0.9876,5.076472164077437,46.09619999999999,25.87,5.946200000000001,1.67,0.12,0.5199999999999989,7.59999999999998,0.8681614730367306,0,0
1853,i-80,9.2937247944,5.349962447918944,0.1958,5.610912141641899,52.00899999999999,19.87,8.2248,1.92,0.2,0.2699999999999988,7.299999999999969,2.735190268723997,0,0
1853,i-80,14.4989961336,6.137397199974742,0.2052000000000001,4.578097920690269,77.82339999999999,19.87,7.4192,1.92,0.18,0.1260000000000005,6.199999999999974,6.073116240767795,0,0
1854,i-80,5.1387259024,3.440999035859748,0.7879999999999999,4.353447144598901,32.9832,20.8,8.327800000000002,2.55,0.16,0.5459999999999987,12.399999999999949,1.0462826995353305,0,0
1854,i-80,9.5616792684,3.3793251591392246,0.1159999999999999,3.447512560839026,44.3694,28.73,3.6984,2.31,0.42,0.4219999999999985,12.399999999999949,1.2991363134083838,0,0
1854,i-80,7.717088851200001,4.883516534956213,0.1833999999999999,2.518064214382767,39.0074,22.03,10.4022,2.31,0.4,0.1239999999999994,2.59999999999998,1.8116106894705832,0,0
1854,i-80,5.013680481200001,3.14536072276806,-0.7271999999999998,3.839186797396829,30.415,19.73,10.8466,2.15,0.3,0.0919999999999994,2.59999999999998,7.181313028170505,0,0
1854,i-80,9.2912702496,5.555242933053557,-1.577,3.807342128261217,46.761,19.73,3.8798,2.15,0.32,0.0399999999999998,1.999999999999993,12.2168438625046,0,0
1856,i-80,7.8509979064,6.925215320504953,-0.4472,4.134923457574517,63.6422,24.39,8.2142,3.32,0.0,24.450000000000003,1214.7,29.105759036475717,1,0
1856,i-80,10.105224578,5.883989171381285,0.1624,3.1383939477746527,64.2542,20.88,4.6122000000000005,2.09,0.2,21.496,589.6,29.241794438956788,1,0
1856,i-80,15.8271775976,5.906456985903954,0.3842000000000001,3.8101952866551314,76.21779999999998,20.88,3.4278000000000004,1.66,0.36,37.466,799.0999999999999,26.234845321387787,1,0
1856,i-80,18.7126313736,3.93382355298327,-0.0191999999999999,3.734837558962469,66.11019999999999,35.63,2.4578,1.49,0.66,16.467999999999996,799.0999999999999,13.509640979972604,1,1
1858,i-80,9.12954302,6.729854300631927,-0.8412000000000001,3.876898950113061,41.13440000000001,20.9,6.3886,1.55,0.36,18.76,283.8,1.2682911974908018,0,0
1858,i-80,7.819770642000001,6.1053504752966585,-0.8405999999999999,4.591942103915759,41.05740000000001,20.43,6.7708,1.41,0.22,16.412,393.8,1.0803799301492916,0,1
1858,i-80,10.2946336184,7.390349953209562,0.7585999999999999,4.7881494912983245,40.0934,21.59,5.145599999999999,1.19,0.38,0.3120000000000004,5.399999999999992,0.6064412133967498,0,1
1859,i-80,5.297180405600001,3.4572608372665905,0.3476000000000001,4.845308928463169,38.2408,19.14,8.070799999999998,1.55,0.08,0.7980000000000012,13.49999999999998,0.6483717641058995,0,0
1859,i-80,7.5492252596,4.131586377336889,1.1416,4.187543413116417,41.6592,24.25,5.8998,1.76,0.22,0.4860000000000014,14.100000000000035,0.8904977624328763,0,0
1859,i-80,6.055907476,4.387473503528461,0.831,4.361844886779736,36.157,23.5,7.410600000000001,1.76,0.18,0.6260000000000006,15.399999999999991,0.9051771277783488,0,0
1859,i-80,4.3069079424000005,2.1623008621843134,0.6172000000000001,4.380482705672273,32.145,23.5,7.659399999999998,2.42,0.08,0.4359999999999985,15.399999999999991,11.553808093155668,0,0
1859,i-80,10.433179036000002,6.837335692582223,-0.0327999999999999,4.141226792502286,36.1378,24.77,3.3468,1.08,0.54,0.0919999999999987,2.5,9.926827186971677,0,1
1860,i-80,8.366725041599999,6.398380868942825,-0.6744,4.715365746413419,45.7576,21.28,5.335,1.82,0.18,15.852,428.3,8.566309418380156,0,0
1860,i-80,10.998406158000002,7.523761903455618,-1.0244,4.04485218821279,41.6024,20.43,4.2798,1.68,0.54,26.376,428.3,10.41962700895355,0,0
1860,i-80,9.966133706,6.008063044067495,0.9320000000000002,4.148457790651404,41.16400000000001,23.55,5.954,1.15,0.52,0.1339999999999996,3.3000000000000185,5.328648234643701,0,1
1861,i-80,8.0758614828,8.74145304067474,0.332,4.2886813538781405,31.8834,11.87,10.668399999999998,1.32,0.42,8.88,419.9,11.098956729442676,0,1
1861,i-80,9.584042898800002,8.396522286729928,-0.3035999999999998,4.080401020708127,35.4378,13.55,6.369400000000001,1.52,0.46,11.893999999999998,419.9,13.975922548294209,0,0
1861,i-80,16.5137683236,7.31339701301714,0.5409999999999999,4.677885554960287,43.98960000000001,27.45,2.124,1.06,0.94,5.822000000000002,185.8,13.984154964057552,0,1
1861,i-80,13.821814496000002,5.600042573326101,-0.9326000000000002,4.697872644905893,50.9974,33.14,2.9652,1.7,0.7,0.0219999999999998,1.0999999999999943,14.386875677462967,0,0
1862,i-80,8.941224888399999,4.477006370348252,0.7981999999999999,4.186008127179917,46.5892,20.47,6.372199999999999,2.21,0.28,0.2160000000000003,6.999999999999993,1.0358932999974428,0,0
1862,i-80,14.104087148,6.4802571285698845,0.247,5.4021379932355655,53.6834,23.01,5.7330000000000005,1.44,0.44,0.0,0.0,10.474453597536188,0,1
1862,i-80,17.959495210800004,4.564372297877962,0.5516,5.085735698189273,47.4966,32.5,1.9628000000000003,1.3,0.9,0.125999999999999,2.69999999999996,6.425371520553723,0,1
1868,i-80,8.5787704396,5.176864531912333,-0.3219999999999999,5.547641160797947,46.2412,21.1,6.4682,1.86,0.3,13.838,286.8,5.940549432055413,0,0
1868,i-80,13.9753599096,6.666943689557018,0.6844,4.300624615289348,60.02759999999999,26.01,3.5121999999999995,1.59,0.52,0.3259999999999998,9.800000000000004,6.720593748824183,0,0
1868,i-80,13.4510418676,7.177331547731721,-0.789,4.371656039833446,55.0868,19.58,5.1002,2.07,0.72,0.554000000000002,16.000000000000014,1.019001376899192,0,0
1869,i-80,5.3860894728,2.730162267355733,0.1321999999999999,3.152622678834567,40.0636,23.4,7.7648,2.47,0.04,0.6419999999999995,10.599999999999952,0.7028720219098735,0,0
1869,i-80,4.635816945600001,1.7843490947779237,-0.0132,3.7733222734868326,35.357,23.14,6.071199999999999,2.7,0.1,1.0619999999999998,14.199999999999946,0.7073350492070468,0,0
1869,i-80,6.347043762000002,2.6837136799288026,-0.116,4.623593001649038,42.15160000000001,23.14,5.6174,2.52,0.14,0.4560000000000002,14.199999999999946,5.9311609693625575,0,0
1869,i-80,5.878498432400001,3.071758594760837,-0.363,4.237272539196478,42.6642,26.85,6.868400000000001,2.52,0.08,0.2760000000000005,12.700000000000031,2.940621479572379,0,0
1871,i-80,9.1018612092,7.553744361345206,0.3114,4.850381011753991,42.67000000000001,20.89,5.1924,1.68,0.44,0.2360000000000006,5.599999999999952,1.4986664820732445,0,0
1871,i-80,13.0842237836,7.251620918230782,0.1505999999999999,5.043049130299272,55.533800000000014,20.89,3.2086,1.68,0.54,0.214,5.599999999999952,31.267477309106827,0,0
1873,i-80,7.9079978912,8.07486237693793,0.2672,3.73438137378843,34.3444,24.67,6.2524,1.27,0.28,5.193999999999999,135.99999999999997,31.297952550599724,0,1
1873,i-80,5.121134998,4.528779719856982,-0.0842,3.240802426459678,34.0982,16.25,6.9434000000000005,1.9,0.16,9.582,230.1,28.10818267643493,0,0
1873,i-80,15.1457686884,9.327885382662023,1.2029999999999998,5.247999132808539,44.45719999999999,24.39,2.5478,0.81,0.62,7.84,107.2,20.134076023447392,0,1
1873,i-80,11.7144514216,9.155117035344094,1.0466,4.826437656178684,54.73400000000001,39.07,4.6618,0.81,0.22,5.608,107.2,11.29651371721671,0,1
1873,i-80,7.1349526428,4.496496259316105,0.0573999999999999,3.765657819867138,45.2118,18.99,5.546800000000001,1.51,0.22,0.182,3.400000000000034,9.629561968570044,0,0
1873,i-80,14.154678043600002,9.620306815839935,-0.7234000000000002,4.43246815198568,44.1416,18.99,3.7672,1.46,0.7,0.6399999999999999,7.299999999999969,8.90465056778118,0,1
1874,i-80,8.844815823200001,5.71058269081592,-0.2332,3.106250078635074,55.8504,25.84,5.948,2.58,0.06,50.466,1005.9,5.61240565482269,0,0
1874,i-80,7.740816117600001,3.867951266021288,-0.3586,4.277499751309049,40.6698,21.56,4.4068,2.26,0.22,16.522000000000002,248.0,6.032794280143374,0,0
1874,i-80,9.9051791768,5.034865555852285,-0.4211999999999999,3.744047051858538,57.3606,21.56,4.222,2.26,0.22,55.05600000000001,994.5,6.448792937172864,0,0
1874,i-80,9.0985884828,4.74417764066573,-0.8866,2.99740201113006,56.587,33.87,4.5044,2.41,0.16,41.386,994.5,3.322730460427547,0,0
1874,i-80,6.339407400400001,2.8327083607219383,-1.3158,4.930902591549233,43.1878,34.89,5.454000000000001,2.41,0.14,0.8659999999999997,13.900000000000006,1.2803526843516717,0,0
1874,i-80,13.2550873744,9.863226476160786,-0.1539999999999999,5.289474338297729,61.6726,34.1,4.6926,1.45,0.34,0.8900000000000006,16.299999999999955,8.892791693184279,0,1
1876,i-80,9.1444066524,7.732300012072481,-1.2002,4.636513243939295,38.665,24.98,5.272599999999999,1.51,0.42,18.85,296.3,26.839841511203648,0,0
1876,i-80,6.8794072564,5.316279013442479,0.0418,4.688705791580444,37.7714,27.9,5.4842,1.63,0.28,8.434,216.1,24.629483874844485,0,0
1876,i-80,9.5214520064,6.62857042683985,1.7265999999999997,4.473051558488674,37.0348,26.76,3.731599999999999,1.14,0.56,4.780000000000001,201.3,23.24826565465449,0,1
1877,i-80,25.4117659508,10.511112053340868,1.088,4.6768823559534365,104.1588,34.92,2.9614000000000003,1.42,0.54,70.068,1196.1,17.479897071569187,0,1
1877,i-80,18.7187677356,9.88345846574658,1.0652,4.578270879371158,83.2718,34.92,3.3276,1.5,0.36,0.3579999999999998,6.500000000000057,11.796675364245122,0,0
1878,i-80,6.383316479600001,2.124477265103744,-0.4247999999999999,4.939392774379441,36.2178,18.95,7.8658,1.4,0.08,0.9380000000000016,24.60000000000001,0.4793722617195559,0,1
1878,i-80,8.151406917200001,5.108237386523691,-0.7785999999999998,4.405408554335483,39.385,10.44,7.240800000000002,0.77,0.24,1.0719999999999992,14.099999999999966,0.7861971827754675,0,1
1878,i-80,10.7213153228,5.549283973661582,0.3686,4.472458580590997,43.89020000000001,10.44,7.0906,0.77,0.5,1.0779999999999987,14.099999999999966,0.9876671522701712,0,1
1878,i-80,15.333405002,7.024255473646899,1.2368,4.283664957648736,63.26380000000001,21.39,3.4302,1.57,0.58,0.4400000000000005,10.09999999999998,0.975998536298668,0,0
1879,i-80,5.3339985776,2.953479645540928,0.4781999999999999,3.614644640563028,42.85980000000001,21.8,7.413399999999999,2.82,0.08,0.6339999999999989,12.000000000000028,1.6004160261427949,0,0
1879,i-80,7.6883161316,3.075699581146558,0.0119999999999999,3.2552262531479546,41.8384,21.8,4.5604000000000005,2.18,0.12,0.0980000000000003,3.1000000000000227,1.1941219827956937,0,0
1879,i-80,6.730225478,3.700415154583276,0.0478,3.3406795654752157,35.1834,17.52,4.3038,2.0,0.18,0.0860000000000006,3.1000000000000227,1.458248138230617,0,0
1879,i-80,7.216907166400001,5.339186120180357,0.6986,5.06060938897235,52.3324,17.52,5.260999999999999,2.0,0.12,0.2179999999999999,9.699999999999989,0.9149112326742248,0,0
1879,i-80,14.3639961696,6.219258000581496,0.5907999999999999,4.797377616990349,101.0844,21.7,5.025200000000001,2.05,0.12,0.1939999999999997,9.699999999999989,0.7021601433709944,0,0
1881,i-80,9.959315526,6.728098291132728,0.8576,3.4105817087172587,41.17,19.46,3.8932,1.18,0.46,0.1419999999999994,5.299999999999976,22.0671681876502,0,1
1881,i-80,13.922041742000005,5.6036765546330205,0.7747999999999999,4.216060759349967,44.2976,26.99,2.3238,1.1,0.84,0.132,5.299999999999976,20.5101902698266,0,1
1881,i-80,14.9199505668,5.76889633195769,0.1334,3.3101073476643057,52.3754,30.78,3.0490000000000004,1.1,0.78,0.3980000000000004,10.0,14.27523440922661,0,1
1882,i-80,27.412765417200003,6.39258385097104,0.6345999999999998,5.310706248432769,92.3122,36.51,2.3876,0.74,0.76,47.66400000000001,1214.2,21.893866241288418,0,1
1884,i-80,6.078271106400001,3.1810675486631594,-0.1330000000000001,4.218902676753562,33.1408,19.06,5.8454,1.99,0.36,0.297999999999999,10.199999999999996,1.0734404769483123,0,0
1884,i-80,10.1451791128,4.836838299412946,0.3239999999999999,4.775272617498248,40.5994,20.52,4.4112,1.43,0.64,0.2919999999999987,10.199999999999996,0.5122886925258022,0,1
1884,i-80,12.1217694948,4.603568680274892,-0.4776,5.572349945791931,43.362,21.02,3.2442,1.43,0.78,0.0439999999999997,2.1999999999999886,0.9801131598557634,0,1
1884,i-80,14.7657233352,7.64310434259604,0.1802,4.931701900221977,57.86119999999999,22.49,3.2516,1.96,0.76,0.2719999999999999,11.400000000000006,0.915615573016875,0,0
1886,i-80,7.428543473600001,6.508196711294,-0.755,4.6616451724992665,31.3008,18.22,5.3716,1.46,0.42,9.072,371.8,10.625972908330391,0,1
1887,i-80,5.910816605599999,2.731240994022793,-0.0293999999999999,4.013190704745173,40.7836,25.91,6.466799999999999,3.14,0.0,0.3599999999999994,7.299999999999969,0.7192570375897958,0,0
1887,i-80,5.5366348872,2.9680118526219585,-0.3695999999999999,3.4419631085786384,46.4742,25.91,7.367000000000001,3.76,0.0,0.0,0.0,0.7603465700130513,0,0
1887,i-80,6.7198618444,2.5353034633047504,-0.1644,1.5846175872932824,52.3126,34.99,5.9014,3.76,0.0,0.3499999999999971,12.099999999999936,0.7994209611094928,0,0
1887,i-80,7.253316247600001,4.39698374777203,0.2101999999999999,3.3349414767070837,50.40359999999999,32.95,6.7018,1.63,0.18,0.3499999999999971,12.099999999999936,14.096074026088951,0,0
1887,i-80,13.5589054752,7.750731360530693,1.4836,3.731065810412978,49.3746,32.95,4.5242,1.19,0.68,0.0,-0.0,15.74770309854742,0,1
1888,i-80,6.7079982112000005,3.071789686973777,-0.1339999999999999,2.606657880528714,83.72000000000001,30.58,10.234000000000002,1.59,0.06,0.5779999999999944,10.100000000000051,2.7036096925769297,0,0
1888,i-80,13.341132805999996,7.04082129424309,0.8386,4.707638608188411,66.3378,25.74,5.453799999999998,1.08,0.56,1.057999999999994,16.300000000000026,17.03766041499638,0,1
1888,i-80,19.7832219972,5.28528669065032,0.3217999999999999,5.074246577230024,46.6722,25.74,1.6752,1.08,1.0,0.7659999999999982,16.300000000000026,23.63518183574164,0,1
1889,i-80,8.059634214399999,6.908911645848902,-0.0447999999999999,4.621932293148503,66.0324,25.87,11.9154,1.87,0.28,29.965999999999998,707.0999999999999,17.427199323084896,1,0
1889,i-80,6.5547255248,3.932211357783556,-0.5218,4.033944082054541,64.5526,22.44,9.1192,2.03,0.22,42.91,707.0999999999999,17.52914206867163,1,0
1889,i-80,10.7296335024,9.292020966349249,0.2282,2.760705832550356,71.14020000000001,22.44,8.1526,1.26,0.28,19.22000000000001,635.3,17.502309702319817,1,1
1889,i-80,9.0372248628,7.00066076307741,0.5528,3.6402422211401575,66.76939999999999,36.73,16.476200000000002,2.25,0.3,0.1039999999999992,3.399999999999963,11.692268236867353,1,0
1889,i-80,15.6657230952,5.871279277699722,-0.3511999999999999,4.001821850413756,63.2188,35.12,3.0848,2.06,0.68,0.6899999999999992,23.799999999999955,2.529840017850609,1,0
1890,i-80,27.3820836072,7.565765907185336,-0.4159999999999999,5.387002498455644,82.9486,42.45,2.0806,1.43,1.0,26.214,451.1,21.82984091642279,1,1
1891,i-80,11.4441787664,6.638128842565255,0.3814,4.458923641509948,44.95360000000001,18.41,3.984,1.75,0.66,36.518,377.0999999999999,10.438294284303078,0,0
1891,i-80,10.0918609452,5.119612211955974,-0.9438,4.077948608938428,39.546,18.99,3.516800000000001,1.57,0.58,37.352,561.1999999999999,10.760651206092671,0,0
1891,i-80,16.7780409804,7.869574231713088,1.0384,4.613506506521291,76.6114,21.84,4.6072,2.26,0.38,0.3160000000000025,4.500000000000028,8.280105056614403,0,0
1893,i-80,3.9684534872,2.018424282905745,-0.6681999999999998,3.055208126114741,29.5662,17.68,5.805999999999999,2.11,0.06,0.0359999999999999,1.7999999999999972,6.7050738150831934,0,0
1893,i-80,8.6614067812,7.916223871790605,0.0636,4.873398328200365,45.6764,20.51,5.1342,1.65,0.24,0.532,10.999999999999943,10.270822416050276,0,0
1893,i-80,12.3905421504,8.39162141697577,1.4504,4.913716727858113,48.442,18.64,5.6042000000000005,1.48,0.46,0.6359999999999992,10.999999999999943,5.264373354571893,0,1
1894,i-80,4.4679533540000005,2.8359916589229424,1.476,4.087013779356887,32.354400000000005,20.99,8.308399999999999,1.56,0.24,0.2399999999999984,7.300000000000004,0.7348909723384074,0,0
1894,i-80,6.406089200799999,3.129666381455896,0.284,4.110647200644111,35.717000000000006,20.99,6.1556,1.56,0.36,0.893999999999999,14.00000000000002,0.6767092369907266,0,0
1894,i-80,7.374543488,2.64187700577658,-0.3408,3.4201246188060552,38.1428,22.44,3.9594,2.0,0.38,0.6819999999999993,14.00000000000002,0.6009977432128499,0,0
1894,i-80,5.8570893472,2.9161262667137287,0.3272,4.487283183324509,33.546,18.59,5.409,2.41,0.28,0.3280000000000008,13.90000000000004,1.2878336597177602,0,0
1894,i-80,11.858178656000002,8.776391879645002,0.5556,5.206152231852665,30.6118,18.59,4.2084,0.74,0.5,0.4400000000000005,13.90000000000004,5.198639154742757,0,1
1894,i-80,18.183949696400003,5.967130113331357,0.2342,4.310807060192335,31.0772,24.01,1.3316000000000003,0.74,0.96,0.2679999999999986,5.199999999999996,2.816237517232768,0,1
1895,i-80,11.276042447600002,6.784970796788736,0.2798000000000001,3.964436542819271,49.70360000000001,20.62,3.7158,1.47,0.36,23.602000000000004,348.30000000000007,11.143103506434016,0,1
1895,i-80,8.14431601,6.308931887037591,0.0288,2.812503162810013,36.718,17.3,5.2916,1.8,0.32,12.614,311.5,11.920480213994944,0,0
1895,i-80,9.3028611556,8.52932312209526,-0.7733999999999999,3.1751590736303497,41.79259999999999,23.75,4.0612,1.67,0.22,9.206,443.6,7.683963607941104,0,0
1895,i-80,7.6913161308,4.884635612212687,-0.4081999999999999,4.537874036981437,39.7778,20.84,4.180400000000001,1.61,0.22,0.5199999999999975,8.200000000000003,10.630542694711387,0,0
1895,i-80,15.492677686800002,7.083551873938949,0.0238,4.056507440181134,55.4392,20.84,2.8444,1.43,0.72,0.3219999999999977,7.999999999999972,10.98752575769078,0,1
1897,i-80,7.751725205600001,3.734797126850686,-0.3792000000000001,5.207237051862121,42.866400000000006,24.0,5.2162,2.49,0.26,19.37,295.6,17.94145218886437,0,0
1897,i-80,6.904089068000002,5.1301217763111895,0.4686,4.519409844984052,36.0996,22.21,17.5336,1.67,0.38,0.2420000000000001,3.200000000000003,0.4124405827337005,0,0
1897,i-80,11.7676332256,8.7011520877805,0.8441999999999998,4.39202063580149,51.90460000000001,22.31,16.0108,1.65,0.5,0.1780000000000001,2.399999999999949,17.436864592955388,0,0
1899,i-80,3.7319990048,2.9549489788407324,0.002,2.8284935054201696,25.9978,14.31,11.215,1.57,0.12,0.1240000000000002,3.099999999999987,0.7979035704614312,0,0
1899,i-80,4.719816923200001,2.356553537635513,0.3441999999999999,3.3128211604033693,26.56920000000001,14.73,4.5786,1.57,0.16,0.264,11.799999999999995,0.8850201983167227,0,0
1899,i-80,12.167042210000002,7.857022512817434,-0.0085999999999999,4.670050041247428,46.79339999999999,17.98,3.035,1.32,0.5,0.4359999999999999,11.799999999999995,12.87547218481873,0,1
1899,i-80,15.8349503228,6.51358199563016,-0.2986,5.172884171626234,53.8674,28.39,3.3474,1.12,0.72,0.5419999999999995,14.699999999999989,17.833492154965736,0,1
1900,i-80,8.3586795892,2.893685784642843,0.4142,3.939180008943123,47.89200000000001,28.07,4.537000000000001,2.86,0.1,0.2359999999999999,10.09999999999998,1.3683699559426643,0,0
1900,i-80,7.2216798924,3.623466431536681,-0.7262000000000001,3.210774520331218,40.7574,18.75,4.9878,2.79,0.08,0.9980000000000004,30.09999999999998,1.61256997683948,0,0
1900,i-80,7.028725398400001,4.779573188291406,-0.9046,3.2938676540579133,35.2882,18.75,4.9536,1.54,0.2,1.3219999999999985,30.09999999999998,4.90675891036943,0,0
1900,i-80,12.771542048800002,6.329079140763423,0.606,4.165664804722786,44.2928,25.5,2.9885999999999995,1.54,0.62,0.5499999999999986,13.799999999999956,5.31458049447413,0,0
1901,i-80,6.136771090800002,2.4887012352469053,-0.476,4.293116940082635,54.763000000000005,19.87,6.2816,3.11,0.0,0.5199999999999989,8.800000000000026,1.135178791276187,0,0
1901,i-80,5.449907637600002,3.5074000403416283,0.1964,4.286023207913778,90.2008,32.91,28.783,3.29,0.0,0.1939999999999983,6.199999999999974,1.49326300552631,0,0
1901,i-80,5.3159985824,6.01310409293001,0.9506,3.368175434133745,97.2278,54.99,42.4246,1.95,0.14,0.2219999999999999,7.10000000000008,5.17472034937983,0,0
1901,i-80,13.3850418852,9.422047932806834,0.4947999999999999,2.9505151677464805,80.3312,49.36,18.960800000000003,1.82,0.52,0.4120000000000005,9.399999999999975,6.8400401765439,0,0
1903,i-80,23.596766434800003,10.499428040025524,-0.2173999999999999,4.914644426276909,94.6516,46.5,2.6566,1.69,0.74,28.38400000000001,718.3000000000002,4.191932607974026,1,0
1904,i-80,7.780497925200001,4.764339030046711,-0.7406,3.4559593074418387,46.491400000000006,25.67,6.3316,2.25,0.34,0.7600000000000009,13.400000000000034,1.1221540335898816,0,0
1904,i-80,7.2794980588,5.358774817260848,-0.4848000000000001,4.86785090241713,47.1482,25.67,10.6708,1.83,0.34,0.2639999999999986,8.299999999999983,4.184862864210116,0,0
1904,i-80,13.224132837200004,7.601491652911533,0.5122,4.798108168851552,47.1062,35.1,7.2034,1.41,0.66,0.1939999999999997,5.200000000000031,5.928587617224025,0,1
1905,i-80,6.425861922799999,2.730058102825065,-0.1094,4.185645738102779,40.195800000000006,18.3,5.7338,2.48,0.08,0.1560000000000002,7.800000000000011,0.7286774611918362,0,0
1905,i-80,6.284452869600001,2.382322357855197,-0.0237999999999999,3.861572001987094,41.232200000000006,30.01,5.0264,2.48,0.08,0.0,0.0,1.1847974941064052,0,0
1905,i-80,7.8098160992,5.917674795895944,0.9632,4.72966299010828,44.1782,31.49,5.361000000000001,2.0,0.28,0.0320000000000007,1.600000000000037,1.1591147926107144,0,0
1905,i-80,14.21931439,8.161266806098938,0.4737999999999999,5.268722452902058,50.5382,27.99,3.3917999999999995,1.67,0.72,0.1280000000000008,4.699999999999989,1.217744188310199,0,0
1906,i-80,7.697861583599999,6.861371269146581,-0.0304,4.31114121924171,43.6514,16.86,8.0686,1.77,0.2,53.31399999999999,606.5,5.4476861940625385,0,0
1906,i-80,6.321134678000001,4.015955209059746,0.0423999999999999,3.8889212396451622,33.552600000000005,16.86,7.300800000000001,1.77,0.32,34.04,568.0,5.606343624058412,0,0
1906,i-80,9.0284975924,7.39815993610764,0.7731999999999998,3.837546218561001,33.62519999999999,9.48,4.400399999999999,0.81,0.58,0.6059999999999995,10.499999999999972,2.308465724330375,0,1
1906,i-80,17.171040875600003,9.225918102118804,-0.0152,4.848795869878943,58.468,9.48,2.7438,0.81,0.78,0.7040000000000006,10.499999999999972,1.5795342615041004,0,1
1908,i-80,12.303951264400002,9.035376284442371,0.2695999999999999,4.184738043151079,69.826,26.97,9.0716,2.08,0.24,60.96200000000001,1059.4,13.94018351174849,0,0
1908,i-80,6.4528619156,5.183955752927013,-0.4303999999999999,3.699582414383592,45.71660000000001,26.97,12.850399999999995,2.22,0.14,0.5060000000000002,7.399999999999949,2.003581377617264,0,0
1908,i-80,12.2608603668,7.239160124400058,-0.4066,3.517432162872251,64.9246,29.96,7.0854,2.17,0.2,0.4459999999999994,7.399999999999949,5.292122840908487,0,0
1909,i-80,9.0475884964,5.535750445254367,-0.239,5.042652059771561,49.459,15.18,6.4042,1.97,0.26,17.448000000000004,272.6,10.53115884518171,0,0
1909,i-80,12.2016785644,6.098402624811725,-0.1323999999999999,3.8624838999730495,56.961200000000005,41.62,3.567599999999999,2.21,0.28,3.466,153.8,9.97813135006669,0,0
1909,i-80,9.778633756,7.379155427487247,0.1334,3.098658439139264,50.9184,23.83,4.8772,2.25,0.18,0.6120000000000012,9.800000000000004,8.376359206695463,0,0
1909,i-80,7.239407160400001,4.914672827760277,-0.3415999999999999,3.2358270935870226,41.16219999999999,23.83,5.2742,1.3,0.22,0.482,9.800000000000004,4.86389218043093,0,1
1909,i-80,14.740223342000002,7.18755192495588,0.0985999999999999,4.16044395688337,45.26879999999999,32.5,2.8758,1.07,0.7,0.2480000000000004,8.599999999999994,5.644440852045922,0,1
1910,i-80,6.362043758,2.6353158976785243,-0.4047999999999999,2.7646856410589526,36.5564,15.34,5.0368,2.13,0.24,0.25,6.700000000000017,1.20962688479058,0,0
1910,i-80,6.887589072400001,2.759208273811476,0.8942,4.062438741767345,37.0958,21.44,4.6966,2.13,0.18,0.1179999999999992,5.899999999999963,1.2425019296991542,0,0
1910,i-80,7.578407070000001,4.327991442063459,0.7738,5.303800674218135,38.8976,23.34,4.085999999999999,2.28,0.26,0.3999999999999986,7.399999999999984,5.567695475926558,0,0
1910,i-80,13.036905614400006,6.927169373505687,-0.6792000000000001,4.773321198631631,57.2242,23.34,3.4302000000000006,2.28,0.58,1.225999999999999,22.99999999999997,5.807119321828955,0,0
1911,i-80,23.443493748400005,10.89276223519577,-0.4911999999999999,5.347150162202559,102.78,30.5,3.1268,1.29,0.5,0.0080000000000012,0.4000000000000625,17.7377284701283,0,1
1912,i-80,4.1019534516,1.996709424312628,0.0067999999999999,4.891924390758504,32.18639999999999,20.86,7.388000000000001,3.11,0.0,0.3959999999999993,12.100000000000009,0.534920478545501,0,0
1912,i-80,4.769044182799999,1.6182523192251757,-0.1226,4.1359532672131865,38.2868,14.88,5.984799999999999,1.49,0.12,0.3239999999999995,12.100000000000009,0.4292916690815894,0,1
1912,i-80,10.1087700316,6.109578740926065,0.5378000000000001,4.673414296172924,48.29259999999999,14.88,4.621999999999999,1.49,0.58,0.0019999999999996,0.0999999999999801,3.034886582959661,0,1
1912,i-80,17.000859102800003,5.061896505131994,0.5456,4.541510204631881,48.80219999999999,23.19,2.0818,1.24,0.96,0.4159999999999996,20.700000000000003,16.75749698260575,0,1
1913,i-80,5.2789076832,1.3885942062347474,-0.294,3.4038591543800902,37.2062,22.36,4.9998000000000005,2.23,0.08,1.2899999999999985,22.10000000000001,0.7646269040839325,0,0
1913,i-80,6.696407305200001,2.2771696366908,-0.0961999999999999,2.7633844156344645,41.652,22.36,4.489,2.83,0.04,0.4319999999999971,7.999999999999972,0.6788526181306639,0,0
1913,i-80,8.7878158384,3.182546005334075,-0.7977999999999997,5.148350355964045,42.7004,21.23,3.8624,1.75,0.36,0.9159999999999968,19.90000000000002,6.338467296256588,0,0
1913,i-80,14.5403143044,8.342558740310368,-0.5668,6.034033896260816,58.1054,21.23,2.9746,1.75,0.7,0.661999999999999,19.90000000000002,6.428281621435841,0,0
1914,i-80,12.237951282,6.685410560838836,0.2546,5.06618691292916,41.442,25.73,3.3004,1.42,0.6,0.0339999999999989,1.4999999999999858,5.52941835672374,0,1
1915,i-80,8.430270479199999,3.812660683380073,-0.8898,3.8928151976770367,46.25719999999999,23.5,5.130400000000001,2.12,0.3,6.478,189.80000000000004,10.432752795471988,0,0
1915,i-80,7.7294979388,2.8671904460085216,-0.3082,2.9417561671455323,42.14420000000001,23.5,4.0738,2.64,0.12,14.622,205.0,10.633927580904356,0,0
1915,i-80,10.389542684,8.844367704414147,0.3762,3.404533526140144,59.4168,25.11,5.203199999999999,2.58,0.14,1.382,58.99999999999999,10.271506466007043,0,0
1915,i-80,6.896452706400001,4.540447845788459,-0.3494,2.2564170713766547,40.39079999999999,25.11,5.442200000000001,1.73,0.18,0.2020000000000003,5.300000000000011,3.1579243322415547,0,0
1915,i-80,14.318178000000003,6.416306988702007,-0.2566,3.1112538387247657,48.038,35.49,2.8588,1.42,0.66,0.0,0.0,5.983746847647776,0,1
1918,i-80,8.279179610400002,11.338671204862193,-1.1496000000000002,3.117187350736532,88.11400000000002,28.04,9.9544,1.87,0.14,1.6620000000000033,71.49999999999999,4.6847614459771885,0,0
1918,i-80,12.2162694696,10.65149506594428,-0.2062,3.9822698326969457,89.90699999999998,26.28,4.2106,1.35,0.36,2.354000000000004,71.49999999999999,5.600679941410904,0,1
1918,i-80,13.995814449600005,7.141335882104135,0.8787999999999999,3.619454034824048,38.6174,26.28,2.3378,1.09,0.7,5.983999999999998,139.19999999999993,9.368970947347682,0,1
1918,i-80,16.495904692,5.754867541989696,0.1056,4.336547653493549,48.37379999999999,27.2,2.161,1.09,0.7,5.6439999999999975,139.19999999999993,16.9771336306774,0,1
1918,i-80,16.113404794,4.84702329780482,-0.9472,4.799217640322605,64.1324,25.18,2.8906,1.16,0.54,1.1959999999999973,40.39999999999992,14.98065613091273,0,1
1919,i-80,4.054089828000001,2.71743398941439,0.1374,3.214611291447543,29.4014,17.28,11.1538,2.12,0.14,0.5779999999999994,10.100000000000016,0.6656541971655262,0,0
1919,i-80,6.632043686000002,2.9340455674631976,0.0606,2.6973875569990047,37.8788,19.77,4.7812,2.12,0.18,0.2360000000000006,5.299999999999976,1.5945597676641226,0,0
1919,i-80,7.1875889924,3.619345791032988,-0.3112,5.0975530904743,38.696200000000005,25.03,4.6534,1.6,0.2,0.1300000000000011,4.100000000000037,2.347692955709012,0,0
1919,i-80,11.893905919200002,7.153805864647812,-1.6472,5.793316712437897,36.3962,22.61,3.3292,1.02,0.62,0.3719999999999991,8.399999999999999,4.940540709274644,0,1
1920,i-80,6.6999527588,4.674913428966414,0.3007999999999999,3.5531744013671225,33.186,23.46,4.941,1.36,0.22,0.1100000000000001,4.499999999999993,6.707881720568936,0,1
1920,i-80,12.2739512724,4.247159061050056,-0.4342,4.052224931807116,46.34139999999999,23.46,2.7436,1.36,0.66,0.9760000000000026,26.60000000000004,28.673724722840323,0,1
1920,i-80,15.538223129200002,3.094705919354509,-1.0068,4.083772485617399,72.27,24.15,3.2032,1.74,0.6,1.3460000000000014,26.60000000000004,25.871585313526925,0,0
1921,i-80,6.4047255648,3.324264790655977,-0.0289999999999999,3.536333423424982,34.6024,19.57,5.915,1.59,0.34,0.4419999999999994,11.299999999999956,3.801359273593957,0,0
1921,i-80,10.4503608496,8.748247189168183,0.4991999999999998,3.915103585045056,44.704800000000006,24.74,6.691999999999999,1.46,0.46,0.4019999999999996,11.299999999999956,2.1525251714852374,0,1
1923,i-80,14.6683597248,7.612492939411945,0.1807999999999999,4.528333405191299,61.744800000000005,29.61,3.4167999999999994,2.03,0.46,4.211999999999998,159.79999999999995,4.88504168035192,0,0
1923,i-80,12.863042024400002,7.154530047642934,1.0794,3.6736888039913542,45.5354,23.2,3.5602,1.45,0.68,0.7899999999999963,17.69999999999996,5.699467162921854,0,1
1924,i-80,5.484953082800001,3.1437295829704355,0.3730000000000001,3.753340416977161,35.9416,20.41,6.8652,1.79,0.12,0.2699999999999988,4.099999999999966,4.784270444202052,0,0
1924,i-80,6.2143619792,3.325012268345226,0.2479999999999999,3.3883726754527905,40.1494,25.0,6.2898000000000005,1.79,0.26,0.1279999999999987,4.099999999999966,5.389329936919765,0,0
1924,i-80,4.631044219600001,2.7180317281490773,0.3829999999999999,3.212055893228586,39.107,25.0,7.6704,2.82,0.14,0.3079999999999998,13.100000000000025,1.3739434122262828,0,0
1924,i-80,10.5605426384,7.793148348576861,0.0775999999999999,4.033918214746713,71.48719999999999,27.01,5.880200000000001,3.39,0.0,0.3100000000000008,13.100000000000025,4.541439434175657,0,0
1924,i-80,18.5108132456,6.799982321215306,-0.237,3.0075627463894063,103.383,21.9,3.8938,1.1,0.1,0.0959999999999965,2.40000000000002,8.384227099203624,0,1
1925,i-80,5.5842257836,5.779226341000113,-0.8156,3.669400863067096,37.676,25.93,25.0268,1.66,0.22,12.464,249.2,1.4310006490393428,0,0
1925,i-80,11.4204515,8.183622502311412,-0.3019999999999999,4.161078156989055,46.223600000000005,28.47,3.7884,1.34,0.28,8.3,173.7,1.6219510403038857,0,1
1925,i-80,8.081452390399999,5.008506528906183,-0.7297999999999999,3.6194686102255615,44.37040000000001,25.65,4.6376,2.4,0.16,0.7059999999999981,9.800000000000004,14.798586802358486,0,0
1925,i-80,14.0942689688,4.955446615109742,-1.2684,3.4814261445562797,62.2408,36.53,3.196999999999999,2.05,0.42,0.3659999999999968,6.400000000000006,15.8188612887868,0,0
1926,i-80,16.212950222,5.403124982012125,-0.5578,3.666346282230375,63.0576,36.04,2.7944,1.46,0.56,11.694000000000006,456.1,23.46355518985448,0,1
1926,i-80,15.747268528,5.516114959913553,-0.1755999999999999,3.3411009794829667,52.3834,21.38,3.3672000000000004,1.44,0.7,0.7200000000000031,9.899999999999949,21.62545966451656,0,1
1930,i-80,18.0939497204,7.720386403182781,0.5122,3.8421525057643167,42.5052,23.0,2.057,0.97,0.88,0.5539999999999978,6.700000000000017,7.2015234822719485,0,1
1931,i-80,8.825315828399999,5.299469541103962,-1.5992,5.333395304061734,45.7768,25.5,6.698799999999999,1.7,0.32,1.2160000000000004,18.200000000000003,1.017703301657257,0,0
1931,i-80,7.968952420400001,4.99475814156175,1.2162000000000004,4.961267896703135,49.37519999999999,27.93,6.7062,2.2,0.14,0.8639999999999987,18.200000000000003,1.5090855271200718,0,0
1931,i-80,12.7300875144,8.908564618935257,1.5231999999999997,4.220035999459566,78.0958,27.93,5.800800000000001,1.79,0.1,0.0079999999999998,0.3999999999999915,17.216202565476227,0,0
1932,i-80,7.6587252304,3.2902954938630447,0.16,3.892843250302864,39.9328,22.31,4.849200000000001,2.52,0.46,0.2020000000000003,10.0,6.512400099402207,0,0
1932,i-80,6.6448618644,3.656631624532931,-0.4006,3.254500438168785,40.3458,23.37,5.346599999999999,2.52,0.2,0.6,10.0,2.0263449427327958,0,0
1932,i-80,5.654180310400001,3.502254632788812,0.9943999999999996,5.48427107503721,32.0716,23.37,5.238,1.41,0.22,0.8580000000000012,9.800000000000004,1.1918809069393344,0,1
1932,i-80,12.704723884800003,6.381250616140858,1.3074,5.704632492768575,47.124,25.93,2.9604000000000004,1.4,0.72,0.8659999999999997,10.0,6.055329988850942,0,1
1932,i-80,16.2469047584,6.4105808015799965,0.7487999999999999,4.872205903627939,61.06860000000002,26.02,5.5554,1.4,0.84,1.495999999999999,39.69999999999999,3.1175724353072787,0,1
1933,i-80,14.15454168,10.723415857083138,0.872,4.684633586176692,76.25599999999999,21.96,4.6606,0.79,0.42,43.056,2129.9,10.389424566748788,0,1
1933,i-80,14.889541484,9.481318299282096,0.9264,3.4571657378227485,50.0546,21.96,3.7826,0.79,0.62,7.295999999999998,324.40000000000003,8.957342403359403,0,1
1933,i-80,5.3221349444,2.475500136346141,-0.3661999999999999,3.2783961297673394,63.7524,24.86,10.618999999999998,2.65,0.04,0.3599999999999973,4.6000000000000085,0.9907867902195052,0,0
1933,i-80,11.9153150044,7.627723428680842,0.0369999999999999,3.382042765150394,73.73819999999999,30.22,8.9058,1.57,0.5,0.1199999999999988,4.299999999999926,5.712812659277389,0,0
1934,i-80,8.917497622,5.724380736757425,0.1113999999999999,3.266787731339864,47.735200000000006,14.98,5.7756,1.62,0.2,24.56,505.50000000000006,24.287253882290955,0,0
1934,i-80,15.6884958164,9.412354901775949,0.9118,4.728811685739207,55.25599999999999,23.11,3.0394000000000005,0.89,0.52,1.636,26.90000000000005,15.791063675382986,0,1
1935,i-80,4.671407845199999,1.7242670832534903,-0.5901999999999998,2.535244213974227,39.57939999999999,9.56,6.543599999999999,1.31,0.12,0.5900000000000005,14.299999999999995,0.9972274511803976,0,1
1935,i-80,9.4749520188,5.056555710361624,0.173,3.5107556312054555,47.4326,9.56,4.1414,0.61,0.48,0.0280000000000001,1.0000000000000142,1.7200997746334008,0,1
1935,i-80,14.65567791,3.228148476910943,0.3419999999999998,4.733701145046257,49.5116,13.91,2.4328,0.61,0.84,0.8420000000000002,15.700000000000005,29.179855151624658,0,1
1935,i-80,14.9473596504,4.15238072863911,-0.6377999999999999,4.098034516443119,44.806,30.47,2.176,1.39,0.86,0.8240000000000002,15.700000000000005,22.880741357334216,0,1
1938,i-80,8.4619068344,4.2370223452596365,0.1039999999999999,5.093451978886666,46.4286,21.75,5.441200000000001,2.45,0.14,0.3659999999999996,9.299999999999995,1.0476773551089875,0,0
1938,i-80,7.943316063599999,4.100967172225367,-0.5875999999999999,4.451038658881446,43.79900000000001,20.25,4.7572,2.59,0.12,1.2060000000000024,13.500000000000014,1.2962734285761832,0,0
1938,i-80,9.4273611224,4.429644591443796,-0.2298,4.207875264892955,44.82299999999999,20.25,4.138599999999999,2.24,0.42,1.2280000000000009,13.500000000000014,5.0224038736242544,0,0
1938,i-80,15.2907231952,5.10383502952683,0.3472,4.797456400882383,64.6946,23.98,5.522800000000001,2.17,0.72,1.2879999999999996,32.00000000000003,4.3892186662320665,0,0
1940,i-80,8.997406691599998,6.308687463521839,-0.3573999999999999,3.40324443639853,44.003600000000006,25.0,5.5828,1.45,0.3,3.591999999999999,53.800000000000026,5.950634953909867,0,1
1940,i-80,6.90340725,3.700787661335514,-0.504,4.600714673852757,36.5656,22.63,5.3552,1.25,0.3,6.355999999999999,147.2,5.658655382794086,0,1
1940,i-80,11.405996958400005,8.641778522181284,0.3409999999999999,3.5031654781564256,44.24879999999999,26.22,3.8126,1.26,0.26,1.3239999999999994,23.499999999999943,6.241971189210887,0,1
1940,i-80,5.193271342400001,2.238897820516611,0.6719999999999999,3.989107618482702,34.4488,21.64,5.402600000000001,2.82,0.06,0.3140000000000015,4.400000000000048,1.1620867149491143,0,0
1940,i-80,9.0762248524,6.260955873077699,0.5169999999999999,4.731522708690845,32.9156,19.04,4.561400000000001,0.92,0.46,0.1480000000000018,4.400000000000048,17.851930355989573,0,1
1940,i-80,14.007268992,5.750191966919454,0.0532000000000001,4.085031131697625,41.9884,19.04,2.962600000000001,0.92,0.78,0.0,0.0,10.83606141009109,0,1
1941,i-80,7.379316213999999,6.879436570114209,-1.1802,3.8949016859039127,41.8686,14.6,6.2972,1.91,0.3,20.95,560.7,22.159946588235936,0,0
1941,i-80,7.187179901600001,3.600085910660872,-0.8170000000000001,4.274186520048378,43.981,16.62,4.886799999999999,2.59,0.22,1.0480000000000005,25.30000000000001,23.190199886352413,0,0
1941,i-80,10.6899516948,6.901137088978283,0.2515999999999999,3.783347162910383,56.2232,35.47,4.3228,2.04,0.24,52.548,585.2,23.59064856784206,0,0
1941,i-80,15.959995744,9.235276264281556,1.0961999999999998,3.5381569570980345,67.96499999999999,35.47,3.6102,1.79,0.38,57.816,585.2,23.118991948056163,0,0
1941,i-80,12.1529967592,9.976977785362102,0.6198000000000001,3.6015741966364585,61.048,21.08,12.148600000000002,1.79,0.24,5.350000000000001,231.29999999999995,19.64721297293012,0,0
1941,i-80,6.554452797600001,4.815411814910344,0.3416,3.943772854327517,52.14480000000001,21.08,14.320600000000002,2.01,0.02,0.0320000000000007,1.20000000000001,9.36262633441916,0,0
1941,i-80,11.4700878504,6.598197001112167,0.5183999999999999,4.391463128407577,70.3498,25.47,6.0166,2.01,0.06,0.2459999999999979,12.299999999999898,18.57990577485389,0,0
1942,i-80,10.8440425628,9.351827911501395,-0.0194,3.674242618054302,56.2952,20.96,4.4058,1.67,0.26,27.948,1211.9,13.054577135477135,0,0
1942,i-80,13.3011782712,9.465894837369698,0.7489999999999999,3.54651668715162,46.578,21.66,3.1364,1.67,0.64,50.662,548.5000000000001,9.405785582614696,0,0
1942,i-80,12.6103602736,7.286914701828077,-0.0772000000000001,4.623416459189247,42.869800000000005,17.0,3.4076000000000004,1.58,0.68,0.4079999999999998,10.09999999999998,13.172357491647238,0,0
1943,i-80,6.664770949999999,4.046772257891497,0.3678,4.82596433844246,39.5646,21.04,6.408,2.2,0.18,0.4120000000000005,8.200000000000003,0.9634548439478264,0,0
1943,i-80,6.505225538,4.598362966486512,0.0444,3.480914235997111,39.6756,21.04,10.246000000000002,2.54,0.18,0.6900000000000006,12.199999999999989,0.9764277293339456,0,0
1943,i-80,12.5198148432,7.658878534232128,-0.2578,4.415881029342403,87.26079999999997,23.44,9.4904,2.66,0.12,2.5259999999999976,41.1,11.23148755664636,0,0
1945,i-80,22.997584776399997,8.940763166117717,0.6901999999999999,5.305911793385155,139.1712,48.32,4.1668,2.44,0.18,0.021999999999997,1.0999999999998522,19.1729047126407,1,0
1946,i-80,4.7230896496,2.162206790493161,0.0657999999999999,3.921163451875799,39.9952,20.33,8.4448,2.41,0.02,0.8140000000000001,19.1,0.7619039834519826,0,0
1946,i-80,7.887134260400001,3.57663894571161,0.301,4.499186887990009,36.6032,20.33,4.9238,1.74,0.46,1.0360000000000007,19.1,0.8446545698976466,0,0
1946,i-80,7.511997996800001,3.698989722584789,0.3532,3.100980384803937,33.0038,15.76,3.8072,1.74,0.44,0.5240000000000002,14.299999999999995,1.7723346415484442,0,0
1946,i-80,4.3977261,2.200810616463292,-0.4751999999999998,3.76079411935342,28.3136,15.76,6.0764,2.02,0.14,0.0239999999999994,1.1999999999999744,1.1362113501654956,0,0
1946,i-80,8.386497763600001,6.838935854272252,0.3902,5.1704716912680295,34.2128,0.04,5.3176,0.01,0.5,7.283999999999996,331.99999999999994,17.426107797772623,0,1
1946,i-80,13.6885872588,5.948671864352479,1.1626000000000003,5.142777701767394,46.6826,0.04,3.0423999999999998,0.01,0.84,8.359999999999996,331.99999999999994,12.830933262317313,0,1
1951,i-80,8.4250886624,7.356709562572906,-0.1724,4.94240483479656,30.9318,5.51,8.1006,1.15,0.6,5.423999999999999,140.5,23.67974083939299,0,1
1951,i-80,10.1409518412,7.550746047067994,0.7502000000000001,4.277747113533821,40.966,19.49,3.8294000000000006,1.66,0.44,19.328000000000003,406.0000000000001,23.521169916837355,0,0
1951,i-80,15.08181416,10.741584193747052,-0.066,3.660415946031159,48.023,19.97,3.063,1.22,0.6,18.314,406.0000000000001,21.60794210314951,0,1
1951,i-80,10.7489971336,11.526783701632151,-0.5318,3.4075328857322766,39.9838,18.78,8.5698,1.22,0.42,6.79,323.8999999999999,15.481483126493998,0,1
1952,i-80,11.4035424136,7.641442266698971,0.0759999999999999,3.4198788616808384,44.5906,22.26,3.8646,0.81,0.52,14.804,251.0,36.82698922311168,0,1
1953,i-80,10.858769831600002,7.1046710728965925,2.0102,4.8016738110532975,38.3432,17.5,3.6798,1.55,0.68,17.498,376.0,1.119863195726539,0,0
1953,i-80,10.934724356799997,8.830896216206614,0.4223999999999999,3.611648704864157,40.86600000000001,18.87,6.328199999999999,1.52,0.58,6.854000000000001,285.90000000000003,1.676309019414806,0,0
1956,i-80,7.176679904399999,3.647635942065544,0.2371999999999999,4.326039353704023,33.5134,20.92,4.5214,2.07,0.38,12.854,178.4,1.2248409444428583,0,0
1957,i-80,10.577724451999998,7.483149682220474,-0.9838,4.413234683012783,40.435,3.93,9.0352,0.21,0.56,13.688,322.0999999999999,1.1529572312721994,0,1
1957,i-80,10.1813154668,7.893412419287339,0.8463999999999998,4.69871139955696,51.28079999999999,31.99,5.223,0.87,0.18,10.237999999999998,271.9,7.119846885564153,0,1
1957,i-80,5.066998648799999,1.9658220065034049,0.4605999999999999,4.0577541843251375,41.4054,30.08,6.275399999999999,3.29,0.0,0.2919999999999987,6.899999999999977,1.439189011427007,0,0
1958,i-80,6.4339073752,4.03325918909936,-0.9236,4.535068687462187,37.84400000000001,25.91,5.234800000000002,2.38,0.18,0.6280000000000001,10.500000000000044,1.033049199492177,0,0
1960,i-80,8.088406934,5.314867903947594,0.3286,4.408374687768169,34.3778,18.58,7.2368,1.21,0.44,1.7559999999999996,73.6,3.110202412797506,0,1
1960,i-80,8.0987705676,4.821747166792503,-0.3707999999999999,3.879221382005962,34.4352,21.61,3.8438,1.21,0.42,1.6759999999999995,73.6,5.194211659105917,0,1
1961,i-80,6.1419529076,5.871530529774235,-0.5152,3.753447525479824,34.43,16.37,7.4487999999999985,2.1,0.14,12.028000000000004,448.5000000000001,23.08382306082928,0,0
1961,i-80,7.956952423599998,4.353257419231909,-0.979,4.38589075959514,37.8202,15.08,3.5652000000000004,1.68,0.3,29.558000000000007,448.5000000000001,23.88798305377729,0,0
1961,i-80,11.0421788736,7.834584081222482,0.4048,3.5967617181490987,40.47,21.72,2.8622,1.73,0.76,7.535999999999999,375.5,21.096826049664344,0,0
1961,i-80,7.9330887936,5.478033924396213,-0.092,3.168877352228923,32.948,19.74,4.475599999999999,1.88,0.58,0.2019999999999981,3.099999999999952,9.33068671272487,0,0
1962,i-80,10.9480879896,6.4120012957019,1.5004000000000002,4.368630738642515,32.0644,17.06,2.7028,1.22,0.7,13.748,222.7,33.28293753975917,0,1
1963,i-80,7.599816155200001,4.587221801450364,0.6975999999999999,3.7840360484972297,43.5202,11.3,5.5236,0.78,0.34,18.906,360.6,11.164000680485358,0,1
1966,i-80,15.230859574800002,10.401790206358385,-0.7040000000000001,4.21452541691184,44.5472,26.7,2.9082,1.28,0.66,9.782000000000002,199.79999999999995,0.9934194411840596,0,1
1967,i-80,7.5923161572,4.479089037102747,-0.8578,4.007675436978806,33.273,17.08,10.5182,1.69,0.44,0.3380000000000002,6.799999999999997,1.642665539261584,0,0
1967,i-80,8.2701796128,4.053810294372093,-0.2254,2.886202370321419,35.8506,17.08,3.606,1.69,0.5,0.0519999999999996,2.59999999999998,2.246804906837208,0,0
1967,i-80,5.041907746400001,2.386951811378331,-0.0519999999999999,2.08662895795186,32.4542,25.56,5.134,2.36,0.08,0.0799999999999997,2.59999999999998,1.8443879003449288,0,0
1968,i-80,3.921817136,1.607347256078281,-0.0655999999999999,4.404655774268395,36.7454,22.24,10.633400000000002,3.06,0.0,0.4180000000000007,8.999999999999986,1.1710892715932533,0,0
1968,i-80,5.0533622888,3.0674067404852914,0.1253999999999999,3.9919271648911527,31.663,25.42,6.9752,1.64,0.14,0.1259999999999998,3.5999999999999943,1.5331675527801776,0,0
1968,i-80,9.444542936,3.972924447085132,0.1672,2.99296729425662,37.7782,25.57,3.2562,1.62,0.58,0.3919999999999987,6.199999999999974,2.0525122510758185,0,0
1969,i-80,7.0082708584,4.909126249513284,0.5883999999999999,4.792575192899099,37.303,19.74,4.3668,2.1,0.16,1.454000000000002,46.3000000000001,1.3242004466307742,0,0
1969,i-80,9.0274066836,5.029151513857993,0.8903999999999997,4.75984220283807,45.2904,24.17,3.9396,2.1,0.2,1.7820000000000005,46.3000000000001,5.914255135911289,0,0
1972,i-80,9.4262702136,4.920055094471468,0.8475999999999999,5.997264532897562,135.93819999999997,18.33,14.2466,0.45,0.14,75.704,1609.6,12.804712643700954,1,1
1972,i-80,6.7304982052,3.306156075565001,-0.7892,4.620144374455881,106.7056,38.35,10.841000000000005,2.56,0.04,0.1700000000000003,6.599999999999966,1.650748723137103,1,0
1972,i-80,5.38977129,2.1837275285461075,-0.1995999999999998,5.161119938580014,72.5638,38.35,9.4686,2.63,0.02,0.6100000000000009,21.899999999999977,1.3123526908975816,1,0
1973,i-80,8.234452349600001,4.853160713465872,-0.8615999999999999,4.79640909899249,38.0784,22.62,4.297,1.47,0.4,17.900000000000002,299.4,23.40684098620464,0,1
1973,i-80,11.7801786768,10.122144915319309,-0.3572000000000001,3.269750686370508,41.3286,23.75,3.4652,1.21,0.44,14.111999999999998,236.7,19.588096281493545,0,1
1973,i-80,4.7404078268,1.968488285660014,0.6526,4.063474842535434,26.7066,12.59,4.7292,2.3,0.2,0.1560000000000002,3.9000000000000057,0.558433422849226,0,0
1974,i-80,6.7219072984000015,3.4152388057162777,-0.5795999999999999,3.7701956642777534,39.698,26.47,4.803999999999999,2.22,0.2,0.8900000000000006,29.50000000000003,1.0841861042143222,0,0
1975,i-80,12.413587598799998,7.056526857180726,0.4182,4.09237702993041,62.8962,28.22,4.214600000000001,1.5,0.4,47.562000000000005,1502.8,10.069429013441365,0,0
1977,i-80,9.271361164,3.9043198393853857,-0.5703999999999999,3.424234137522057,65.9274,36.14,5.928399999999999,3.29,0.0,1.2000000000000015,19.10000000000004,0.450743734152291,0,0
1977,i-80,8.362497770000001,4.43300927187367,-0.0846,3.723589561765608,59.4168,28.49,7.214399999999999,2.6,0.02,0.3880000000000024,5.300000000000011,0.9223153880869824,0,0
1994,i-80,9.0455430424,5.16603027795508,-0.7913999999999999,5.79493445579316,39.412600000000005,20.28,5.3312,1.76,0.54,13.255999999999998,306.1,1.911745918136143,0,0
1994,i-80,16.0918593452,8.883135021134567,0.3535999999999999,5.482876036593665,52.0754,30.0,3.3564,1.0,0.62,16.894000000000002,299.3,1.0893249227603945,0,1
1994,i-80,6.7330891136,6.5243678884967125,-0.141,3.016741890293742,36.61600000000001,10.9,5.199199999999999,1.27,0.08,0.3359999999999999,10.799999999999985,2.3551951035781244,0,1
1994,i-80,3.8574535168000006,3.2626958295739064,0.179,2.8885270944739645,56.569800000000015,10.9,24.7102,2.3,0.08,0.747999999999999,11.400000000000006,6.436096532932402,0,0
1995,i-80,12.4707239472,11.202908666048526,1.4476,3.788774267356079,48.29380000000001,24.39,3.6544,1.76,0.32,23.692,629.7,23.21574804316401,0,0
1995,i-80,16.9551772968,11.015420622962704,0.7561999999999999,3.916991708035176,57.16439999999999,27.69,3.1082,1.42,0.56,24.69,629.7,21.701863715217584,0,1
1995,i-80,5.782634821599999,4.134311008799176,0.4056,2.004953213358133,38.2866,24.26,9.132,2.42,0.12,0.978,27.00000000000003,1.7443723184303632,0,0
1996,i-80,14.339041630800002,7.512458897814049,1.0832,4.058197267411294,72.07480000000001,33.62,4.2872,1.67,0.22,36.562,843.8000000000001,16.773273963161316,0,0
1996,i-80,11.7284968724,7.431004725896062,0.4982000000000001,3.1762798738043685,59.3946,22.2,4.8934,1.67,0.24,31.48,843.8000000000001,11.611352375242118,0,0
1997,i-80,6.4259982864,4.664393903234688,-0.6167999999999999,4.278227956640412,35.70119999999999,17.59,9.711,1.62,0.24,2.412,93.5,11.30540140043236,0,0
1997,i-80,6.882270892,3.8109330835622734,-0.2784000000000001,3.762682152347157,36.5888,17.59,4.9832,2.05,0.28,11.425999999999998,280.20000000000005,12.265448238853727,0,0
1997,i-80,8.638906787200002,7.348969982447264,0.2392,3.353938799290732,48.41139999999999,23.87,4.644,2.48,0.18,66.188,1123.0,12.736094929012438,0,0
1999,i-80,6.4460437356,4.316381537591012,0.1118,3.2184903863996457,47.5202,23.55,6.592,2.58,0.08,33.628,553.9,12.140809536418558,0,0
1999,i-80,8.9841794224,4.733929799363157,1.4096000000000002,3.2003264884466174,63.0062,27.68,5.3822,2.93,0.02,67.768,732.0,12.560418531893216,0,0
1999,i-80,11.545906012000003,7.969444347359617,-0.5458000000000001,3.1741468980833645,67.636,28.78,4.4552,1.98,0.32,57.948,1452.6,9.713683142424845,0,0
2002,i-80,7.148452639200001,3.809883909973856,0.44,5.223881581306203,62.2616,18.0,7.097399999999999,1.72,0.2,53.39,614.3000000000001,11.783397753307534,0,0
2002,i-80,10.8766334632,7.9350789204787295,0.2082,4.346335397522274,69.5032,18.0,6.4654,1.68,0.38,40.318000000000005,614.3000000000001,11.44710851791038,0,0
2002,i-80,5.4313621880000005,2.7428851201328333,0.1952,2.454852952909433,65.207,13.87,10.1768,3.42,0.0,0.488000000000001,10.19999999999996,0.7974504652263965,0,0
2005,i-80,15.6297231048,9.003026769805961,-0.1973999999999999,4.274404987831639,53.5524,20.06,2.5142,0.94,0.88,32.594,870.8,13.766074025735907,0,1
2007,i-80,5.6923621184,4.832141203385398,0.0883999999999999,3.4194255156594444,49.10180000000001,29.66,26.948799999999995,3.24,0.0,0.4399999999999977,12.79999999999994,0.2157631921854162,0,0
2007,i-80,8.109270564800001,3.642505546967197,-0.3796000000000001,3.3367110532770483,54.26820000000001,30.02,7.942399999999999,2.94,0.04,0.3899999999999977,12.79999999999994,1.1886060201010291,0,0
2007,i-80,7.11817992,3.601452142788611,-0.7387999999999999,4.174525093361165,65.6592,36.47,8.126800000000001,2.14,0.1,0.1,5.0,7.339915929591386,0,0
2008,i-80,8.2985432416,5.646571418613277,1.4246,6.106377131611622,56.7434,20.16,7.2974,2.51,0.1,28.478,737.0,16.96775125384165,0,0
2008,i-80,14.5270870352,10.114325017224552,-0.0441999999999998,3.689697786418563,67.2774,18.71,4.0252,0.54,0.3,41.874,1251.6999999999998,15.656616421024756,0,1
2012,i-80,16.2114502224,8.949777960289609,0.2372,5.077585011698022,62.0022,10.81,3.4682,0.24,0.6,22.96,387.6,27.80889067791678,0,1
2014,i-80,11.184269744800002,5.579180479905827,1.4138,4.29052867205363,65.4792,35.85,4.245000000000001,2.31,0.2,30.658,1226.0,10.627844996853447,0,0
2014,i-80,14.608223377200002,9.95886095362213,1.4451999999999998,3.556301816809829,62.61,35.91,3.4652,1.99,0.4,43.418,1226.0,10.99101467526255,0,0
2014,i-80,14.590496109200004,10.848045952398843,0.3564,3.152698720856434,64.3734,29.49,3.9224,1.99,0.3,13.193999999999996,656.4999999999999,10.077200404874365,0,0
2014,i-80,5.177725892,1.9449305853998704,0.2832,2.955236404093864,32.774,26.07,5.1376,3.29,0.0,0.7719999999999978,10.19999999999996,1.3400259613689791,0,0
2015,i-80,7.8580888136,4.557636334437905,-0.1487999999999998,5.808171456962112,40.387,23.4,4.6254,1.72,0.28,0.4219999999999999,11.799999999999995,0.9740739244041404,0,0
2015,i-80,7.283316239600001,5.332804980674708,0.0548,4.6806672470440605,37.2924,23.95,5.936999999999999,1.72,0.32,0.4880000000000002,7.5,1.287800273049089,0,0
2016,i-80,12.152314941200002,7.445276408857207,1.1766,4.11023789469909,48.16559999999998,27.75,3.7882,1.76,0.54,13.73,216.9,6.154200796469458,0,0
2017,i-80,6.681680036400001,3.360701937887771,-0.3940000000000001,3.684658209718912,35.6726,18.94,8.2278,1.49,0.28,15.146,299.1,0.7618563121797731,0,1
2017,i-80,10.1185882108,5.988326791478568,0.251,3.678336608316541,40.4786,20.13,5.1332,1.49,0.42,18.81,299.1,0.7505302857286431,0,1
2017,i-80,15.774541248,10.016789521080916,-0.3933999999999999,2.745172096014145,50.51219999999999,22.48,2.488,1.35,0.86,87.234,810.5000000000001,1.3321199904586645,0,1
2017,i-80,8.8367703708,6.824481456965359,-0.225,3.769939235151502,38.1684,18.74,4.1388,1.16,0.56,45.332,761.9,1.7337149850502405,0,1
2017,i-80,5.8394984428,4.092247114885977,-0.9588,4.064913403701466,29.3938,17.04,6.609999999999999,1.16,0.36,0.2119999999999997,8.900000000000006,0.8584100214337895,0,1
2018,i-80,7.21704353,5.230203059624298,0.7334,4.850809993376028,55.665600000000005,18.85,10.4816,1.9,0.14,27.272,470.6,5.393908112578373,0,0
2018,i-80,10.019315510000002,8.17970606361745,-0.2255999999999999,3.3492174900890457,54.2446,20.94,5.795200000000001,1.96,0.36,18.666000000000004,313.70000000000005,7.392865852306809,0,0
2018,i-80,14.589814291200003,8.877036026454855,0.1077999999999999,4.787944167065732,60.6388,25.17,4.2104,1.76,0.62,30.72,607.8,6.882854417837331,0,0
2018,i-80,13.451996412800002,7.226077055216324,0.0275999999999999,5.232627060968866,55.6394,25.17,3.1754,1.76,0.48,13.062000000000005,607.8,4.603723499383462,0,0
2021,i-80,12.1089513164,8.502340533993317,0.3995999999999999,3.9006106063077888,44.1994,27.09,4.095400000000001,0.98,0.54,6.661999999999999,188.6,21.945658083473703,0,1
2022,i-80,7.5481343508,2.358031728581512,0.9454,4.773170430561188,42.9138,26.32,4.2526,2.07,0.22,0.4320000000000007,11.600000000000035,0.5440052929664472,0,0
2022,i-80,6.6197709620000005,2.506424716351276,-0.5055999999999999,4.254566411156227,42.8504,30.37,4.8914,2.63,0.1,0.7160000000000011,11.600000000000035,1.287002720134131,0,0
2022,i-80,5.4823621744,2.262558727568695,-0.413,4.111132844521826,39.5164,13.46,5.490799999999999,0.97,0.06,0.3720000000000013,6.2999999999999545,1.3563220802250924,0,1
2022,i-80,4.2289079632,2.473576055903657,0.9802,4.13939238861681,35.993199999999995,13.46,11.890999999999998,0.97,0.06,0.2760000000000005,7.299999999999969,0.8513820159851023,0,1
2024,i-80,7.873497900399999,4.968733878904433,1.0656,4.189451359531168,46.983,29.03,6.0372,1.96,0.22,1.2159999999999995,24.200000000000017,5.17153909021605,0,0
2024,i-80,15.257177749600002,9.168785763564344,-0.7894,4.845928402445981,68.10859999999998,37.85,3.5932000000000004,1.97,0.3,58.892,649.8,2.367143251056093,0,0
2024,i-80,5.4580894536,3.009751511080957,0.3728,4.259974149581431,38.957,9.49,6.3660000000000005,1.52,0.12,0.0280000000000001,1.2000000000000457,0.9897701858594888,0,0
2026,i-80,32.8977185,4.662026863659181,0.7024242424242424,5.01572030613689,110.25939393939392,69.46,2.358787878787879,1.19,0.9696969696969696,0.9363636363636374,12.10000000000008,0.6141577704836556,0,1
2027,i-80,7.551407077200001,3.91944515328405,-0.1647999999999999,5.791269727894263,39.11860000000001,21.96,4.412999999999999,2.24,0.22,0.643999999999999,17.600000000000016,1.5902819459942006,0,0
2027,i-80,8.60454316,5.282866574683663,-0.4444000000000001,5.1730732033624784,43.197,21.96,4.558,2.12,0.32,0.5259999999999998,17.600000000000016,1.7293389441267637,0,0
2029,i-80,4.7281351028000005,2.275633521682712,0.621,3.532204751732728,34.708200000000005,19.69,6.124199999999998,2.41,0.1,1.1219999999999992,18.100000000000023,1.254996812582341,0,0
2029,i-80,6.1081347348,3.5814661967440844,-0.046,3.0443691749637374,40.8306,22.68,5.5924000000000005,2.61,0.06,0.7300000000000004,16.400000000000006,1.882189337891772,0,0
2031,i-80,9.841770102800002,5.581825189612515,1.1411999999999998,4.369577404495491,46.211400000000005,15.05,7.6172,0.5,0.3,48.57599999999999,611.2,6.219852254987859,0,1
2031,i-80,13.6094963708,7.688737184145497,2.0122,4.30770609442176,52.0176,15.05,2.8199999999999994,0.5,0.44,43.33800000000001,611.2,6.425966063319878,0,1
2031,i-80,14.649541548000002,9.474378414037114,0.6122,4.02697906219376,47.98299999999999,27.89,2.5804,1.04,0.62,23.844,608.6,5.695685599698446,0,1
2031,i-80,10.8049062096,8.750018717644092,-0.765,3.6402283231822095,37.5956,25.87,3.496599999999999,1.04,0.42,11.840000000000003,477.0,4.695377949143831,0,1
2032,i-80,6.159816539200001,3.8386001602345914,-0.5468000000000001,3.5409081274931347,42.1282,26.04,6.0476,2.1,0.22,0.6079999999999999,16.90000000000005,1.1320563339628051,0,0
2032,i-80,4.7420441900000005,2.7580763129856667,0.1267999999999999,3.5475392103512533,42.304,20.46,9.583799999999998,3.21,0.0,0.3299999999999997,7.1000000000000085,1.1687625544016322,0,0
2033,i-80,8.3920886712,4.634013985828623,0.0157999999999998,4.73711316981909,55.3064,17.43,4.9184,2.39,0.12,75.326,1065.2,11.800175714084318,0,0
2034,i-80,16.462904700799996,11.221716915350664,1.6772,3.967399312663454,80.47319999999999,27.81,4.1238,2.65,0.28,71.102,898.4000000000001,21.097918133913264,0,0
2034,i-80,15.728313987600004,10.665270562707292,0.1636,4.2157182843569165,70.09779999999999,25.37,3.5104000000000006,1.87,0.5,47.4,898.4000000000001,14.718785588284026,0,0
2036,i-80,8.4181341188,3.591348017559963,0.8268000000000001,3.4510048462700817,39.9704,2.69,3.615800000000001,0.21,0.32,0.3660000000000004,10.600000000000025,7.407520924943066,0,1
2039,i-80,13.7217236136,8.738728144133203,0.7143999999999999,3.605914732938716,50.563,27.3,3.5826000000000007,0.98,0.52,16.377999999999997,278.2,7.793310728425751,0,1
2039,i-80,18.7839495364,9.647711128532723,-0.4218,5.6721952306575165,59.68039999999999,25.72,3.4254,0.98,0.68,9.064000000000004,201.2,3.5621499355396744,0,1
2040,i-80,8.0599069416,3.094730821465537,0.1037999999999999,5.107191364405005,47.97240000000001,5.06,5.9716,0.4,0.2,0.2900000000000006,5.499999999999972,4.924302540855663,0,1
2044,i-80,13.925178104800002,9.84250625222488,0.7313999999999998,5.55446722587012,80.644,24.09,4.2704,1.21,0.2,85.13400000000001,1648.1,5.343211350214516,0,1
2044,i-80,5.9721802256,4.530182568921712,-0.2502,3.1570016064071207,37.9574,21.29,4.9834000000000005,2.06,0.12,0.2419999999999987,6.2999999999999545,2.838290461398429,0,0
2044,i-80,5.0511804712,3.1510062632732723,-0.9798,3.965960001650783,34.1378,18.14,6.563800000000001,2.06,0.08,1.239999999999999,21.700000000000017,0.9795271664409912,0,0
2048,i-80,8.1601341876,3.7338654685131503,-0.182,3.0030216075663203,45.34780000000001,19.65,4.7886,1.79,0.38,0.25,12.5,1.0255861641032409,0,0
2048,i-80,10.108088213600002,3.0265341779942703,0.0162,3.545686019226572,42.595000000000006,19.65,3.2176000000000005,1.75,0.6,0.0019999999999996,0.0999999999999801,0.9707593779077895,0,0
2049,i-80,15.057950529999998,10.681211126712984,0.903,4.60993127134566,50.863200000000006,17.04,3.4428,1.22,0.44,7.084000000000002,194.0,14.45540656993226,0,1
2051,i-80,7.2610889728,2.558076358593538,-0.1566,4.113631202899621,51.30780000000001,29.53,5.429399999999999,2.92,0.02,0.3339999999999989,3.400000000000034,1.5525283231830953,1,0
2051,i-80,6.0359983904,2.0986061752540843,0.265,2.545617482526968,41.3086,29.4,4.989199999999999,2.92,0.02,0.4959999999999994,5.0,1.4084813219513117,1,0
2051,i-80,4.1784534312,2.077578975373847,-0.2813999999999999,3.1720816637710723,37.0998,25.15,9.0176,3.45,0.0,0.7299999999999998,6.800000000000033,0.9396834681998846,1,0
2052,i-80,4.4082260972,2.224805739147193,-0.0800000000000002,5.940495066293133,30.408,19.97,6.4058,1.59,0.12,0.8120000000000012,12.800000000000011,1.3001613125975993,0,0
2052,i-80,5.613134866800001,3.7812744096762656,0.5658,6.1706266310973765,27.242000000000004,18.4,5.1988,1.02,0.36,0.6680000000000007,8.200000000000003,1.4759688101621355,0,1
2052,i-80,9.752724672,4.461455434519337,1.4496,4.604901098009487,26.74,18.4,2.6338,0.97,0.76,0.6340000000000003,10.199999999999996,1.2678535935564004,0,1
2054,i-80,10.2628608996,6.177097726485276,0.4623999999999999,4.183215519386092,44.1944,22.24,6.323200000000001,1.63,0.54,30.226,322.9,10.336482079567714,0,0
2054,i-80,14.7328597076,7.781244439020474,-0.8079999999999999,4.309996922201657,50.8154,29.38,2.9494,1.36,0.62,12.042,282.5,10.757276249239348,0,1
2054,i-80,5.1629986232,2.797705560035592,-0.7253999999999996,4.346992021231815,31.0874,24.18,5.0716,2.18,0.12,0.1600000000000001,6.099999999999994,1.7653083310496982,0,0
2054,i-80,5.4953167164000005,3.462845800252817,-1.5216,4.235104200823958,31.2278,19.45,9.186,2.02,0.22,0.3600000000000001,6.400000000000006,1.285724370754098,0,0
2056,i-80,12.856905662400004,10.25241306104376,1.8652,4.866232771637121,82.9958,0.92,6.7396,0.22,0.26,31.478,1554.4,10.55379899196764,0,1
2057,i-80,13.449132777200004,8.175622123086079,0.4886000000000001,3.7639845420316314,56.7646,22.12,3.0634,1.09,0.66,18.942,933.8,1.980059974457587,0,1
2057,i-80,5.854771166000001,4.899496170676469,-0.1518,3.033068554639485,34.151399999999995,21.01,4.0766,2.49,0.26,0.0699999999999995,2.3999999999999844,0.946601742432112,0,0
2057,i-80,5.7850893664,3.55650554508105,-0.3836,2.467204284122382,28.794,21.01,4.072399999999999,1.48,0.24,0.0179999999999999,0.8999999999999986,1.6816885538781845,0,1
2057,i-80,5.715680294000001,3.942080078941124,-0.6849999999999998,2.947349033713281,31.490600000000004,17.98,6.080400000000001,1.48,0.24,0.2760000000000005,8.499999999999979,1.1102627929403726,0,1
2059,i-80,9.4171338524,4.253579704429847,0.2337999999999999,3.642753438299784,62.0108,23.52,4.7574000000000005,2.05,0.08,0.1,5.0,7.634923824513408,0,0
2061,i-80,7.4455889236,3.6081592451012847,-0.0836,3.173892710659185,37.6044,4.01,7.4192,0.4,0.38,0.4780000000000001,12.899999999999991,4.729853966119496,0,1
2062,i-80,11.4016333232,8.551242686772778,0.0581999999999999,4.112877085249126,87.5468,67.81,7.7916,3.04,0.0,13.553999999999998,322.6,5.482963213296926,0,0
2063,i-80,6.6998163952,3.421645103825356,0.2038,4.020451741294955,36.8106,19.2,9.1544,2.3,0.2,25.718,318.7,13.562568261105376,0,0
2063,i-80,6.940225422,3.972203988136822,-0.2494,4.494260925369834,38.823,14.44,6.2532000000000005,2.3,0.22,26.424,225.29999999999995,13.028227996977352,0,0
2064,i-80,15.318950460400004,10.530659024503134,1.378,3.414643734964849,51.3132,22.73,3.3834,1.22,0.5,13.700000000000005,406.4999999999999,6.458442698625465,0,1
2064,i-80,4.904998692000001,2.84466506921009,0.4452000000000001,3.7544048904763394,31.972600000000003,22.54,7.6144,1.99,0.18,1.028,31.099999999999994,1.169455520264688,0,0
2065,i-80,16.4232228932,7.15152030594723,0.4864,4.605373861931652,71.676,37.03,3.4612,1.88,0.52,11.824000000000002,296.5,12.179051989328867,0,0
2065,i-80,13.412723696,7.392521248879501,-0.0496,3.498025075463501,61.7654,19.4,4.581999999999999,1.88,0.44,6.618000000000003,296.5,10.816063064286018,0,0
2070,i-80,13.3801327956,5.45223839215691,0.4983999999999999,5.543637411943717,54.6726,29.74,3.3202,0.76,0.6,18.662,462.6,10.99333967805702,0,1
2072,i-80,9.4941792864,5.64059598700641,0.3372,3.5051344496615364,39.75920000000001,23.42,3.2704000000000004,2.12,0.56,30.818,596.4,10.1520423001322,0,0
2072,i-80,13.3004964532,11.785900618314775,-0.1041999999999999,4.141140575409886,49.05799999999999,21.52,3.4912,1.66,0.5,44.856,775.8,10.92502548665593,0,0
2072,i-80,4.6071805896,1.8636759902115536,0.4476,2.800284650254145,30.028,19.67,6.381,2.76,0.04,0.5699999999999996,14.499999999999991,1.741438400183209,0,0
2074,i-80,8.2400432572,5.159275505960187,-0.2011999999999999,3.2765360255200324,41.0226,22.46,6.3244,1.51,0.46,0.2439999999999997,5.500000000000007,1.7851364277595945,0,0
2076,i-80,14.5257233992,9.659556666719784,-0.4403999999999999,3.5391749067272955,65.4118,38.02,4.4496,1.6,0.34,12.448000000000002,256.3,12.561115859440424,0,0
2076,i-80,4.6448169432,3.407430568735208,-0.331,3.009729969581311,46.44500000000001,17.12,12.021,2.56,0.02,0.264,8.200000000000003,1.1000044155755535,0,0
2077,i-80,10.1483154756,4.147456640864498,0.0496,2.766106790330085,41.943000000000005,20.85,3.042,1.94,0.68,0.4420000000000009,7.9000000000000625,1.2368678288816664,0,0
2077,i-80,11.917360458400005,6.784145617029791,0.6739999999999999,3.644435512405403,54.335800000000006,13.09,4.0192000000000005,2.28,0.62,1.1700000000000017,33.900000000000006,5.9840342971092335,0,0
2077,i-80,13.244996468000002,7.659622655997553,1.7392,4.317252924757423,50.5912,13.09,3.7886,1.45,0.62,0.7680000000000007,33.900000000000006,6.496909237036155,0,1
2081,i-80,8.4137704836,3.962469368366778,-0.3684,3.0550509264601966,37.201800000000006,18.01,4.0564,1.85,0.5,0.5519999999999996,6.400000000000006,1.1420577791952593,0,0
2081,i-80,8.1044978388,4.238362875155257,-0.1778,3.876821383661662,35.132600000000004,18.01,4.0008,1.85,0.44,0.2199999999999988,3.4999999999999787,0.9442412630557632,0,0
2082,i-80,11.429178770400002,4.62917523951901,0.3351999999999998,5.326599880384698,44.99979999999999,21.93,3.0296,1.02,0.5,0.3900000000000013,10.500000000000044,10.386508831092735,0,1
2082,i-80,10.367315417200002,4.73525047027403,0.2667999999999998,4.741512907613057,49.09000000000001,28.07,3.7032,1.38,0.26,0.4760000000000005,10.500000000000044,7.992501018493038,0,1
2082,i-80,11.9479059048,9.101224948304734,-0.7224,3.537517612273168,54.75679999999999,18.94,8.760200000000003,2.2,0.56,46.27,680.6,11.453528801631222,0,0
2083,i-80,7.3505434944,2.937992510614143,-0.1574,2.714961427169898,37.4856,12.56,3.6688,0.89,0.22,0.3459999999999986,6.899999999999977,14.366359846118408,0,1
2083,i-80,5.696589389999999,4.184890401347155,0.5858000000000001,2.5305795819156063,34.9204,12.56,6.8354,0.89,0.16,0.5919999999999994,8.79999999999999,3.910575917969639,0,1
2083,i-80,3.1399082536000003,2.0946527680195195,0.42,1.9303917335344032,29.9254,18.59,9.1512,3.28,0.0,0.5399999999999991,8.79999999999999,0.6664091358366352,0,0
2083,i-80,13.9519053704,12.03601916215989,0.5634,4.804900818700738,110.49080000000002,5.8,6.455799999999999,0.21,0.04,0.7,27.19999999999999,24.19220814101861,0,1
2084,i-80,7.466861645199999,4.013157578120908,-0.7070000000000001,4.26438083167428,38.581,15.46,4.340199999999999,1.79,0.32,0.3700000000000003,10.500000000000044,1.5514683599212504,0,0
2084,i-80,5.9750438612000005,3.049999618345764,0.35,3.162959735076355,38.596,33.11,5.2692,1.75,0.12,0.2480000000000004,8.800000000000026,1.088246489935595,0,0
2084,i-80,5.943816596800001,3.460897323544966,0.3517999999999999,3.531417412141406,41.2958,29.26,6.2438,1.75,0.14,0.4560000000000002,8.800000000000026,1.5443423095219506,0,0
2088,i-80,7.9964978676,4.2114508140099804,-0.3655999999999999,3.946142089149237,53.54159999999999,24.98,5.4286,3.1,0.0,41.596,628.1,7.013303746102976,0,0
2088,i-80,11.1860424716,8.934167267586826,0.4669999999999998,3.932832624073848,61.0738,3.87,4.628,0.3,0.26,61.74599999999999,1718.2999999999995,7.397769621849492,0,1
2088,i-80,12.689314798000003,10.987576346107687,-0.7532000000000001,4.592017670448829,67.108,3.87,5.179600000000001,0.3,0.3,80.32999999999998,1718.2999999999995,6.340055632151465,0,1
2089,i-80,6.897134524399999,3.38926718515872,0.4792,1.8456400250430245,41.1786,28.87,5.4118,2.62,0.22,1.5499999999999992,16.20000000000001,1.0978424899105794,0,0
2089,i-80,5.5168621652,3.506158413279528,0.1642,3.313281307164872,37.6334,24.35,8.366,2.42,0.22,0.918,16.20000000000001,5.34002032102684,0,0
2089,i-80,7.251952611600001,3.770147151046568,0.1072,3.4608009218110425,36.9918,24.35,6.462,2.13,0.42,0.4300000000000011,7.5,5.521154178951635,0,0
2089,i-80,5.5141348932000005,3.236040566955167,0.3494,1.927544075570078,35.9162,18.01,5.7946,2.13,0.24,0.2680000000000007,7.5,4.334049817904915,0,0
2089,i-80,4.849907797599999,2.717715174684764,0.4976,2.345636469911651,37.862,18.01,6.306199999999999,2.61,0.1,1.2499999999999991,30.0,1.2250626512925116,0,0
2089,i-80,5.2471349644,2.993637915076309,0.5760000000000001,3.311103151765685,34.7164,24.4,7.070799999999999,2.61,0.16,1.4719999999999993,30.0,1.161089108711019,0,0
2090,i-80,3.8862262364,2.0480643420353486,-0.8992000000000001,6.101328005325678,45.238200000000006,26.18,12.0284,3.4,0.0,0.4260000000000005,14.400000000000048,0.9737520566114878,0,0
2090,i-80,5.368634932,2.9167219123984154,-0.4588,5.224040441134835,44.8838,25.88,8.0558,2.26,0.04,0.1040000000000006,4.500000000000028,1.950339296907393,0,0
2090,i-80,9.2548611684,5.034544520921939,0.8881999999999999,5.567385965585278,68.29939999999999,25.88,6.810200000000001,1.9,0.06,0.7020000000000038,18.100000000000023,7.1257915067416215,0,0
2093,i-80,16.498904691200003,6.654192291516434,0.8403999999999999,4.889480570050152,60.73120000000001,33.11,2.8404000000000003,1.28,0.66,0.9139999999999986,19.200000000000017,9.215652086709074,0,1
2094,i-80,5.884771158000001,3.5107822218554983,-0.1325999999999999,3.635976588910061,43.6686,24.58,6.443199999999999,1.65,0.18,11.027999999999995,325.4,6.412446519138879,0,0
2094,i-80,10.697588056400004,8.737890763950544,1.341,3.822677899919193,43.25599999999999,28.17,4.691399999999999,1.27,0.4,20.97,333.49999999999994,6.962487521726993,0,1
2094,i-80,13.1804964852,11.344742888308934,0.9565999999999998,4.86173128229281,42.886,21.28,8.4484,1.27,0.44,23.19,436.6,7.195153626332839,0,1
2094,i-80,11.4155424104,11.196210064245182,0.5114,5.076927807166817,46.7308,8.63,9.0356,0.22,0.4,9.184,436.6,5.365181953701713,0,1
2095,i-80,11.257496998,11.650565520329964,-0.2295999999999999,5.459834773608268,38.793800000000005,24.03,5.306800000000001,0.86,0.3,0.1060000000000002,4.200000000000017,28.678712206884505,0,1
2095,i-80,5.875498433200001,4.511559425703923,0.1780000000000001,5.072095328403062,36.0254,24.03,5.594600000000001,0.84,0.2,1.093999999999999,35.99999999999998,5.816842490701692,0,1
2095,i-80,6.9706345048000005,5.128213613692565,-0.255,3.930116189797208,34.91,21.44,5.510800000000001,0.84,0.34,1.367999999999998,35.99999999999998,5.513289253268333,0,1
2098,i-80,8.1209978344,3.3789584732231024,0.2011999999999999,5.147482301165914,30.835800000000003,16.6,3.2340000000000004,1.14,0.56,0.6379999999999996,15.100000000000016,5.074176555655034,0,1
2098,i-80,7.276634423200001,4.667131912146646,0.1822,4.865287830485406,34.6782,16.6,7.908600000000002,1.36,0.4,1.0000000000000009,17.20000000000006,0.6927753954720307,0,1
2099,i-80,6.729543659999999,3.807680178850621,-0.7764,3.653148354222585,41.046200000000006,24.93,4.609399999999999,2.43,0.04,1.0700000000000025,34.40000000000012,1.5274342771525091,0,0
2099,i-80,5.2450895104,3.013593072786991,-0.0013999999999999,2.521467834578963,35.4472,24.41,5.285799999999999,2.7,0.1,0.6500000000000015,14.90000000000002,1.65261145772504,0,0
2099,i-80,4.698407837999999,3.543533727735477,0.7208,2.8956912677920874,40.628,21.89,9.3368,2.7,0.1,0.944000000000002,14.90000000000002,2.021147423255071,0,0
2101,i-80,11.417178773600002,4.585995918814466,-0.7826000000000001,4.338246052994981,42.5036,23.55,2.825,1.27,0.62,1.2340000000000004,24.80000000000004,1.2230942520459145,0,1
2101,i-80,8.8294067364,4.616744922104905,-0.3308,2.7343229136146974,36.15,22.28,3.1814,1.67,0.52,1.018,24.80000000000004,1.4057928730936204,0,0
2101,i-80,5.106135002000001,2.4843843826419687,-0.2573999999999999,2.176135696924383,31.8286,22.28,7.9262,2.08,0.22,0.6580000000000013,12.5,1.3881779036726156,0,0
2102,i-80,15.7416776204,8.821296916933271,-0.6196000000000002,4.782788854265866,45.7962,22.43,2.7184,0.95,0.76,0.2259999999999991,11.299999999999956,16.021987556403577,0,1
2103,i-80,6.5716346112,4.396882696228084,-0.6517999999999999,4.28560937490641,37.8694,16.71,6.757999999999999,1.91,0.12,0.9399999999999992,17.19999999999999,5.646726233231183,0,0
2103,i-80,5.2954076788,3.5770164704155105,-0.989,3.4355448428665487,32.982,13.28,7.223199999999999,1.91,0.14,14.038,356.29999999999995,12.875858165400478,0,0
2105,i-80,8.1214069252,5.507505388935733,0.0336,2.4875221340416123,41.882,25.89,4.2668,2.24,0.28,0.4340000000000003,10.399999999999991,10.170292658502598,0,0
2105,i-80,4.752816914399999,3.352344882422041,0.3312,2.455686977326761,30.410200000000003,10.06,6.8728,2.41,0.2,0.833999999999999,14.799999999999969,1.5313682045671395,0,0
2106,i-80,9.9312246244,7.973705046252117,1.16,3.7235083302866783,48.71499999999999,22.71,5.4644,1.68,0.4,4.456,222.8,5.739957813113833,0,0
2107,i-80,10.980678890000002,7.894180102007991,-0.851,3.6667737306570656,64.60640000000001,23.39,5.360000000000001,1.66,0.18,48.65599999999999,899.4999999999999,18.00476137797886,1,0
2107,i-80,12.8438147568,8.874379078308841,-0.499,4.155554556671034,64.37,26.53,3.494999999999999,1.65,0.34,55.666,1430.4,14.266047860023804,1,0
2107,i-80,7.034316306000001,4.510831863634423,-0.8823999999999999,4.800826272420111,36.4614,19.91,10.8012,1.65,0.3,0.5360000000000007,10.799999999999985,1.268028172609194,0,0
2109,i-80,5.862134800400002,2.7264628437711624,-0.1751999999999999,3.485158761353166,37.803,25.82,5.0002,2.86,0.06,0.5499999999999993,7.299999999999969,9.579646876879872,0,0
2109,i-80,7.343861678000001,4.481363543844928,-0.6768,3.866062406455985,45.74380000000001,1.02,5.3098,0.17,0.18,0.4739999999999995,7.299999999999969,2.562914753373828,0,1
2109,i-80,6.19772562,4.422384386973858,-0.966,3.4342696695608086,42.3624,1.02,6.137199999999999,0.17,0.16,0.1400000000000005,3.299999999999983,3.6281039364204255,0,1
2109,i-80,14.5899506548,12.32178047350867,-0.0657999999999999,4.698582109183013,43.6002,24.6,4.406200000000001,1.06,0.44,0.1260000000000005,3.299999999999983,23.552266716823844,0,1
2110,i-80,9.2725884364,5.22520785509269,0.2814000000000001,4.821021151040048,43.10620000000001,21.1,3.7278,1.88,0.4,0.2,10.0,7.686700164490319,0,0
2110,i-80,11.8675877444,5.115329169740087,0.6134000000000001,3.922495878693481,49.4326,23.71,3.3418,2.09,0.56,0.2439999999999997,10.0,30.245833870705,0,0
2110,i-80,16.6373137452,7.703415739255383,1.0096,3.604132526046472,68.0694,30.91,3.245000000000001,1.88,0.54,0.1960000000000007,4.200000000000017,19.87352757997021,0,0
2111,i-80,10.7217244136,4.808854074843352,0.33,3.4823602129965274,53.5212,21.99,3.4930000000000003,1.58,0.32,0.2539999999999978,5.500000000000007,1.1305324192699693,0,0
2111,i-80,12.4130421444,3.990741586459609,0.5253999999999999,5.512645651738614,64.2718,35.15,3.647,2.27,0.2,0.4559999999999988,13.400000000000034,25.258449988832798,0,0
2111,i-80,8.446497747599999,4.039037585945006,-0.1421999999999998,5.359958227829917,43.966800000000006,19.93,6.0998,1.95,0.32,0.7000000000000007,15.199999999999996,7.090299951082925,0,0
2111,i-80,8.661952235600001,4.2459554138582405,0.5329999999999999,3.1407481560277697,38.192800000000005,19.93,5.670599999999999,1.95,0.54,0.5880000000000003,15.199999999999996,0.7729931266690221,0,0
2111,i-80,7.385452576000001,5.14859876313946,0.4703999999999999,2.6582309292966606,33.5378,16.57,6.223599999999999,1.97,0.5,0.4360000000000006,7.299999999999969,0.8376753606236238,0,0
2112,i-80,16.2500411212,9.347318405446575,0.5608,3.9767548250772906,68.71740000000001,26.59,4.1728,1.66,0.52,20.420000000000005,545.6999999999999,17.34936423966043,0,0
2112,i-80,7.361861673200001,8.837390304233072,-0.2176,2.987024702179172,40.9818,18.39,10.9442,1.66,0.24,17.43,545.6999999999999,14.258570925630115,0,0
2112,i-80,6.0508620228,5.614604130863457,-0.1392,2.7855317449350343,46.619,18.39,10.6114,3.1,0.0,0.5599999999999994,20.30000000000001,1.4363942389873048,0,0
2113,i-80,21.2755852356,9.635236165506248,0.2465999999999999,5.942866280899568,109.2596,26.1,3.923,0.86,0.1,0.6459999999999979,32.2999999999999,22.68885255500721,0,1
2113,i-80,17.3450408292,10.240492377734226,-0.5192,4.211409594839975,71.3448,24.21,3.3750000000000004,1.59,0.46,0.7379999999999995,26.40000000000001,19.45149812183302,0,0
2115,i-80,12.767042050000002,10.885256106083055,-1.6586,3.987649816774849,53.9162,24.78,4.1114,1.87,0.42,26.61,736.0,19.211590825183784,0,0
2115,i-80,7.130589007600001,3.8818378722209466,-0.953,3.9811213936553616,43.198,18.2,4.853000000000001,1.19,0.24,0.7759999999999998,26.099999999999994,7.12029885281997,0,1
2115,i-80,6.362725576,3.925004579887526,-0.4146000000000002,5.045166694926128,39.5044,15.63,5.5148,1.19,0.22,0.7979999999999989,26.099999999999994,4.932503450188601,0,1
2115,i-80,5.518498528399999,3.056566220484056,0.5514000000000001,4.877578024773679,35.497,15.63,5.686999999999999,1.8,0.08,8.702,203.3,6.542221857617312,0,0
2115,i-80,9.2262248124,5.60555999136785,0.3551999999999999,3.9373430593925822,43.4716,27.52,3.7884,1.83,0.38,30.058000000000003,528.9,6.446260729908401,0,0
2115,i-80,14.300178004800005,6.982372579580085,-0.2067999999999999,4.484094539228036,56.7344,23.75,2.7854,1.32,0.68,50.636,528.9,5.918063393112477,0,1
2116,i-80,8.5903613456,4.745145956139108,-0.4744,2.6363070645840008,41.7886,4.15,4.9514,1.22,0.44,0.9599999999999994,13.900000000000006,2.6247936809881085,0,1
2116,i-80,4.4764078972000005,2.840312831004237,-0.1735999999999999,3.4648260315016435,36.147000000000006,4.15,10.8116,1.22,0.12,0.6259999999999991,9.399999999999975,1.8938045516895343,0,1
2116,i-80,5.3935894708,2.9277039996902903,0.2998,4.560607948195378,38.82939999999999,22.88,9.6558,1.64,0.16,19.896,576.4000000000001,6.037333544415996,1,0
2116,i-80,7.3549071296,2.4245067419686173,-0.0165999999999999,5.014087749449911,49.4558,22.75,5.1938,1.64,0.32,44.42,576.4000000000001,9.933266916081662,1,0
2116,i-80,9.072952126,5.93112406567601,-0.1815999999999999,4.173710902048386,64.1774,19.43,7.1946,1.21,0.32,51.864,708.5,10.50420580927818,1,1
2116,i-80,7.603634336,6.222528341963289,0.043,3.3172943548522635,75.91,19.43,10.348,1.21,0.14,27.69,708.5,7.447252806620324,1,1
2116,i-80,5.1474531728000015,1.7404637393137496,-0.0109999999999999,3.544200926031372,72.8496,43.98,10.2612,5.24,0.0,0.4899999999999977,6.400000000000006,0.6109467741271138,1,0
2116,i-80,5.6308621348,1.7453339587111871,-0.5159999999999999,4.514595378167509,68.3214,33.64,8.7306,5.24,0.0,0.0519999999999981,1.599999999999966,0.5575112862406589,1,0
2117,i-80,6.4583164596,4.431431074208653,0.4019999999999999,2.9470594129866923,38.3646,1.44,16.0654,0.55,0.2,0.2800000000000011,10.399999999999991,3.9490776211099,0,1
2117,i-80,3.497044522,3.392369850599493,0.9667999999999998,5.120951537855169,28.8628,1.44,20.3824,0.55,0.04,0.1280000000000015,3.6000000000000654,2.551928874400696,0,1
2117,i-80,4.521816976,3.40068520748634,0.5472,5.739272527320614,28.624,12.55,9.5386,2.07,0.2,0.2840000000000003,10.700000000000005,0.9396980168421888,0,0
2118,i-80,7.725134303600002,3.314964117400545,-0.0063999999999999,1.4086377266344812,47.7936,35.99,4.678800000000001,2.97,0.02,0.497999999999999,10.999999999999943,1.010675135839446,0,0
2118,i-80,5.764089372000002,2.7753597525958265,-0.2701999999999999,3.6925620163915935,39.6942,18.31,8.4856,2.78,0.02,0.5179999999999978,10.999999999999943,4.278774478797423,0,0
2118,i-80,19.1848585204,5.666407847460579,-0.6185999999999998,4.298341877742995,61.42139999999999,18.22,2.3364000000000003,1.4,0.86,1.093999999999999,22.20000000000006,2.814753156321244,0,1
2119,i-80,13.9934962684,6.873370603744011,0.3326,3.7399349606917074,46.183600000000006,25.87,2.9686000000000003,1.31,0.64,11.224,213.40000000000003,24.979753776796677,0,1
2121,i-80,9.1074521168,2.8514301459993003,-0.0426,4.026608848190563,47.1312,6.3,4.1482,0.5,0.24,0.5280000000000001,10.100000000000051,0.7722271802773998,0,1
2121,i-80,8.3378159584,3.724324755942128,-0.489,3.76771204866198,46.54619999999999,19.99,4.988200000000001,1.8,0.2,0.695999999999998,10.100000000000051,0.6101074515599525,0,0
2122,i-80,6.0324529368,3.830093177474594,0.0139999999999999,3.82283632281326,27.5444,10.26,7.778399999999999,0.94,0.38,3.471999999999998,163.59999999999997,4.416032206515211,0,1
2122,i-80,5.757271192000001,3.901613649895624,-0.001,3.111027292764647,33.4364,13.17,9.2296,1.15,0.16,10.324000000000002,330.20000000000005,1.4559550325249382,0,1
2122,i-80,7.157043546,3.413998686432964,0.047,3.024893487752073,37.8074,17.95,5.1814,2.23,0.2,27.934000000000005,346.29999999999995,3.9297479913488353,0,0
2122,i-80,11.8797241048,6.124967187093967,0.1002000000000001,4.07017799841426,59.499,24.73,3.2290000000000005,1.5,0.44,87.29,916.0,4.954876427174692,0,0
2122,i-80,9.6466337912,6.732990969040115,0.1243999999999999,2.6763790341978617,49.64980000000001,16.35,7.825399999999998,1.8,0.32,0.5479999999999983,16.699999999999946,1.5565978129974911,0,0
2123,i-80,10.7848607604,5.988812021585408,0.5556,5.206294526232409,40.0626,18.66,2.9066,1.24,0.6,0.8780000000000001,18.100000000000023,7.922248048015519,0,1
2123,i-80,10.244997268000002,6.137766137059387,0.8884000000000001,5.030161420706829,42.3918,19.7,3.2636000000000003,1.25,0.52,0.4720000000000006,18.100000000000023,4.652265824261533,0,1
2123,i-80,6.270134691599999,3.8287658358136527,0.8741999999999999,4.453411941238689,30.2484,19.06,3.7508,1.5,0.38,0.1399999999999998,3.79999999999999,11.41532490189913,0,0
2123,i-80,5.658680309199999,3.489450733410405,-0.3328,4.374309060309073,30.439,19.06,4.9928,1.5,0.3,0.3820000000000007,17.30000000000004,1.1595100874322497,0,0
2123,i-80,4.2441806864,2.7826134079808056,-1.2266,4.890087687540658,32.2552,23.04,16.549599999999998,2.23,0.16,0.434000000000001,17.30000000000004,1.6600272297987977,0,0
2124,i-80,19.0339040152,9.37485716436066,0.6891999999999999,3.574450629974129,54.0386,25.91,3.357,0.94,0.76,0.4819999999999993,14.899999999999949,1.2780761300821302,0,1
2128,i-80,9.5117701908,7.128736087944671,0.0933999999999999,3.175416161059581,50.4026,13.79,4.3462,1.82,0.2,0.1720000000000013,4.000000000000057,1.4665661078081096,0,0
2128,i-80,9.7182246812,7.640256785206651,0.0731999999999999,3.9719585668965447,55.5026,16.15,6.4998000000000005,1.89,0.06,0.3079999999999984,4.000000000000057,18.215132501784087,0,0
2128,i-80,9.1550430132,6.896978048212339,0.4954,4.244926484303686,36.8564,18.83,6.002800000000001,1.08,0.42,0.2279999999999972,3.500000000000014,13.9770131240913,0,1
2130,i-80,8.3866341272,3.790104388555519,-0.0887999999999999,3.7517808778101687,31.516800000000003,15.93,5.909799999999999,1.48,0.76,1.1219999999999992,16.599999999999966,0.9536862625344558,0,1
2130,i-80,7.852497906,4.216608785616482,-0.4357999999999999,4.707950327447634,36.2304,17.88,7.3801999999999985,2.14,0.5,0.4819999999999993,10.299999999999976,0.7132625028411236,0,0
2131,i-80,5.8182257212,2.7318001078104417,-0.1879999999999999,2.778392575955106,83.02740000000001,68.8,11.6072,5.67,0.0,0.4220000000000027,7.5,1.1624775238555745,0,0
2131,i-80,4.2222261468,1.1992062904035548,0.3182,2.0698917353133157,86.535,73.26,14.7232,9.66,0.0,0.1660000000000025,4.400000000000119,1.0616206757517834,0,0
2131,i-80,4.0403171044,1.1347270731759311,0.4921999999999999,2.2961665391495893,77.73800000000001,22.68,13.5364,4.46,0.0,0.3519999999999996,10.099999999999907,1.2470306485276723,0,0
2132,i-80,15.194314130000002,11.23523451409555,0.2628,3.661426085501637,54.457,3.18,3.5144,0.09,0.42,6.485999999999994,292.4,19.607844749143915,0,1
2132,i-80,4.5400896984,3.45394480122748,0.236,3.585594192638887,37.1734,24.54,19.702800000000003,2.39,0.1,0.3239999999999988,3.79999999999999,1.4854852984249742,0,0
2132,i-80,6.798407278000001,4.710666747019159,0.6576000000000001,5.528504082277149,49.57860000000001,24.54,16.438200000000002,2.05,0.08,0.0700000000000002,3.1000000000000227,6.333619203802476,0,0
2132,i-80,7.0823162932,4.318946619671058,0.5258,5.539967247379791,47.9938,21.95,8.1462,2.05,0.1,0.0620000000000004,3.1000000000000227,5.3416466072872,0,0
2132,i-80,5.4065440128,3.0477468369607257,0.6822,3.661298024538538,38.5386,20.15,8.854800000000003,2.72,0.08,0.302000000000001,8.100000000000023,1.802497118682064,0,0
2132,i-80,5.900589335600001,3.1614081184985965,-0.3789999999999998,5.307789135808249,36.5052,18.53,7.046800000000001,2.38,0.16,0.6500000000000015,10.9,1.6800275221263616,0,0
2133,i-80,6.614180054399999,3.028992535716068,-0.4909999999999999,2.9567744767097897,42.8958,24.07,5.7452,2.41,0.04,0.7959999999999979,12.40000000000002,0.9672260797702644,0,0
2134,i-80,10.927633449600002,5.693067405217629,-0.6521999999999999,4.6013082833437,46.881800000000005,1.92,3.7722,0.24,0.54,0.4059999999999988,13.900000000000006,25.38518292715059,0,1
2135,i-80,13.6610418116,9.190311004387915,0.4778,2.7456431460978834,59.904,13.11,3.945,0.66,0.48,55.744,736.3,28.300932108028974,0,1
2135,i-80,10.6543607952,7.658268337695725,0.3843999999999999,3.5780887384759144,51.9768,21.0,5.7334000000000005,2.11,0.42,2.75,82.80000000000001,21.612272201455266,0,0
2136,i-80,17.9683588448,10.526246616959396,-0.9072,4.954406012709849,100.692,34.93,3.907,2.31,0.3,0.7079999999999955,12.89999999999992,17.69970109431691,0,0
2137,i-80,9.0602703112,5.700300792787304,0.0861999999999999,4.268526912179423,65.965,24.0,5.977800000000001,1.66,0.16,9.308,435.5,6.961111902181568,1,0
2137,i-80,6.233589246799999,1.7637864670014172,-0.01,2.4919028054554486,53.741800000000005,17.82,5.889200000000001,2.74,0.04,1.641999999999995,15.300000000000011,1.3428549975666757,1,0
2137,i-80,5.308089493600001,2.5623568560724026,-0.1558,3.018491372070708,31.6914,7.51,4.550800000000001,2.56,0.14,1.4279999999999973,15.300000000000011,0.5477616210263254,1,0
2137,i-80,6.6819527636,4.5616207364517365,0.0077999999999999,4.728606081012433,32.7294,7.51,4.412,1.21,0.32,0.7119999999999983,16.199999999999974,0.6897745118100969,1,1
2137,i-80,6.510816445600001,4.151878915754477,-0.135,5.067831823152294,33.4988,21.42,4.359,1.21,0.24,0.6879999999999974,16.199999999999974,1.402975969509246,0,1
2137,i-80,5.271680412400001,2.082314211688196,-0.2512,3.802404523885551,40.1274,15.09,6.197800000000001,2.66,0.24,0.4359999999999999,3.79999999999999,1.1039850997219858,0,0
2137,i-80,5.8092257236,1.8196158557464268,-0.2458,3.0301963902138924,55.19480000000001,15.09,7.7118,2.66,0.24,0.9880000000000024,10.100000000000051,1.0378477394127146,0,0
2138,i-80,14.470087050399998,9.331599869801607,-0.8106,5.036689636040316,48.23080000000001,23.0,7.061599999999999,1.3,0.6,21.584,416.7000000000001,1.1165766990663737,0,1
2138,i-80,8.929224891599999,5.04507521309448,-0.8725999999999999,4.483553988450115,44.5714,23.0,7.2554,1.54,0.38,0.6659999999999997,12.20000000000006,1.3359266697460512,0,0
2138,i-80,7.5050434532,4.085814573124621,-0.1332,3.5714688226303206,56.33559999999999,25.69,15.9066,2.52,0.12,0.4420000000000001,12.20000000000006,1.1063510770611134,0,0
2138,i-80,8.524770454,3.6908630451357087,0.4367999999999998,3.416559577548557,57.853,30.74,12.7986,2.52,0.1,0.3539999999999992,10.0,0.8340696990402795,0,0
2138,i-80,8.387315945200001,2.9013216201673413,-0.2821999999999999,4.969177770445098,54.79859999999999,30.09,5.3386000000000005,2.92,0.02,0.497999999999999,10.0,1.5644054650836765,0,0
2138,i-80,6.806589094,3.6313142381006767,-1.1096,5.673622806911121,52.1926,26.61,8.1188,3.34,0.0,0.6719999999999999,20.500000000000043,0.958964894550156,0,0
2139,i-80,4.725544194399999,3.0617013209320763,0.1891999999999999,3.64150778370382,38.6792,23.01,11.200399999999997,3.0,0.0,0.3039999999999992,14.099999999999966,1.209497129608257,0,0
2140,i-80,14.0944053324,12.210732004981685,0.4531999999999999,4.273317518304122,60.787600000000005,16.36,3.7156,1.91,0.5,47.006000000000014,1067.1999999999998,27.07186751580817,0,0
2140,i-80,10.9924061596,6.3616618198044765,0.6698000000000001,3.3808129018848443,56.1546,14.13,4.2144,1.51,0.5,0.152000000000001,7.600000000000051,5.628950014243967,0,0
2140,i-80,11.646815076000005,5.291909762887154,0.4605999999999999,2.992991411921647,51.47459999999999,19.48,3.372,1.21,0.68,0.3580000000000005,7.600000000000051,13.566765007208474,0,1
2141,i-80,17.269768122000002,11.702106693653812,0.626,4.640368563828014,64.7494,32.73,3.4314,1.66,0.44,1.4939999999999969,23.499999999999943,32.77966226022297,1,0
2141,i-80,12.1858603868,9.01081857231271,1.1898000000000002,4.615700132621888,58.7212,26.03,4.4732,1.83,0.44,26.596,484.69999999999993,10.976512133754008,0,0
2141,i-80,12.752860235600002,11.77566240716623,0.5307999999999999,4.666342727337929,72.5014,2.69,11.011399999999998,2.22,0.42,59.162000000000006,848.5000000000001,6.357378566930343,0,0
2142,i-80,9.4478156624,7.512989035832425,-0.3708000000000001,4.060622672669294,45.68500000000001,21.5,5.6972000000000005,1.66,0.2,14.291999999999998,430.0999999999999,10.094295337203777,0,0
2142,i-80,7.082998111200001,3.7693157535991264,0.0707999999999999,4.458023649235483,36.656600000000005,21.5,5.5474,1.9,0.34,9.183999999999996,430.0999999999999,0.7606701849054434,0,0
2142,i-80,8.1943614512,3.1345053576837207,-1.0484,5.164369831363943,36.7744,16.83,3.9254,1.9,0.56,1.1040000000000014,15.499999999999972,0.6386255790399264,0,0
2143,i-80,26.47968043875,4.524086364303734,0.3506250000000001,5.45673596014226,90.2946875,37.59,2.2659375,1.14,0.90625,0.4499999999999993,9.599999999999936,0.8244560664120002,1,1
2144,i-80,8.613815884800001,4.8240988706861145,-0.5019999999999998,4.54841439068471,47.141000000000005,8.99,4.8022,0.63,0.18,1.0259999999999976,21.499999999999982,12.58564872804395,0,1
2144,i-80,9.1583157396,4.969315254768359,-0.2945999999999999,5.173277179458897,52.7382,8.99,5.2924,0.63,0.18,0.9280000000000002,21.499999999999982,17.46063130896919,0,1
2144,i-80,6.0921801936,2.948505105894904,0.4140000000000001,4.180278772073089,40.788,19.98,5.5202,2.24,0.04,0.3959999999999993,6.300000000000026,1.3509955911648783,0,0
2144,i-80,5.6082257772,1.7064309005624363,0.3665999999999998,4.002107409139055,35.6984,19.98,4.5208,2.24,0.04,0.4079999999999984,7.399999999999949,1.7204944927525443,0,0
2145,i-80,7.1888162648,3.810512775561059,-0.7880000000000001,5.766329430585874,27.158,14.2,5.0904,1.08,0.62,0.2040000000000013,4.400000000000013,0.7493657522280057,0,1
2145,i-80,6.8499527188,3.086431787777902,-0.1062000000000001,4.883990460302573,30.656,14.47,5.246,1.58,0.46,0.2100000000000008,3.3999999999999986,1.6959590966621276,0,0
2146,i-80,10.1585427456,6.545511478988491,-0.4104,4.618089966509478,56.99099999999999,32.23,4.7006,2.71,0.16,39.256,574.5999999999999,17.49326987369364,0,0
2146,i-80,13.664859992400002,8.806253983135282,-0.1774,4.994454398099343,69.3412,31.53,4.438,2.32,0.28,47.676,574.5999999999999,17.681115212080293,0,0
2146,i-80,12.094087684000002,7.934221554726846,0.616,4.915450443369813,64.83319999999999,20.62,5.0188,2.12,0.28,10.934,546.7,16.68166667419594,0,0
2148,i-80,8.2468614372,4.897642701665025,0.1586,4.156197246404507,49.266200000000005,25.66,5.903799999999999,1.24,0.28,0.0959999999999993,2.5,7.759999466231835,0,1
2148,i-80,5.4628621796,3.059474552265398,0.6614000000000001,3.734052353622246,67.148,25.66,13.474799999999998,3.43,0.0,16.166,804.7,5.8135278200319735,0,0
2148,i-80,9.5949519868,7.327835916206156,0.4955999999999999,3.031828545041855,76.7728,43.01,11.5118,1.91,0.12,16.116,804.7,6.202083370866895,0,0
2148,i-80,7.551816168000001,4.656952111864064,0.0218,3.612254477215478,44.0172,26.41,5.0004,2.12,0.18,22.15,350.6,12.09822835275935,0,0
2148,i-80,5.722771201199999,3.1656760605622662,0.2679999999999999,3.928981796748831,43.4072,28.77,6.251400000000001,3.3,0.0,0.7040000000000006,13.599999999999994,0.7773927633901851,0,0
2148,i-80,5.7464984676,2.748925145055747,-0.1062,4.255237296435957,41.959,24.22,5.942399999999999,3.3,0.0,0.8520000000000003,13.599999999999994,1.0701758962804158,0,0
2149,i-80,10.901178911199995,7.65846513504453,0.3051999999999999,4.98266023529682,55.69700000000001,26.97,5.244400000000001,1.38,0.24,0.6779999999999966,10.499999999999972,3.938291540342677,0,1
2149,i-80,6.458861914,2.4417572611536404,-0.5192,4.56317148930613,40.2092,26.97,5.574,2.52,0.1,0.4339999999999975,8.300000000000018,5.725919141224118,0,0
2149,i-80,10.754588041199998,4.6420844642997325,-0.2284,4.778147689946259,44.417,29.86,3.321400000000001,1.58,0.54,0.6399999999999985,11.899999999999975,11.25336582437196,0,0
2151,i-80,6.5076800828,3.0559790064489016,0.2221999999999999,4.153062941482872,24.40000000000001,15.65,2.9834,1.04,0.56,0.1600000000000001,8.000000000000007,4.185280767213612,0,1
2151,i-80,5.3789985656,2.556792394132044,-0.0749999999999999,4.519889943576151,25.498,15.65,8.0832,1.43,0.46,0.3039999999999992,7.199999999999989,1.454493870171802,0,1
2152,i-80,12.608996637600002,4.357379871644272,1.0294,5.305949456285186,52.0936,8.6,2.8084,1.16,0.62,1.0899999999999976,23.299999999999983,6.466071276679683,0,1
2152,i-80,11.1126788548,4.312774029059108,0.8122,4.7895397461125455,56.1554,34.36,3.8486,1.75,0.34,0.261999999999999,11.299999999999956,7.895134740135724,0,0
2152,i-80,8.358815952800002,4.098294640969285,-0.3639999999999999,5.766484091325511,55.13040000000001,23.77,5.9598,2.14,0.08,0.3459999999999993,8.900000000000006,3.5286831505737184,0,0
2153,i-80,5.0586804692000005,3.070492253157058,-0.4772,3.811666859117932,31.4798,15.08,6.983799999999999,1.74,0.22,1.0439999999999998,10.199999999999996,1.434605403330583,0,0
2153,i-80,5.6158621388,4.199811301318433,0.1382,3.5086980491344653,33.9438,15.08,7.1984,1.96,0.22,3.1079999999999988,82.29999999999997,19.92237182629885,0,0
2153,i-80,12.7217693348,7.623401403653374,0.1366,3.195927006139444,48.1764,31.5,3.4375999999999998,1.53,0.44,12.108000000000002,218.70000000000005,24.686601866492158,0,0
2153,i-80,20.306449130400004,9.604051404851056,-0.0368,3.572110472044474,55.92139999999999,26.54,2.3440000000000003,1.34,0.72,19.998,514.3000000000001,21.13931060418007,0,1
2153,i-80,16.4308592548,11.269811052964444,-0.3394,3.824577559705657,54.9564,26.54,2.9530000000000003,1.34,0.56,40.322,1458.9,32.94812086657397,0,1
2153,i-80,13.157996491200002,7.219036689527006,-0.0286,4.143729962244162,57.6022,26.79,3.1140000000000003,1.89,0.54,39.852,1458.9,10.484983210092343,0,0
2156,i-80,8.899906717600002,7.874252369402543,-0.2672,5.28700757923205,63.6912,24.8,9.4924,2.81,0.04,20.934,876.9,10.308478659089223,0,0
2156,i-80,6.1940438028,3.760935455571031,-0.6480000000000001,5.753571384233395,49.417,29.42,13.391800000000003,2.81,0.04,0.0019999999999996,0.0999999999999801,1.1952586380515036,0,0
2158,i-80,4.2019079704,3.1383695100826072,-0.2841999999999999,3.107251617144144,33.2502,16.54,14.0746,2.27,0.14,0.3060000000000002,12.5,1.6370421446209948,0,0
2158,i-80,5.031816840000001,3.461886079729951,0.0041999999999999,3.2996988669036,36.6794,18.33,12.827200000000005,2.24,0.12,16.247999999999998,163.3,12.010651562216747,0,0
2158,i-80,7.072907204800001,4.273888042304928,-0.3474000000000001,4.061637254072976,38.5426,25.16,11.7114,1.86,0.34,26.232,354.2000000000001,13.356645539848053,0,0
2158,i-80,9.4829974712,5.953049362927285,-0.3638,3.042505606789729,42.2028,28.33,10.934400000000004,1.59,0.5,32.31400000000001,354.79999999999995,13.350132762834464,0,0
2158,i-80,15.952495746,9.139234669154623,-0.2949999999999999,3.6372479223967664,54.95459999999999,29.63,2.9472000000000005,1.53,0.56,34.784,354.79999999999995,16.361736852766693,0,0
2159,i-80,11.1459515732,8.659196280119254,-0.7659999999999999,5.495246925799623,55.3084,2.45,5.005599999999999,0.23,0.14,13.515999999999998,662.5,2.0676576735770458,0,1
2159,i-80,5.816589358,3.7414469796276975,0.0423999999999998,4.6176235428706685,44.20579999999999,25.26,9.7254,2.71,0.04,0.311999999999999,9.299999999999995,0.8936493345049973,0,0
2159,i-80,3.2892263956000005,2.721719999399302,0.0271999999999998,4.491404961770008,35.716,24.51,15.0846,2.57,0.06,2.0879999999999987,88.79999999999998,13.016829942996797,0,0
2159,i-80,6.611998236800002,4.400121585351708,0.1144,4.257259423140475,40.29359999999999,24.51,9.3812,1.71,0.26,19.84,236.0,14.503934561591858,0,0
2159,i-80,12.1258604028,5.136837126171277,-0.5337999999999999,5.1578071950417534,43.0728,28.01,2.8618,1.03,0.54,19.768,236.0,15.053003461768022,0,1
2159,i-80,5.4829076288,3.56483494324999,0.4555999999999999,4.879898025030224,36.4866,19.69,7.892599999999999,1.99,0.16,0.1399999999999991,4.699999999999989,1.171248216778204,0,0
2159,i-80,4.763180547999999,3.359595566123017,0.5766,4.787752917601325,33.0432,16.3,8.2524,1.99,0.12,0.6180000000000007,11.000000000000014,1.6988205493151742,0,0
2160,i-80,9.2191339052,6.009022225630385,0.0802,4.185715012189113,39.7372,20.96,4.100599999999999,1.65,0.48,12.794,439.1,19.123584705204795,0,0
2160,i-80,12.680723891200005,8.355592869639779,0.1766,4.111457167576518,42.1932,19.73,2.831200000000001,1.67,0.68,40.122,446.2000000000001,18.865743395836567,0,0
2160,i-80,13.9838144528,8.872636165142808,-0.0547999999999999,4.233495800621225,45.74079999999999,18.32,3.3038,1.67,0.78,56.788,493.7,18.979374453047168,0,0
2162,i-80,7.2076344416000016,3.730382587578232,0.1837999999999998,5.213849253748744,35.156600000000005,21.99,6.1608,1.7,0.44,0.352000000000001,7.800000000000011,2.567937778269019,0,0
2164,i-80,7.531770718800001,3.4013110741464616,-0.4842,4.170152001340684,41.14019999999999,23.75,4.1896,2.53,0.08,1.179999999999999,17.900000000000027,1.29345393471298,0,0
2164,i-80,7.6993615832,3.170324742956065,0.8386,3.2993833746718835,41.4642,23.75,4.1422,2.57,0.12,1.5339999999999998,19.90000000000002,1.51240792480746,0,0
2165,i-80,13.515950941200002,10.795269636960642,0.3814,4.182672717440906,51.4468,28.92,4.4014,1.52,0.4,1.2339999999999989,23.700000000000045,12.014803452832846,0,0
2165,i-80,4.3703170164000005,2.314799719867842,0.1928,2.790015755935322,49.6638,28.92,12.5702,3.28,0.0,0.1560000000000002,4.100000000000037,0.3985269043231437,0,0
2165,i-80,4.5301351556,2.5547463797049046,0.1215999999999999,3.2690536357590383,51.5326,32.41,16.686399999999995,3.62,0.0,0.4760000000000019,15.300000000000011,1.1136515926428328,0,0
2165,i-80,4.7785896348,2.4418403145528207,0.105,4.052272353197623,40.256800000000005,22.82,12.6458,3.56,0.0,0.918000000000002,15.300000000000011,1.100475819352516,0,0
2168,i-80,4.8473168892,3.4669034062762347,-0.322,4.752962126883806,34.7856,24.56,9.4064,2.53,0.08,0.6979999999999983,16.599999999999966,1.1891132391451222,0,0
2169,i-80,15.786132154000002,7.891345137121746,1.2838,5.612417315422025,90.5362,20.57,4.017,1.58,0.28,75.478,1120.7999999999995,11.54822164206618,0,0
2169,i-80,10.3137245224,8.79230147039584,-0.1675999999999999,4.6666587968835485,67.8862,11.62,6.821600000000001,2.96,0.04,73.666,969.1,10.889893797499418,0,0
2170,i-80,9.2271793576,5.963910602326023,-0.3396,4.987301000070691,53.1878,24.94,5.1266,1.95,0.32,32.112,1590.3,10.794388433471026,0,0
2170,i-80,5.2918622252,3.984260967294851,0.0943999999999998,3.8878839320879615,35.095,24.94,9.246,1.99,0.22,0.5279999999999987,18.399999999999963,1.7219792006139154,0,0
2170,i-80,5.964952954800001,3.825695767816231,0.3865999999999999,4.33872294293035,37.444,22.95,9.4916,1.75,0.14,3.103999999999997,92.8,1.115079182875204,0,0
2170,i-80,7.749543388000001,3.045401639472721,0.2737999999999999,4.122027384079591,43.576800000000006,22.95,5.951399999999999,1.75,0.16,11.876,251.0,0.9967208114203128,0,0
2170,i-80,5.523407618,3.880474743887775,-0.2951999999999999,3.809036109258175,38.646800000000006,3.76,10.9784,1.68,0.14,9.82,251.0,3.091637819694161,0,0
2170,i-80,9.9578155264,7.406101506096905,0.1005999999999999,3.446630658767949,42.5902,3.76,9.3752,1.62,0.48,0.6819999999999986,20.0,5.761635757707164,0,0
2172,i-80,12.9730874496,8.924764027229461,-0.0745999999999999,4.554883098479732,47.5146,10.74,11.1276,0.25,0.5,8.394,144.10000000000002,0.9587870313206012,0,1
2172,i-80,8.4601341076,4.071838673906992,-0.502,2.857005710994128,49.5004,22.02,6.698799999999999,1.87,0.34,1.145999999999998,14.099999999999966,1.2438090443373977,0,0
2172,i-80,8.60454316,4.024122139932731,-0.3027999999999999,3.322425374232947,47.5626,24.04,9.4734,2.13,0.34,1.5479999999999976,14.099999999999966,1.306807876671476,0,0
2173,i-80,5.4774530848000005,3.150916658595936,-0.1458,4.924383765445962,41.1854,23.56,7.469399999999999,2.1,0.1,0.2639999999999986,11.599999999999966,0.8632834521612875,0,0
2173,i-80,5.4383167316,3.382167341648357,-1.233,4.056267636985649,43.20819999999999,24.57,8.2214,2.3,0.08,0.3059999999999981,5.999999999999943,0.6956122377489649,0,0
2173,i-80,6.1420892712000015,2.996987809984286,-1.2012,3.7151425605080015,38.5572,25.32,5.6802,2.3,0.08,0.6659999999999989,10.700000000000005,0.8584887946923041,0,0
2174,i-80,9.0290430468,5.001055863818645,0.2706000000000001,5.252879641740542,55.3182,32.65,5.3812,1.53,0.18,0.3040000000000006,7.700000000000031,4.925495115110723,0,0
2175,i-80,13.6509509052,9.666434747398624,0.2938,4.627036293043622,68.3476,24.49,4.3478,2.08,0.32,10.884,280.8,29.297595837849208,0,0
2175,i-80,19.501631163200003,9.714370402024636,-0.2504,4.61961565677563,87.47519999999999,27.76,3.8572,2.34,0.48,52.206,910.8,27.88442400300181,0,0
2175,i-80,8.601543160799999,5.971953519331553,-0.2704000000000001,3.464824382273941,44.594800000000006,19.9,4.6646,2.56,0.22,20.904,573.1999999999999,19.75737608395551,0,0
2181,i-80,7.363498036400001,4.199864811533274,-0.7864,3.696714901263619,37.8388,23.56,4.9412,2.21,0.38,0.484000000000001,13.70000000000001,1.014995971842816,0,0
2181,i-80,5.2379986032,4.366025595770332,-0.4402,2.0140886327091376,31.974,13.68,10.636399999999998,2.24,0.26,0.5260000000000012,6.100000000000065,1.483372811520821,0,0
2183,i-80,12.049905877600002,8.784022508837982,-1.1446,3.6736975812343817,26.640200000000004,6.01,1.9648,0.34,0.82,0.4239999999999987,8.699999999999974,8.40085951666706,0,1
2183,i-80,14.194768942,6.995241956629379,-0.1754,4.067721224369201,34.0434,12.42,1.9048,0.34,0.86,0.4719999999999977,10.499999999999972,9.891756678473364,0,1
2184,i-80,8.162997823200001,4.1766746345830565,-0.4182,2.5208515648972467,97.2026,51.01,9.684,1.3,0.02,0.2460000000000008,5.300000000000011,2.871666821956637,0,1
2184,i-80,6.455452824,1.6267232585799318,-0.6152000000000001,3.419649844826877,97.2744,79.81,11.6714,6.51,0.0,0.0579999999999955,2.2999999999998977,0.8731943552502021,0,0
2185,i-80,17.5999043976,9.940660252572624,-0.9088,4.45425347738724,52.97959999999999,25.98,2.8552000000000004,1.27,0.74,34.228,593.0,1.5200806068852308,0,1
2185,i-80,5.779362095200001,4.213351029255088,-0.4796,4.381858686792673,32.7036,20.96,6.706800000000002,1.26,0.18,0.1980000000000004,4.100000000000037,22.7466095714576,0,1
2185,i-80,6.504680083600001,3.7297522811276154,-0.0071999999999999,4.382419441731394,31.223,21.68,3.8651999999999993,1.26,0.28,0.3440000000000012,6.700000000000017,19.126716178045573,0,1
2185,i-80,6.6433618648,4.0094797531602815,0.7744,3.781560610787724,30.948,16.7,5.742399999999999,1.67,0.38,0.352000000000001,6.700000000000017,5.3721934440606445,0,0
2185,i-80,9.1704521,5.5341432535401065,-1.0002,4.738229881312563,39.9362,16.7,5.5924000000000005,1.67,0.48,0.3900000000000005,7.59999999999998,1.0354282807079376,0,0
2186,i-80,12.9617692708,9.326185323214878,-0.4082,4.754810535078112,50.29459999999999,25.06,3.338,1.23,0.46,46.784,722.8,10.05920632242638,0,1
2186,i-80,8.910270351200001,6.605620406907172,0.1023999999999999,3.959989466075456,45.0144,22.56,4.459,1.6,0.22,13.34,373.7,6.984449882534246,0,0
2186,i-80,4.557271512,3.0288845247074803,0.0339999999999999,3.181814397029289,34.037200000000006,17.62,7.1096,3.17,0.0,0.6600000000000001,9.90000000000002,1.1069082781904418,0,0
2186,i-80,6.3666801204000025,4.296611978756157,-0.0365999999999999,2.515635684664849,33.767,17.62,5.9106,1.95,0.2,3.718,155.79999999999998,14.864779952736107,0,0
2186,i-80,13.305269179200002,7.434868902375886,0.0014,4.533107241761011,45.04060000000001,24.21,2.7140000000000004,1.51,0.56,5.838000000000001,155.79999999999998,17.583762306068817,0,0
2186,i-80,18.7134495552,7.367846212286024,-0.6332,5.419036905169758,50.1142,24.21,2.057,1.38,0.86,2.7700000000000014,117.20000000000006,16.18610906467238,0,1
2187,i-80,14.1598598604,12.053785669172935,0.1315999999999999,4.846140631513716,43.7056,16.51,3.1306,0.89,0.42,8.027999999999997,341.90000000000003,7.003572605055631,0,1
2187,i-80,12.605451183999998,5.996071601647042,-0.8764000000000002,4.936349456752801,47.96240000000001,19.27,3.3322,1.81,0.78,1.0060000000000002,22.89999999999999,13.467825723280392,0,0
2187,i-80,18.2068587812,6.219082504025871,-1.1028,3.183202751177192,52.4112,30.78,2.3436,1.26,0.94,0.5219999999999999,9.200000000000015,10.095452131145237,0,1
2188,i-80,11.2379970032,8.659461171611627,-0.2652,4.347932297691182,33.467600000000004,15.64,3.1432,0.98,0.7,24.784,381.4,17.287148843057977,0,1
2188,i-80,10.549769914000002,4.102884725207453,-0.0641999999999999,4.11494989182674,47.5296,21.58,3.4954,1.27,0.46,0.0880000000000009,3.200000000000003,1.751867992417563,0,1
2188,i-80,13.137405587599998,3.834127160214595,0.1296000000000001,4.386055808014806,54.8332,21.58,2.9052,1.67,0.58,0.4180000000000007,20.700000000000003,5.796414402447254,0,0
2189,i-80,12.0878149584,8.466546687206003,0.1736,4.8704564425917685,59.70439999999999,22.46,3.816,2.07,0.38,12.012000000000002,397.30000000000007,17.054475752010624,0,0
2189,i-80,4.4554079028,4.233494323178662,0.0003999999999999,3.641700073945057,34.4354,15.73,13.0814,2.87,0.06,1.9940000000000029,73.80000000000003,8.510456483979828,0,0
2189,i-80,10.5160881048,6.33993027069096,0.7082,3.8154464205064,48.709,23.05,7.2124,1.72,0.34,6.596000000000003,82.89999999999999,17.224331782601695,0,0
2189,i-80,13.962814458400002,7.897599143084315,-0.7696000000000001,5.033814620409959,60.0358,8.32,3.1028,0.24,0.3,36.062000000000005,819.2000000000002,7.447056808716105,0,1
2189,i-80,12.319769442000002,6.769589745299216,0.1516,4.1287436246838265,63.278400000000005,28.02,3.9504,1.9,0.1,36.318000000000005,819.2000000000002,5.408953480733097,0,0
2189,i-80,6.8502254460000005,4.970979000017275,-0.2336,4.65737017850115,39.362,19.86,5.9216,2.15,0.2,0.4319999999999986,5.499999999999972,0.6765709809361455,0,0
2192,i-80,15.7183594448,7.983298333917523,0.3003999999999999,4.680735141982267,45.816,8.12,2.7318,0.27,0.66,20.018,261.8,5.55340364409843,0,1
2192,i-80,16.985450015999998,8.78033458236244,1.9362,5.643275532409691,47.8896,8.12,3.03,0.27,0.68,17.166,372.3,4.88533132504953,0,1
2192,i-80,12.824314762000002,8.734780673505258,1.3283999999999998,5.29980799036096,47.1532,18.8,3.8772,1.42,0.48,13.326,372.3,4.754496283497961,0,1
2192,i-80,6.5751800648,3.4046560676571977,0.1775999999999999,4.104740196605951,40.333400000000005,18.8,7.721400000000001,1.85,0.16,1.961999999999999,52.5,1.8327998125985347,0,0
2192,i-80,7.784588833200001,4.495006322425203,0.5575999999999999,4.466628898205638,47.1676,27.36,7.5736,2.77,0.1,0.4740000000000009,13.500000000000014,1.3783701349708617,0,0
2193,i-80,7.1060435596,7.230278665165735,-0.519,1.426244175791646,46.38539999999999,23.43,7.349599999999999,2.56,0.2,27.322,723.4000000000001,15.759319369380217,0,0
2194,i-80,16.439313798,10.172206780903725,0.2682,4.011303767899827,90.1538,21.15,3.9014,2.22,0.14,0.3359999999999985,15.0,7.175705737146866,0,0
2194,i-80,7.061043571600002,3.979205572073816,-0.0592,4.1338724445433845,41.2434,21.15,5.1312000000000015,2.22,0.24,0.1419999999999987,5.0,0.9863070060605272,0,0
2194,i-80,5.3128622196,4.614866464024693,0.1978000000000001,3.784210100091253,40.9464,24.59,10.0388,2.86,0.12,0.3120000000000004,5.0,0.7164655882759989,0,0
2195,i-80,17.342722648000002,9.250974322313455,0.695,5.129862252994117,46.8958,16.24,2.1132,1.19,0.94,6.593999999999999,325.1,15.776797835985318,0,1
2195,i-80,9.5749065376,8.44419743440991,-1.059,5.624233734655843,33.831,16.24,5.585800000000002,1.31,0.6,24.726000000000003,459.80000000000007,5.819325685180722,0,1
2195,i-80,9.480542926400002,8.26618642044628,-1.362,5.208713265054146,35.42100000000001,17.38,6.0198,1.31,0.46,18.216,459.80000000000007,6.183489306241919,0,1
2195,i-80,9.4557247512,6.6016590726175854,0.1327999999999999,5.644358223492024,34.5192,15.71,3.6144,1.02,0.5,0.4639999999999986,17.40000000000002,5.384466036665104,0,1
2195,i-80,5.452771273200001,3.29779153199821,1.0462,5.457231820516436,25.671800000000005,15.71,5.7752,1.02,0.32,0.7360000000000007,17.40000000000002,0.6736206150803464,0,1
2195,i-80,5.0487259264,2.942574480352369,1.1615999999999995,3.543287047649515,28.31900000000001,17.15,5.9738,1.86,0.2,0.3580000000000005,7.1000000000000085,1.7395408567334365,0,0
2197,i-80,10.787724396000003,3.266816613030121,-0.4991999999999998,4.38083574171851,48.3194,28.53,4.1456,1.45,0.48,0.5479999999999989,12.899999999999991,7.397754706279853,0,1
2197,i-80,10.6224517128,2.641035461194228,-0.3016,3.744778874156194,42.121800000000015,27.15,2.8349999999999995,1.62,0.62,0.5740000000000002,12.800000000000011,28.33799766593056,0,0
2197,i-80,17.568131678800004,8.458946782622851,-0.471,4.191432101468958,50.49059999999999,27.15,2.2604,1.48,0.84,1.4279999999999995,30.19999999999996,24.413753276322403,0,1
2198,i-80,6.127907456800001,2.0652503868810035,-0.3262,2.582897352721141,48.475,28.57,7.1206,3.3,0.0,0.1879999999999981,4.90000000000002,1.2072954892516357,1,0
2198,i-80,6.0332711184,2.989276075045584,0.1768,3.411498826747264,41.5626,21.3,6.3558,3.1,0.0,0.0019999999999996,0.0999999999999801,5.948591578290286,1,0
2198,i-80,10.1071336684,6.494330147701505,0.576,4.48474102271428,56.9868,21.3,5.711799999999999,2.5,0.14,5.546000000000001,257.30000000000007,12.612178924875003,1,0
2198,i-80,14.881496031599998,10.056260727763153,-0.2879999999999999,4.261293757744932,83.1806,38.42,4.782,2.33,0.1,136.484,1032.0000000000002,0.506657393398847,0,0
2198,i-80,7.603907063199999,7.692406982151582,-0.1937999999999999,4.386958357752334,61.6548,29.52,7.9162,3.5,0.0,77.98,1032.0000000000002,0.5118033008642189,0,0
2198,i-80,8.8783612688,5.629622986734636,0.6444,4.600689903898842,68.4158,20.6,7.105999999999999,2.4,0.06,0.8780000000000001,25.700000000000077,2.0483161674997383,0,0
2200,i-80,11.1242697608,9.222380808896736,-0.3066000000000001,3.725579867207087,57.3804,36.61,6.124199999999999,1.23,0.24,0.4259999999999991,11.199999999999974,16.29058889723682,1,1
2200,i-80,5.943407505999999,3.5224134716573468,-0.6332,3.7621424855569536,45.5906,22.32,7.074400000000001,2.46,0.08,0.9039999999999984,11.199999999999974,0.9943404625731592,1,0
2201,i-80,9.8423155572,6.340961892838875,-0.7025999999999999,2.431978123223302,47.45400000000001,22.38,7.1514,1.14,0.46,29.96,750.9999999999998,11.735601493241123,0,1
2201,i-80,11.080769772400002,3.180090195608257,-0.675,3.030648378125832,48.71320000000001,22.38,3.1144,1.49,0.62,0.6340000000000018,16.899999999999977,20.833920608665167,0,1
2201,i-80,16.1837684116,7.053391037643994,-0.7610000000000001,3.722771213787397,73.9378,27.08,3.2062,2.12,0.44,0.2739999999999994,8.700000000000045,22.7107851471498,0,0
2202,i-80,12.8953601976,7.337565850429587,0.7169999999999999,5.0419700757638335,74.496,24.49,5.698400000000001,2.6,0.14,8.833999999999998,405.8,6.133355593900005,0,0
2202,i-80,6.720543662399999,4.883131878585939,0.0853999999999999,4.33373440791742,42.9832,0.84,7.077999999999999,0.04,0.16,0.2460000000000008,9.90000000000002,1.3977743242858105,0,1
2205,i-80,12.5654966492,8.244956557556176,-0.5044,3.627515684434228,53.804,30.42,5.035,1.14,0.46,19.486,568.9,15.736407738108465,0,1
2205,i-80,8.3717704948,4.356068637005766,-1.1404000000000003,5.233669629993697,41.783,19.42,4.892,1.67,0.36,1.2180000000000013,25.899999999999963,18.53903290246758,0,0
2205,i-80,5.910271151200002,2.805983434503893,-0.4734,5.39933843642167,38.0966,19.42,5.6976,1.81,0.2,1.0160000000000005,25.899999999999963,1.6560835457827132,0,0
2205,i-80,5.9402711432,2.5610281542007907,-0.3258,4.44870221387711,37.27,23.18,6.7358,1.81,0.12,0.2100000000000001,7.800000000000011,1.0505376638965904,0,0
2205,i-80,5.9165438768000005,3.232843600494941,-0.1929999999999999,4.293453131911232,32.5648,23.18,6.5402,1.59,0.2,0.1139999999999993,2.2999999999999687,1.6726093046860795,0,0
2208,i-80,12.5989057312,11.195175921057878,-0.3635999999999999,4.38110588965007,47.8816,23.92,9.136,1.45,0.54,33.616,576.7,9.593257718176185,0,1
2208,i-80,4.9889986696,4.113658979422183,-0.2659999999999999,3.4691950486696888,31.1176,20.84,10.362399999999996,2.17,0.18,1.022000000000002,41.60000000000004,2.1724336091403225,0,0
2208,i-80,8.3975432152,5.264948894397793,-0.0921999999999999,4.508068182125673,36.1756,23.54,6.7796,1.56,0.48,1.0640000000000025,41.60000000000004,2.5676652782682736,0,0
2208,i-80,16.711768270799997,8.222553442232307,0.0680000000000001,4.947399646815094,47.1524,26.41,4.4546,1.22,0.72,22.766000000000005,462.5,6.557864282785103,0,1
2208,i-80,10.836133474,6.487472111423182,-1.1514,3.5612076660616583,55.74499999999999,28.26,4.812399999999999,1.2,0.3,3.471999999999997,136.2,4.580813816877735,0,1
2209,i-80,7.167270816,4.478831421472915,-0.0842,5.532557105213554,46.4428,28.54,6.568,2.14,0.18,0.2819999999999986,8.599999999999994,1.3026228210336066,0,0
2211,i-80,10.535997190400003,10.470836142066904,-0.2431999999999998,3.897374542757035,45.354400000000005,24.5,7.548000000000001,1.73,0.38,8.97,412.30000000000007,1.5270364454440128,0,0
2211,i-80,4.3437261144,3.3300777784336937,-0.1618,3.783564181874988,36.856,17.64,10.583,2.26,0.04,3.3039999999999985,142.5,7.688607913301978,0,0
2211,i-80,10.733178956,7.44171135621695,0.0765999999999999,4.241908316225765,52.5198,0.58,5.8702,0.03,0.3,27.643999999999995,678.3,11.735498917491704,0,1
2211,i-80,16.6816319152,7.912411995777301,0.2133999999999999,4.354817463781592,64.30999999999999,0.58,3.3202,0.03,0.64,62.286,678.3,13.120828845459297,0,1
2212,i-80,13.1050874144,7.740598449126356,-0.1045999999999999,4.02126551813567,70.7158,28.95,4.519,2.41,0.14,58.27800000000001,765.9000000000001,17.739605879074595,0,0
2213,i-80,10.204088187999998,2.60237251260721,0.2352,3.589661595101541,50.9734,24.74,3.655,1.82,0.54,0.3120000000000004,11.300000000000026,8.655464434750137,0,0
2213,i-80,8.5932249812,4.677279514386799,0.1557999999999998,4.740764206887548,69.9306,34.57,10.668399999999998,2.42,0.14,0.4799999999999997,11.300000000000026,13.380889539632136,0,0
2213,i-80,7.3509525852,5.210547988541268,-0.8562000000000001,4.324415680712463,89.6868,65.31,17.3188,3.34,0.0,0.6200000000000017,10.0,0.5957307462611078,0,0
2213,i-80,6.661498223599999,3.434731913928306,-0.8628,4.709327279832166,104.61759999999998,71.53,18.5344,6.43,0.0,0.8620000000000004,15.099999999999907,0.7729298421049137,0,0
2213,i-80,5.593771235599999,3.0640143159619107,-0.0871999999999999,4.974220907102243,107.9008,80.99,20.054,7.09,0.0,1.4519999999999953,21.099999999999994,1.5153199373904718,0,0
2216,i-80,7.068679933199999,4.055597410730273,0.306,3.1499400706965197,47.4092,21.07,6.3792,1.51,0.22,1.5840000000000003,32.89999999999999,4.44939580713735,0,0
2218,i-80,4.3460442956000005,3.126661713010367,-1.0406,4.693893736351864,35.5406,16.56,7.2886,1.4,0.04,0.9219999999999992,18.399999999999963,2.390925855079951,0,1
2218,i-80,8.86704309,5.773987669955856,0.0351999999999999,3.837032888542278,39.220600000000005,16.56,4.4872000000000005,1.4,0.4,0.1840000000000003,3.500000000000014,5.6849352504344886,0,1
2220,i-80,11.360996970400002,9.936948950992337,-0.3149999999999999,4.402513312800741,50.0638,15.5,4.9326,0.75,0.26,1.1759999999999995,27.70000000000003,4.513733778600775,0,1
2220,i-80,6.6424073196,3.978466732233085,0.5673999999999999,4.391466590596647,49.001,15.5,7.0914,2.55,0.04,0.8360000000000006,16.69999999999998,1.117857885166344,0,0
2221,i-80,4.4683624448,2.3498998711402974,-0.379,4.100404285692138,28.64540000000001,18.16,6.150600000000001,2.17,0.12,0.1200000000000017,3.5999999999999943,0.5007563194095225,0,0
2221,i-80,8.316815964000002,5.1263509118974815,-0.2313999999999999,4.592358342165508,33.5272,20.73,4.274400000000001,1.54,0.52,0.15,6.499999999999986,4.142352965823819,0,0
2222,i-80,22.844039362800004,6.046572800331767,0.0884,4.339756110893885,75.46700000000001,42.03,2.2938,1.39,0.96,0.2139999999999972,5.099999999999909,18.95942481565325,0,1
2224,i-80,17.792040710000002,10.226861109746002,0.3735999999999999,4.042538483150792,64.2068,17.7,6.2282,1.5,0.66,31.206,570.4,5.555749474817846,0,0
2224,i-80,11.0211788792,11.75910446911226,0.6392,3.5426058897082977,41.246,14.64,8.3478,1.5,0.42,11.098,542.0,4.244494960510133,0,0
2224,i-80,5.3860894728,3.603407033414592,0.0261999999999999,2.978973861131736,31.476,14.64,9.135000000000002,2.49,0.22,3.648,137.5,4.32478893107714,1,0
2224,i-80,12.3512694336,7.323523132899069,-0.4353999999999999,3.4476204215993054,55.708,20.94,7.140200000000001,1.97,0.42,3.654,137.5,1.6294997760048942,1,0
2224,i-80,9.7456337648,6.108704869402888,-0.2948,4.350883672852433,44.7342,18.44,6.049,1.39,0.38,19.33,966.1,3.7809517428331,1,1
2227,i-80,4.487862439600001,1.8285979553237357,-0.1272000000000001,4.028505592167205,32.2376,20.5,5.8672,2.54,0.04,0.6359999999999999,19.60000000000001,0.822499872836663,0,0
2227,i-80,8.879315814000002,5.423399536477648,0.6802000000000001,3.169580214270318,41.95,24.77,4.043800000000001,2.24,0.36,0.2140000000000007,6.2999999999999545,1.193586021967724,0,0
2232,i-80,8.924315802,6.143333957384804,0.0769999999999999,3.560169251881266,46.61579999999999,24.33,4.9978,2.31,0.22,6.699999999999999,299.5999999999999,19.769835334866983,0,0
2232,i-80,10.657497158000002,5.473265908865916,0.5167999999999999,4.124399988520284,35.7456,19.32,3.8064,1.2,0.6,0.2259999999999998,8.499999999999979,5.225690612498125,0,1
2233,i-80,11.8439968416,9.52047897073926,0.0234,3.396553841763737,42.8738,15.91,3.195,1.48,0.74,24.302,798.6999999999999,2.7509372904372733,0,1
2233,i-80,5.697271208,2.87966184778521,0.4376,2.4446781516809373,28.433399999999995,15.09,6.437,1.48,0.38,0.2480000000000004,5.100000000000016,0.9617477466379972,0,1
2233,i-80,6.5034528112,3.43049405181656,-0.2437999999999998,3.148297816734805,33.223,15.09,6.974600000000001,1.84,0.34,0.2479999999999997,5.100000000000016,2.6037079736093167,0,0
2233,i-80,14.7623142452,8.261667736189056,0.5362,4.097339549970823,43.848200000000006,22.59,3.2592000000000003,1.29,0.74,0.2439999999999997,3.299999999999983,5.574798934014919,0,1
2235,i-80,12.5376784748,5.2677718639582025,0.9354,4.605412171055498,46.9626,32.11,5.3902,1.74,0.66,0.6620000000000033,15.200000000000102,6.722599134415262,0,0
2236,i-80,8.5073159132,5.22378586736217,-1.1385999999999998,4.310137082909241,43.6224,15.97,4.7592,1.3,0.38,4.665999999999999,149.60000000000002,7.540111801910242,0,1
2239,i-80,17.119495434800005,11.158736926107888,-0.3972,3.5816966906304994,120.8154,50.15,10.1642,3.08,0.0,0.3380000000000009,8.499999999999943,39.44995535082443,1,0
2239,i-80,9.574088356,6.62606262276662,0.3967999999999999,2.7532714789382275,78.7472,43.11,10.693999999999996,3.18,0.0,0.3380000000000009,8.499999999999943,21.39220212018904,1,0
2240,i-80,18.7674495408,10.311411347121137,-0.0329999999999999,4.5776940322679085,80.263,57.23,4.431,1.26,0.44,22.492,334.90000000000003,0.7002560374314407,0,1
2240,i-80,15.1030868816,9.689924999222294,0.6494,3.783841267111225,82.0838,54.65,6.001999999999999,1.26,0.24,26.734,344.1,0.9362662993322498,0,1
2240,i-80,8.549588629199999,6.17509233226349,0.2816,2.228438054617024,86.0878,54.65,9.444,1.37,0.08,13.42,344.1,1.417416172376443,0,1
2240,i-80,8.5932249812,5.659485133984616,-0.5842,3.7134483066996657,85.8218,45.44,11.658600000000003,2.23,0.1,0.845999999999998,15.300000000000011,9.957541837548591,0,0
2240,i-80,16.534359227200003,8.334722495060934,-0.6072,4.124281033200371,87.15639999999999,45.44,7.755,2.23,0.46,0.6060000000000002,15.300000000000011,10.01100110519239,0,0
2241,i-80,9.721361044,5.074522724106932,0.24,3.6303280337530186,77.9748,20.96,5.857599999999999,2.12,0.16,1.1519999999999997,17.19999999999999,1.0818329247822225,0,0
2242,i-80,22.810903008,5.42641430745073,-0.38,4.875052694639331,64.512,36.51,2.0304,1.2,0.94,0.1799999999999997,5.300000000000011,12.592773331477032,0,1
2243,i-80,18.679767746,9.719078205852997,-0.0724,4.272106759347817,72.1082,23.2,3.011,1.69,0.76,27.332000000000004,714.4,1.0873478990044485,0,0
2243,i-80,5.651180311200001,4.661231041047432,-0.5867999999999999,4.2652647548037885,30.0578,17.68,12.3342,1.66,0.34,0.9099999999999996,20.700000000000003,1.2715670717501242,0,0
2243,i-80,10.434542672,6.746985919064366,-0.7490000000000001,5.414051728830173,36.552,22.39,10.178,1.18,0.56,3.125999999999998,59.90000000000002,1.7817560016421314,0,1
2245,i-80,9.674315601999998,3.586454010281377,-0.4533999999999999,3.586499407500299,51.34919999999999,28.95,4.166399999999999,2.25,0.3,0.2799999999999997,5.300000000000011,1.4463951620832944,0,0
2245,i-80,6.807952729999999,2.712744064221982,0.507,3.521717606219894,49.51379999999999,28.95,5.654599999999999,3.21,0.0,0.223999999999998,5.300000000000011,1.6620784082292992,0,0
2245,i-80,7.995134231600002,3.892915001054457,0.6611999999999999,3.187984866683668,47.216,27.52,6.481399999999999,1.38,0.2,0.1859999999999985,4.499999999999957,5.421922487909428,0,1
2245,i-80,13.5725418352,5.83409136509441,0.1671999999999999,4.008896249949248,48.91880000000001,27.52,4.5956,0.91,0.58,0.4460000000000008,13.500000000000014,10.68449075884847,0,1
2245,i-80,12.289633086400002,9.48664926473184,0.3459999999999999,4.67465113835312,43.4634,25.17,5.0744,1.2,0.42,6.027999999999999,157.39999999999995,1.3708681630296045,0,1
2245,i-80,7.3573616744,7.078785584141913,0.0271999999999999,5.060161746225034,38.79,22.2,6.478399999999999,1.31,0.3,3.5839999999999987,157.39999999999995,6.304624423389549,0,1
2245,i-80,5.908498424400001,2.767190457057191,-1.7814,3.9122982493461222,38.14020000000001,22.2,6.114999999999998,1.59,0.2,0.6520000000000004,9.600000000000009,1.7397307838881746,0,0
2246,i-80,5.0634531952,3.267070644850249,-0.3547999999999999,4.184354845061273,41.3042,17.59,9.2858,1.59,0.1,0.6799999999999983,24.3,0.5014164381926417,0,0
2247,i-80,4.3544988388,2.655496224445393,-0.8634,3.599969733432859,38.7358,24.85,9.078399999999998,3.14,0.0,0.5779999999999994,17.99999999999997,1.688837476744622,0,0
2247,i-80,6.6289073232,4.879031125661598,-0.6324,4.408592982078597,37.2482,24.85,5.6656,1.55,0.12,0.7440000000000012,17.99999999999997,2.934310868163156,0,0
2247,i-80,13.365132799600005,8.845222842300661,-0.2401999999999999,4.684860762855919,48.0026,25.69,3.2402,0.81,0.44,6.978000000000003,310.90000000000003,3.731391097219396,0,1
2247,i-80,11.333860614,5.222129704815493,-0.6778,3.4976600282859662,44.66139999999999,24.21,4.0288,2.05,0.68,0.2279999999999994,5.100000000000016,1.1458344648405048,0,0
2250,i-80,12.4019966928,4.1318246480948,0.7658000000000001,3.672953040921749,45.268,19.7,2.5514,1.47,0.72,0.1820000000000007,5.300000000000011,18.278904410253467,1,1
2250,i-80,18.8350858864,5.432132281329794,1.4682,3.973368842579767,58.71059999999999,29.66,2.2254,1.28,0.88,0.5040000000000007,9.899999999999949,11.94548784724054,1,1
2251,i-80,12.1519058504,8.12555054555144,-0.624,4.7205715669151065,49.242,17.74,3.3314,1.4,0.52,10.866,536.3,12.793159141621633,0,1
2251,i-80,14.262405287600004,6.006468812586081,0.0039999999999999,4.318199265661462,53.6392,32.76,2.9918,1.59,0.68,0.3480000000000018,14.60000000000008,12.959809069770202,0,0
2252,i-80,7.964997876,4.470637121541708,-0.7772,4.2172043355952376,43.1896,20.52,7.1102,1.74,0.28,1.706000000000003,47.5,6.6441345674671775,0,0
2252,i-80,6.451361916000001,3.8900009213619815,-0.6892,4.9741079971535545,37.7704,20.52,7.340400000000001,2.27,0.3,2.1300000000000003,47.5,1.7999441147787147,0,0
2252,i-80,6.362043758000001,3.3968320424815004,-0.6497999999999999,4.822334725429336,34.767599999999995,20.88,6.555600000000001,2.27,0.24,1.0340000000000005,20.20000000000003,1.422274813279697,0,0
2252,i-80,6.909816339200001,3.6328856295515313,0.1784000000000001,4.562698073978347,40.31100000000001,22.56,6.8248,1.76,0.14,0.4440000000000005,20.20000000000003,18.37306577384961,0,0
2252,i-80,7.410543478400001,4.021496956824896,0.2735999999999999,5.354797490406645,41.0356,10.69,5.429799999999999,0.73,0.34,0.1280000000000001,6.000000000000014,16.295741193843707,0,1
2253,i-80,22.3730394884,4.678870558091335,0.1879999999999999,2.9398410341585564,55.5338,33.04,1.7012,1.19,1.0,0.1760000000000019,4.100000000000037,22.871735398173914,0,1
2254,i-80,9.1823157332,5.441795944848802,-0.025,4.192013908880181,37.3742,20.83,8.8316,1.7,0.58,0.1339999999999989,2.1000000000000085,1.0416898408306554,0,0
2254,i-80,6.143180179999999,3.27243012043416,0.1296000000000001,3.090403817481146,34.0484,20.83,9.7602,2.23,0.4,0.5739999999999995,7.399999999999984,1.10577991684141,0,0
2254,i-80,7.5964070652,3.3405872984901386,-0.422,4.356885706697445,35.7844,23.04,3.806200000000001,2.04,0.56,0.4820000000000007,7.399999999999984,17.029237075017274,0,0
2254,i-80,10.0333609608,5.175303791059499,-0.2976,5.447157491269541,41.309,21.88,4.1596,1.52,0.62,0.0,0.0,11.8196422551788,0,0
2254,i-80,9.4835429256,5.182172863738543,-0.2354,5.294753356110255,41.6936,21.88,4.787,1.52,0.58,0.9479999999999996,21.29999999999999,0.9931761923141288,0,0
2256,i-80,5.607134868400001,2.899907624419091,-0.5917999999999999,4.202145074184112,28.323400000000003,18.58,7.399599999999999,1.09,0.26,0.1159999999999996,5.799999999999983,0.6843082740092735,0,1
2256,i-80,10.8160880248,4.394597590183284,-0.005,3.7437731976045288,38.1662,21.54,2.6324,1.09,0.72,0.1159999999999996,5.799999999999983,1.1190091478898758,0,1
2258,i-80,12.9014965596,9.181753227511685,-0.8872,3.19530333905428,53.255,14.69,5.2162,1.97,0.52,21.224,517.8,4.882855419041742,0,0
2258,i-80,4.8951805128000005,2.9238120040171043,-0.0258,4.474351892413343,26.8444,16.8,6.3514,1.24,0.26,0.4759999999999991,13.70000000000001,1.499767098789757,0,1
2258,i-80,6.5635891588,3.146004329191721,0.8523999999999999,4.276317107044331,29.7286,19.33,5.104,1.59,0.44,0.4,10.300000000000011,2.062829697977305,0,0
2259,i-80,10.164542744,7.867672433755771,0.3245999999999999,5.683265879863838,35.5114,9.25,4.224000000000001,0.64,0.56,0.3939999999999991,11.499999999999986,13.851952450975336,0,1
2259,i-80,12.7674511408,6.085926258832295,0.3674,4.589360281773307,50.271,26.46,2.9028,1.61,0.64,0.1579999999999984,6.599999999999966,12.072781870735817,0,0
2259,i-80,15.072814162399998,7.697403776175482,0.0529999999999999,4.667341702878478,62.8978,26.46,4.0062,1.85,0.64,11.014,361.50000000000006,12.8990085304164,0,0
2260,i-80,16.2613593,11.16991064679368,-0.42,3.993341907705467,50.08780000000001,19.88,3.3172,1.32,0.74,11.666000000000004,205.7,13.951050729516794,0,1
2260,i-80,13.99090536,11.58152126907373,-0.2409999999999999,2.815199452824555,47.081,19.88,3.5726,1.32,0.48,17.342,486.9,8.272243054915144,0,1
2260,i-80,7.385452576,5.416523630397652,-0.8292,3.2592849096771177,42.253600000000006,27.3,5.0514,1.59,0.1,9.951999999999998,486.9,2.6252415318229603,0,0
2260,i-80,13.228496472400002,9.139620249778918,-1.1871999999999998,4.18143762017665,57.52740000000001,21.69,4.8626,0.54,0.36,0.3240000000000009,8.400000000000034,11.804682189430997,0,1
2261,i-80,18.8708131496,8.73007006180216,-0.7166,4.613055391041423,99.238,16.09,4.3174,1.62,0.42,8.64,400.0,27.712333714644764,0,0
2261,i-80,8.593497708400001,4.817534312105743,-0.6418,4.403400212173705,35.8608,21.27,7.3716,1.54,0.62,0.3660000000000011,7.899999999999991,5.889061895461062,0,0
2262,i-80,9.115224842000002,8.247568846738424,0.2998,3.844982678233852,43.6924,23.06,4.0482000000000005,1.84,0.36,16.499999999999996,794.0,3.1221979822567567,0,0
2262,i-80,8.9659067,4.5329587056708,-0.4407999999999999,4.490301948848956,41.806,25.39,4.121,1.39,0.38,0.514,10.600000000000025,15.037757635447146,0,1
2262,i-80,20.345176392800003,12.049848590588692,0.1676,5.791641958152159,63.41919999999999,26.14,3.0012,0.58,0.72,1.2620000000000005,40.30000000000001,22.524815644900062,0,1
2263,i-80,15.7283139876,10.304227164008946,1.2036,3.824768772522766,70.51559999999999,21.29,4.395,1.73,0.5,75.26599999999999,1157.6,6.381726453247713,0,0
2263,i-80,8.9131339868,8.821430763424305,1.6207999999999998,3.959104640069571,42.92459999999999,18.38,7.685599999999999,1.8,0.4,0.5280000000000037,12.00000000000017,3.824159091558695,0,0
2263,i-80,6.1067710988,3.467399830738056,1.4014000000000002,4.62560531504929,32.6114,18.38,7.227199999999999,1.46,0.34,0.0340000000000003,1.700000000000017,0.8039132375259086,0,1
2263,i-80,9.7508155816,7.474947185786678,0.2982,5.209994982174716,37.3492,20.74,4.3222000000000005,1.36,0.5,0.025999999999999,0.4999999999999716,15.21034398870367,0,1
2263,i-80,14.34545072,7.970024077617275,-0.214,5.932604136189663,48.36600000000001,9.86,3.531,0.32,0.56,12.471999999999998,257.8999999999999,18.38526531226702,0,1
2263,i-80,8.3189977816,5.866472805976321,0.6076,4.852130842659307,38.5362,9.98,5.547,1.32,0.4,6.56,124.20000000000002,7.06500888169062,0,1
2263,i-80,6.5162709896000015,5.493503308483196,-0.7998000000000001,5.247319428400893,36.818,1.55,8.766200000000001,0.16,0.3,2.273999999999999,75.1,0.8434666019300519,0,1
2265,i-80,7.804361555200001,4.7102289868035365,-0.8871999999999999,4.78877814078212,30.5876,15.68,6.5638,1.81,0.56,1.1919999999999995,16.799999999999997,11.294716528608973,0,0
2266,i-80,6.994907225600001,4.2553391738248685,-0.0871999999999998,4.987246199363054,37.4324,19.03,5.2038,1.4,0.26,0.8480000000000004,14.600000000000009,4.858537502338812,0,1
2266,i-80,7.255225338,4.294006087469353,0.6992,4.91298979590777,36.528400000000005,18.72,4.712999999999999,2.1,0.34,0.824000000000001,14.600000000000009,10.09306642274178,0,0
2266,i-80,14.488496136400002,7.794752191589363,0.6205999999999999,4.301438017734088,46.7672,6.14,2.8360000000000003,0.14,0.66,0.2260000000000019,6.700000000000017,8.035762796044052,0,1
2266,i-80,16.472722880000003,10.004195493826051,-0.4564,3.7516003442340633,44.43060000000001,5.3,2.696,0.13,0.5,7.026000000000002,339.90000000000003,7.399727447407665,0,1
2266,i-80,8.739270396799999,9.523925867847574,-0.6030000000000001,3.938950575045727,33.08839999999999,5.3,6.1662,0.13,0.18,7.178,339.90000000000003,6.737881718511617,0,1
2266,i-80,7.641407053200001,4.815431392617039,0.2023999999999998,4.127893449028282,31.832600000000003,19.89,5.678,1.33,0.5,0.4419999999999987,11.700000000000015,1.927673081776079,0,1
2267,i-80,13.88863266,11.61793178127914,-0.1659999999999999,3.29125309552084,68.5546,24.25,6.407799999999998,1.02,0.32,49.07,1509.8,11.209616531608663,1,1
2267,i-80,8.6184522472,4.827017306149569,-0.6945999999999999,3.2363434960599897,40.993,24.25,3.7778,1.02,0.28,0.7819999999999994,10.600000000000025,3.222533682096263,1,1
2267,i-80,15.684541272000004,9.45180540880119,-0.1701999999999999,5.07856861161264,54.040000000000006,24.58,3.1584,1.3,0.56,0.3119999999999997,7.800000000000011,23.055831938136432,0,1
2267,i-80,17.198177232000003,10.17125856618522,-0.6906,5.757371994731128,52.04879999999999,6.88,4.340200000000001,0.5,0.66,14.041999999999998,363.9999999999999,17.388811492040343,0,1
2267,i-80,8.6678158704,7.733967565932231,-0.7006000000000003,4.824819510212008,36.1474,6.88,6.462200000000001,0.5,0.36,14.066,363.9999999999999,9.180382716778784,0,1
2268,i-80,9.7666337592,4.460118553734275,-0.7322,3.725169378425521,44.662,21.02,3.8108,2.05,0.44,0.2519999999999989,6.2999999999999545,1.2665559280093044,0,0
2272,i-80,13.061314698800002,6.381872912885624,-0.2316,3.4780344906811007,35.4456,20.73,2.7046,0.96,0.8,0.361999999999999,5.09999999999998,0.9862061994101956,0,1
2273,i-80,12.0698149632,11.735141564308506,-0.7996000000000001,4.778643800434237,60.558,30.71,6.114400000000001,1.98,0.34,0.4479999999999989,10.499999999999972,38.14388809095777,1,0
2273,i-80,8.757815846400002,5.168865340660974,0.1802,3.723215907502216,51.361,30.71,5.749200000000001,2.44,0.22,0.2220000000000027,7.199999999999989,8.318756530533017,1,0
2274,i-80,5.416362192,4.708510624006464,0.484,3.762145501640015,28.981,6.68,11.026600000000004,1.58,0.3,0.3499999999999993,5.8000000000000185,0.5606557476267758,0,0
2274,i-80,6.655634588800001,5.310819870939783,0.0182,3.857480773557705,32.172999999999995,6.68,8.298,0.73,0.3,0.6500000000000002,18.400000000000016,0.5735603169178088,0,1
2274,i-80,6.8724527128,4.220263569508671,-0.1742,2.822000368822203,34.4114,14.69,4.411199999999999,0.73,0.24,0.5780000000000012,18.400000000000016,0.6791815245317752,0,1
2276,i-80,14.1876780348,10.815473199472406,0.0564000000000001,4.670815058008875,55.903400000000005,16.18,3.1966,1.14,0.56,36.538,922.0,9.234084326393104,0,1
2278,i-80,9.7899519348,9.946052194665238,0.8920000000000001,4.762274366608579,45.6844,27.41,4.1202,0.75,0.2,1.16,15.0,2.8368192251757125,0,1
2278,i-80,5.3813167468000005,3.428108321766673,0.6709999999999999,3.97245631614414,40.3954,13.41,7.8178,3.12,0.0,0.1559999999999984,2.69999999999996,1.1304693264123462,0,0
2278,i-80,7.2104980772,5.1825031881770895,-0.2744,4.611534411955858,40.8164,13.41,7.205,1.28,0.2,0.481999999999999,18.90000000000001,1.1340467211337837,0,1
2278,i-80,14.2596780156,6.316295197661288,-0.705,4.629164093449446,49.9176,26.0,2.9851999999999994,1.28,0.64,10.116,250.20000000000005,10.320334046345751,0,1
2278,i-80,9.0083157796,7.112098896910858,-0.0811999999999999,3.866302689882922,48.3792,25.66,5.1342,1.99,0.28,9.954,471.69999999999993,14.743269728016958,0,0
2278,i-80,9.968860978,4.652111440479057,-0.2523999999999999,4.3189750106775495,51.086000000000006,25.66,4.315199999999999,2.32,0.36,0.1959999999999979,9.599999999999936,1.187205361943995,0,0
2280,i-80,20.297721860000003,7.933997589585663,-0.1606,4.777700074303534,58.49139999999999,32.31,2.4192,0.91,0.72,12.000000000000002,324.20000000000005,14.198577789155287,0,1
2280,i-80,15.6365412848,8.797531467846825,0.8122,4.105640863246466,63.5114,17.84,3.674,1.07,0.48,47.346,736.0999999999999,15.191263694475914,0,1
2280,i-80,7.3644525816,5.352313689005813,-1.3202,5.718790185316599,36.6914,20.99,4.5884,1.67,0.24,0.2279999999999987,5.599999999999952,6.085533368236376,0,0
2280,i-80,4.7117714708,2.6579137626793305,0.0134,5.333027095374634,32.87220000000001,21.2,6.001799999999999,1.67,0.14,0.0179999999999992,0.899999999999963,1.4649733331835006,0,0
2281,i-80,10.8707698284,5.608171072726692,-0.3011999999999999,4.11969220169841,58.781400000000005,28.76,5.546199999999999,1.78,0.18,1.2579999999999985,18.100000000000023,2.383456101152788,0,0
2282,i-80,6.087952922000002,4.537945401202883,-0.764,3.821375433542435,62.05020000000001,23.3,9.4748,1.66,0.08,4.436000000000002,185.10000000000005,3.038251424414902,1,0
2282,i-80,4.686544204800001,2.21497292098287,-0.5173999999999999,4.765735615745346,67.34800000000001,23.3,11.2718,4.43,0.0,0.1920000000000001,7.899999999999991,1.151917687854404,1,0
2283,i-80,8.8674521808,5.150462518423826,-0.3228000000000001,4.914485892932926,42.2716,16.39,4.2026,1.07,0.28,0.1380000000000009,5.200000000000031,0.6983961147237466,0,1
2283,i-80,5.4844076284000005,3.4531987611716097,-0.5770000000000001,3.581471166194937,36.9944,16.39,6.1352,2.44,0.1,0.4540000000000006,10.0,0.9251433973791772,0,0
2283,i-80,5.5644530616,2.9580526360061627,-0.0615999999999999,2.478845485054588,37.5202,22.01,5.999,2.53,0.18,0.3739999999999995,10.0,2.7412023448680696,0,0
2285,i-80,18.372676918800003,6.857036930166614,-0.1476000000000001,3.9118853745570648,44.9524,26.64,2.4418,0.88,0.9,3.606000000000002,85.39999999999999,6.670598302450318,0,1
2285,i-80,5.0225441152000005,2.569760344287458,0.0228,2.537127606131768,30.4578,4.8,6.212,0.44,0.3,0.0519999999999996,2.5,0.7837490438102426,0,1
2286,i-80,10.069088224,8.15338534973395,0.4004,3.584129393619053,50.233,22.36,9.9728,2.2,0.3,30.47,533.3,11.108840995792312,0,0
2286,i-80,4.540226062,2.7086116628326384,-0.7822000000000001,3.310129962304643,39.2768,23.28,13.203200000000002,3.18,0.0,0.786000000000002,11.600000000000035,0.8438535988704028,0,0
2287,i-80,20.3421763936,5.549081725053882,-0.1549999999999999,4.127451776007239,57.6488,36.49,2.0476,1.34,0.92,2.131999999999997,73.39999999999996,6.13164144953978,0,1
2289,i-80,6.835498177200001,5.9209644730343545,-0.0778,3.4377747252000805,35.047200000000004,20.45,15.361399999999998,1.54,0.32,0.5719999999999992,16.69999999999998,0.9810160572028348,0,0
2289,i-80,4.855225978,3.0658354070646734,0.5529999999999999,3.538376342739299,32.195600000000006,20.45,11.1506,2.08,0.1,0.5640000000000001,16.69999999999998,0.8297055784667083,0,0
2289,i-80,7.6947252208,3.670951902578607,0.9418,5.538510700135029,32.9744,20.82,4.4854,1.53,0.4,0.4960000000000015,12.999999999999972,9.377779349100091,0,0
2289,i-80,14.7051778968,7.649442911389103,0.6981999999999999,6.11416077642713,43.554,20.82,3.261,1.2,0.86,0.6500000000000007,12.999999999999972,20.027441613344383,0,1
2290,i-80,7.210907168,5.845413889895385,0.9148,4.621406376630299,34.4658,18.05,5.916,1.59,0.32,0.443999999999999,10.0,17.125677519146386,0,0
2290,i-80,6.7505436544,3.2258313642165994,-0.1065999999999999,3.683236492709162,39.4134,21.09,5.155399999999999,2.23,0.18,6.19,302.4,1.5015756569248804,0,0
2292,i-80,11.2678606316,5.580682160069832,0.7835999999999999,4.244096865539432,42.5814,22.7,3.8508,1.38,0.58,0.3059999999999981,4.80000000000004,0.7284334269863103,0,1
2292,i-80,6.8757254392,3.116642471357716,-0.1486,3.2557064564564557,35.086600000000004,22.7,4.853,1.38,0.22,0.5160000000000003,6.999999999999993,0.923931255504412,0,1
2292,i-80,6.8239072712,2.976562139103251,0.3855999999999999,3.3763693578778264,34.264,23.0,4.3086,2.12,0.26,0.965999999999999,12.999999999999972,1.0723402026428372,0,0
2292,i-80,12.129814947199998,7.721560816069943,0.9656,5.406148110046108,38.708,22.88,3.1332,1.03,0.66,0.9999999999999986,12.999999999999972,17.11033746597629,0,1
2292,i-80,19.5359947904,8.177018565098422,-0.6386000000000002,6.766469857062145,45.861,22.88,1.9268,1.0,0.9,2.5359999999999987,30.09999999999998,12.12774957486393,0,1
2292,i-80,5.596771234799999,3.1415378094964708,1.2764,4.094636491802416,31.3138,23.06,4.7814,1.58,0.26,0.0079999999999998,0.3999999999999915,18.26875589885192,0,0
2292,i-80,7.7007252192,3.276149689865436,0.617,4.006474988906669,32.5592,23.06,4.9972,1.58,0.48,0.2960000000000008,13.000000000000044,13.698780994195753,0,0
2294,i-80,9.4079974912,5.689910977596791,-0.3206,4.196360138043834,55.03079999999999,25.33,7.309800000000001,1.24,0.22,1.084000000000002,26.200000000000045,15.09082836551894,0,1
2296,i-80,8.054316034000003,4.414374212363784,-0.4647999999999999,3.828600341042216,42.71019999999999,20.34,6.1858,1.08,0.26,8.761999999999999,392.0,6.252143285110397,0,1
2296,i-80,5.8592711648,3.307282120027747,0.0276,2.8038563531285967,39.5996,20.79,11.35,2.62,0.06,0.2760000000000005,10.0,6.297334529264694,0,0
2296,i-80,5.0510441076,2.855315368388317,-0.2082,1.5725005304823736,37.7926,11.98,11.3954,1.25,0.06,0.0079999999999998,0.3999999999999915,3.010418361393021,0,1
2297,i-80,6.331225584400001,4.248191929249443,-0.1179999999999999,2.1196794135733192,62.8644,34.58,8.837200000000001,2.35,0.1,0.6440000000000012,20.400000000000063,0.5348628758087141,0,0
2297,i-80,5.256134962,2.9414874264702666,-0.3092,2.7165838691944235,44.619200000000006,33.33,7.5108,2.35,0.16,0.2840000000000003,7.899999999999991,0.6332443475258733,0,0
2297,i-80,5.6573166732,2.548776773485571,-0.4668,3.745600652084784,42.101400000000005,27.85,6.1732000000000005,2.6,0.16,1.1239999999999994,14.499999999999956,1.2576414026068885,0,0
2298,i-80,12.8226783988,11.536964056106653,-0.0836,5.705866926923121,64.18679999999999,15.01,5.1686000000000005,1.8,0.26,0.514,6.999999999999957,30.222176120679794,0,0
2298,i-80,5.380771292400001,2.5619959984034235,0.2956,4.809931545187286,36.112,15.01,5.7516,1.93,0.16,0.2439999999999997,6.799999999999997,0.378011837089252,0,0
2300,i-80,8.9469521596,3.863719082539733,0.3052000000000001,3.850209769000401,57.871,29.02,5.1314,1.64,0.2,3.15,152.8,16.06744011422111,0,0
2300,i-80,11.3414969756,5.892307530098247,0.7742,3.934171639595293,55.0414,26.49,4.0568,1.46,0.28,12.832,152.8,20.298708214292347,0,1
2300,i-80,15.1674505008,8.692492652139055,1.07,3.858872628007262,42.8656,26.49,2.8752000000000004,1.22,0.62,10.67,152.29999999999995,5.714089398092031,0,1
2300,i-80,8.436952295600001,6.440585796560456,0.1098,4.397095279608935,57.0718,22.46,6.971000000000001,1.3,0.2,14.417999999999996,221.50000000000003,3.3108860036219294,0,1
2300,i-80,6.993134498800001,3.309324748154117,0.4002,3.4178388505257624,84.82019999999999,35.44,9.6574,4.29,0.0,0.4519999999999982,13.199999999999932,1.3845852556646998,0,0
2301,i-80,12.729405696400004,11.627406455187224,0.102,4.195442133301036,40.81399999999999,8.01,7.1754,1.01,0.6,13.456,342.0999999999999,4.310583379288228,0,1
2301,i-80,6.1974528928,3.2135973457828904,0.9348,4.103944961241313,31.8028,8.01,4.627000000000001,1.12,0.48,0.761999999999999,11.299999999999956,4.64795389809059,0,1
2301,i-80,11.6817241576,6.669899009390982,-0.0851999999999998,4.168997452038324,53.3136,8.06,3.7926,1.07,0.56,0.364,8.599999999999994,1.0175137905097655,0,1
2301,i-80,18.383995097600003,4.603671810197207,-0.058,4.043913037277289,83.9474,18.99,3.0236,1.07,0.52,0.3560000000000016,10.19999999999996,0.8441122734589764,0,1
2302,i-80,10.667997155199998,4.413819155277123,0.7918,3.993826710802357,51.029,25.38,3.4607999999999994,1.6,0.32,0.2899999999999991,14.499999999999956,5.590679636279493,0,0
2302,i-80,17.9785861148,6.02628788613838,1.836,4.765871443109318,62.26659999999999,30.39,2.6215999999999995,1.31,0.68,0.0839999999999989,4.099999999999966,13.244670324322914,0,1
2303,i-80,7.258770791600001,5.561330110492278,-0.2142,3.525727651051305,53.4712,24.69,9.333,1.04,0.02,1.4740000000000009,58.69999999999997,5.406126572770592,0,1
2303,i-80,5.1830440724,4.866227534103189,0.6435999999999998,3.199402214572629,41.325,23.55,18.093200000000003,2.75,0.04,0.1480000000000004,5.0,0.7696946375687187,0,0
2304,i-80,12.7504056908,9.63517101347549,1.5004000000000002,4.6099630172495045,32.4072,20.94,7.189799999999999,0.92,0.54,8.018,276.6,1.734911436779811,0,1
2304,i-80,8.4932704624,8.079089674272732,-0.1779999999999999,4.61209191546902,31.2524,20.71,6.700399999999999,1.05,0.42,5.203999999999999,147.5,1.049603701500753,0,1
2304,i-80,5.863362072800002,3.682235120923227,0.1230000000000001,4.085042527193516,30.225200000000005,20.71,5.607599999999999,2.0,0.38,0.3859999999999999,4.90000000000002,1.2915589826695046,0,0
2304,i-80,6.915952701200001,3.40913497464496,0.025,3.5024121425564023,28.3332,22.33,3.62,1.26,0.52,0.5539999999999999,5.199999999999996,2.815118194495497,0,1
2305,i-80,10.1600427452,4.516080704004549,-1.0397999999999998,5.600774541917193,51.63399999999999,15.7,5.1148,1.88,0.4,6.888000000000002,315.00000000000006,1.2724251433016105,0,0
2306,i-80,21.7129033008,8.860671948845882,-0.3469999999999998,3.80256908321901,73.7922,20.95,2.852,1.42,0.74,0.7840000000000004,18.90000000000001,27.89859864815099,0,1
2306,i-80,10.826860749199998,6.141014441938706,0.5386,4.17906932808964,39.421200000000006,23.58,3.237,1.73,0.58,0.1700000000000003,5.09999999999998,8.40057983479809,0,0
2307,i-80,8.517134092400001,5.244378171971064,-0.4546,4.621329965828152,42.4204,30.49,6.0804,2.02,0.48,1.094,16.999999999999957,0.9182183567170964,0,0
2307,i-80,6.997089043200001,3.918144696227626,0.2114,4.613198903412791,40.049200000000006,25.9,6.9752,2.04,0.24,1.1519999999999997,16.999999999999957,1.187063934973296,0,0
2307,i-80,15.3380413644,8.740221212863501,0.2504,3.2399099004857077,57.20640000000001,25.9,4.6434,1.53,0.58,0.1539999999999992,7.69999999999996,0.9945305570869062,0,0
2307,i-80,20.6614035812,5.032716801890259,0.0252,3.671991752247196,66.145,38.0,2.2114,1.53,0.9,0.0,0.0,3.774728263013357,0,0
2311,i-80,21.8620850792,4.9305116542461045,0.4979999999999999,4.10226866054203,82.74040000000001,48.5,2.7090000000000005,0.93,0.74,0.4099999999999994,19.09999999999997,0.9097550737894868,0,1
2312,i-80,6.717543663200001,3.0615118983969465,-0.3704,3.599845779009576,47.816,23.43,5.725,2.41,0.04,0.5319999999999994,16.299999999999955,8.277583875548148,0,0
2312,i-80,9.1658157376,4.175041997882144,-0.2336,2.6029918108489967,51.5976,29.12,4.554599999999999,1.54,0.22,0.1200000000000002,6.000000000000014,19.245151083717214,0,0
2312,i-80,12.635314812400004,7.10806484259515,0.4731999999999999,3.8894700546632888,49.5806,29.12,3.6082,0.96,0.48,3.782000000000001,106.60000000000004,20.416032042630476,0,1
2312,i-80,6.7664981956000005,4.36199950643284,-0.2774,2.9626744743249005,43.189800000000005,35.91,5.9266,1.34,0.1,0.5180000000000036,13.800000000000026,5.456302026658939,0,1
2312,i-80,6.959316326000001,3.557916417402338,-0.4054,3.281057700293163,46.286000000000016,35.91,5.621,2.65,0.1,0.1500000000000028,7.20000000000006,1.2778486863890115,0,0
2314,i-80,10.6026789908,6.13095507543458,1.1534,4.519757809115575,87.0218,23.2,11.465400000000002,1.94,0.06,0.0,0.0,0.8985236925771342,0,0
2314,i-80,9.983179156,4.702632059075813,0.7178000000000001,4.258175948474095,89.4426,25.57,6.4792000000000005,2.48,0.08,0.3399999999999991,10.900000000000034,2.116431364541815,0,0
2318,i-80,5.592816690399999,3.2188123756726053,-0.0412,2.7492430423886587,38.2458,27.18,8.232199999999999,2.57,0.16,0.4420000000000023,10.0,0.8351698693153656,0,0
2319,i-80,5.291998588800001,3.009280261978439,-1.4456,4.142016742346359,34.9512,19.32,6.6352,1.85,0.14,0.9619999999999992,14.90000000000002,1.1560102400506844,0,0
2319,i-80,5.419089464,3.3786412278296765,0.0616,4.444972101103879,31.169,19.32,8.3706,1.74,0.24,0.687999999999996,8.999999999999986,5.611146677855442,0,0
2319,i-80,5.3192713088,3.561206213384751,0.1983999999999999,3.793632882736493,29.954400000000007,20.51,12.3046,1.64,0.2,0.3199999999999974,7.79999999999994,4.123754565431649,0,0
2319,i-80,6.0901347396,3.633500357301808,0.046,3.83674713415265,32.3536,21.75,9.423800000000002,1.64,0.26,0.1279999999999994,3.399999999999963,1.1599761609091594,0,0
2320,i-80,19.5237220664,8.81138258942324,-1.5224000000000002,4.120089933633063,64.73519999999999,15.47,2.5336000000000003,1.1,0.8,72.92399999999999,1141.6999999999998,8.554258674449104,0,1
2320,i-80,15.192405039600002,12.647146956820649,-1.0556,2.879562154925924,61.82779999999999,14.08,7.6848,1.6,0.54,102.81,1160.1,6.584563418995637,0,0
2320,i-80,7.723634304,9.13067342465036,-0.7413999999999998,3.725944345438633,44.158,14.08,8.88,2.41,0.12,46.73400000000001,1160.1,4.68574404176092,0,0
2320,i-80,8.286134154,4.69314805972335,0.0811999999999999,4.384035341731522,47.486,14.58,4.894400000000001,1.71,0.16,0.4780000000000015,9.799999999999969,9.485818427763087,0,0
2320,i-80,12.8586783892,7.550384904774402,0.5299999999999998,5.332545434998799,51.33259999999999,25.41,3.9368,1.53,0.52,12.460000000000004,385.4,17.24080477785661,0,0
2320,i-80,8.2175432632,7.786679026938162,0.7002000000000002,4.354131741747119,47.3102,17.92,7.217000000000001,1.96,0.2,23.100000000000005,440.50000000000006,14.881726036276016,0,0
2320,i-80,5.357725844,3.150330443842884,0.6434000000000001,3.214690520541152,45.1826,21.14,7.779,3.13,0.0,0.1760000000000012,4.499999999999993,0.9176337985074798,0,0
2320,i-80,7.17272536,3.3454359133640303,1.2179999999999995,4.566529070870133,49.2726,22.89,5.29,1.9,0.02,0.6360000000000007,20.39999999999999,1.2914870947548671,0,0
2321,i-80,23.744857304400004,4.9231235503371815,0.0388,4.863870399723467,66.1186,34.51,1.8962,1.45,1.0,0.0920000000000016,3.400000000000034,22.15128781062129,0,1
2321,i-80,10.2548154472,4.448687331977511,-0.631,5.123340448080604,45.7518,29.63,3.8394,1.39,0.48,0.2519999999999996,5.0,5.300603886466569,0,1
2322,i-80,8.5148159112,3.940905237809356,0.1112,4.716792251398946,59.2758,20.75,5.2876,1.58,0.16,0.1659999999999996,6.999999999999957,1.1527669633697588,0,0
2325,i-80,7.521952539600001,5.142122670745747,0.0601999999999998,4.606918262521163,32.962599999999995,17.48,7.0972,1.67,0.4,0.5800000000000018,11.700000000000015,1.1076143873299986,0,0
2328,i-80,12.9875419912,9.57644194203772,-0.3308,4.64005358871236,53.5704,27.26,6.8608,1.39,0.36,8.711999999999998,302.8,15.745564198626266,0,1
2328,i-80,16.423631984,13.047079787454033,-0.3103999999999999,5.159066898704272,59.4284,27.26,6.731,1.23,0.46,26.916000000000004,603.8000000000001,17.053601921959277,0,1
2328,i-80,11.2776788108,11.865735358694277,0.3172,5.150531591347575,53.04080000000001,27.91,5.5196000000000005,1.23,0.22,18.894,603.8000000000001,13.926402780931433,0,1
2328,i-80,8.0421796736,5.2004748432317065,-0.1194,4.324885941636295,46.0826,27.91,5.582999999999998,1.67,0.14,0.7280000000000009,13.099999999999987,12.689745607218388,0,0
2328,i-80,16.93976821,7.770128615481251,-0.0419999999999999,3.7894019774812455,70.3194,37.77,3.382,1.67,0.58,0.4920000000000016,19.50000000000003,18.53839055107216,0,0
2328,i-80,10.4860881128,2.5971839833405737,0.7405999999999997,4.0102381271858025,58.78659999999999,30.4,3.8958,1.79,0.22,0.2219999999999999,4.200000000000017,1.4095099880918236,0,0
2329,i-80,5.2414076932,2.627182923629767,0.6504000000000001,3.920733979598145,39.1516,29.53,7.273,2.61,0.08,0.3359999999999999,9.199999999999946,0.7442923523147913,0,0
2330,i-80,8.142952373999998,3.7032376317452194,0.6084,4.095092812483881,35.056000000000004,22.99,3.4048000000000003,1.68,0.42,0.222000000000002,4.500000000000028,0.8359859143428147,0,0
2330,i-80,4.8616350672,2.931179185129676,0.018,3.153372020875561,30.176600000000004,22.39,7.249199999999999,1.68,0.16,0.222000000000002,4.500000000000028,0.7859623829083289,0,0
2330,i-80,4.472453352800001,2.891440558993021,0.1058,3.4959020266008363,34.63419999999999,22.39,8.6808,2.13,0.08,0.4039999999999992,10.19999999999996,0.9541576177926984,0,0
2330,i-80,7.146270821600001,5.069111992249476,0.6803999999999999,3.825918035756455,38.8236,23.17,5.2636,1.83,0.32,7.191999999999997,320.19999999999993,7.457634649054317,1,0
2330,i-80,15.231677756400002,8.558923570662605,0.3697999999999997,4.230224816720738,51.04280000000001,26.18,2.9288,1.59,0.74,6.9899999999999975,320.19999999999993,11.990018695428908,1,0
2332,i-80,18.4258587228,13.086797828972315,0.0738,4.570085467874038,124.22340000000004,28.5,6.865000000000001,0.57,0.2,18.234,873.1000000000001,6.734035052277804,1,1
2332,i-80,9.5199520068,9.58731247539797,-0.4058,3.606835964314068,82.5564,29.86,8.1068,1.72,0.12,0.4300000000000011,16.899999999999977,4.968360369459559,1,0
2332,i-80,5.958543865599999,1.9566728549807573,0.0526,2.42790142858782,75.85480000000001,29.86,9.3996,3.69,0.0,0.4180000000000007,12.999999999999972,1.1962875227732075,1,0
2332,i-80,9.2635884388,5.968812984668047,0.477,2.659072456051285,90.5676,30.62,7.922000000000001,3.21,0.0,86.68,2249.9,8.133459134178208,1,0
2332,i-80,11.413906047200005,8.911089612448231,0.4536,3.192016674295357,77.01299999999999,28.49,6.9644,1.91,0.18,106.116,2249.9,9.447546788992582,1,0
2332,i-80,5.7728166424000005,4.601548899659719,0.263,3.603948656455492,43.915,25.98,7.3288,1.91,0.14,16.416,798.1,6.957724064898327,0,0
2333,i-80,11.1237243064,7.415549176719896,1.2618,4.284608757410837,43.8156,9.03,3.3318000000000008,0.55,0.56,0.0980000000000018,3.9000000000000057,19.272654122886347,0,1
2333,i-80,18.255404222800003,7.163847980184828,0.7899999999999998,4.2401573902247485,76.0174,25.64,3.0986000000000007,1.84,0.58,0.0240000000000009,1.2000000000000457,29.410512358512293,0,0
2333,i-80,10.952724352,2.926063708088937,-0.2161999999999999,4.365282275745611,41.7058,19.27,2.8878000000000004,1.32,0.74,0.6480000000000011,17.19999999999999,1.3932117790287626,0,1
2334,i-80,24.00776632520001,6.220669348706262,0.9254,4.9762473402993885,73.4918,3.12,2.2164,0.08,0.78,0.3679999999999964,10.999999999999943,7.610933753784078,0,1
2335,i-80,7.432770745200002,3.258621335746944,-0.8758000000000001,4.924408216802735,33.3258,14.76,3.3005999999999998,1.71,0.44,1.1940000000000004,42.80000000000001,7.509872411862199,0,0
2335,i-80,14.52613249,6.688717804993782,-0.7688000000000003,5.338369635698425,53.28480000000001,20.14,2.750400000000001,1.56,0.7,1.5219999999999998,42.80000000000001,17.06597000551037,0,0
2335,i-80,17.723449819200003,5.207573833498823,-0.2384000000000001,4.305432429868487,61.5904,47.82,2.5066,1.56,0.82,0.4759999999999991,10.200000000000031,14.143160207849515,0,0
2337,i-80,24.2191299052,5.7430854032200624,-0.0428,4.570164128700993,105.067,48.44,3.2378000000000005,1.21,0.5,0.5119999999999962,7.30000000000004,24.133787643357888,0,1
2340,i-80,6.986043591599998,3.5916362893326803,-0.1186,3.928496108368874,44.1008,15.92,7.263400000000001,1.61,0.24,0.588000000000001,28.50000000000001,1.0487661485220214,0,0
2340,i-80,12.814905673600002,8.952300515564625,-0.3177999999999999,3.81564517774504,48.1106,15.92,5.976999999999999,1.49,0.6,0.1840000000000003,5.700000000000074,19.80699186379004,0,1
2340,i-80,17.584904401600003,8.82246131618625,-0.0302,4.2489679371127576,53.31280000000001,25.49,4.3076,1.37,0.76,10.073999999999998,353.20000000000005,21.47840907063916,0,1
2340,i-80,8.248906891199999,5.357091019847117,-0.0163999999999999,4.545451981297978,46.11579999999999,28.11,5.860000000000001,1.66,0.28,0.5060000000000002,17.00000000000003,1.0021609730569074,0,0
2341,i-80,10.0880427644,8.763901259109618,0.6541999999999999,4.815677242727387,42.5328,24.35,5.8522,1.38,0.38,6.2620000000000005,225.0,6.856680854227845,0,1
2341,i-80,8.354315954,5.511305393633431,-0.1081999999999999,4.3582493630130985,46.81120000000001,24.35,4.6376,1.38,0.1,0.3319999999999986,11.199999999999974,2.9157381871351835,0,1
2342,i-80,15.4209504332,11.371995516783274,0.4075999999999999,5.037868256656636,49.0452,15.52,4.921199999999999,0.76,0.52,7.206000000000001,140.6,10.24045797971388,0,1
2342,i-80,5.586407601200001,3.016449794182801,0.4268,4.45533408353609,42.0404,19.26,11.8054,3.04,0.0,0.8539999999999992,8.599999999999994,1.6129155090033924,0,0
2342,i-80,12.115496769200002,8.832691538548636,0.0063999999999999,4.373582923855079,44.1346,21.03,9.6164,1.07,0.42,0.8240000000000023,8.599999999999994,16.240445057099052,0,1
2342,i-80,19.1484494392,6.069684540866415,-0.8292,4.635079569138473,56.1394,27.95,2.1362000000000005,1.07,0.92,0.3740000000000038,6.2000000000000455,13.393527850954197,0,1
2343,i-80,8.0432705824,5.3989380679442265,-0.0536000000000001,4.518613549327189,47.1484,20.05,5.805,0.92,0.14,0.2620000000000004,8.200000000000003,0.9460120914358636,0,1
2343,i-80,6.473180091999999,3.292892407172884,-0.575,4.337650661971999,43.7126,26.74,5.845,1.47,0.06,0.6259999999999991,16.999999999999957,0.8130861743620877,0,1
2343,i-80,6.5375437112000006,3.636832378783692,-0.252,5.106051631672571,46.13760000000001,30.59,9.189,2.52,0.14,1.6519999999999968,16.999999999999957,16.95643821619363,0,0
2343,i-80,7.117225374799999,4.167605292504218,0.2613999999999999,4.738017328385538,52.9184,32.62,9.9816,2.67,0.1,1.259999999999997,13.999999999999986,15.865035184213315,0,0
2343,i-80,8.819452193599998,3.923946274079735,0.4736000000000001,4.359960569003498,67.9142,39.02,6.759600000000001,3.43,0.0,0.5320000000000007,13.000000000000114,0.6184485011473697,0,0
2343,i-80,9.556906542400002,3.736333297233181,-0.1043999999999999,4.860073132900662,79.66820000000001,40.01,6.703199999999999,3.43,0.0,1.2179999999999993,17.00000000000003,0.9284832344930596,0,0
2344,i-80,19.861903794400003,11.287316086713654,0.3682000000000001,4.716758524621738,80.8764,32.43,3.1503999999999994,1.89,0.6,27.282,914.3,20.838868101816324,0,0
2344,i-80,5.314771310000001,3.496971327554485,0.5665999999999998,3.567141775845136,41.57640000000001,31.3,12.9168,2.05,0.2,0.2039999999999992,8.799999999999955,1.2487825073295369,0,0
2344,i-80,8.973679425200002,4.965603345696006,-0.3893999999999999,4.763506001735637,50.6066,25.14,4.8602,1.84,0.26,0.4700000000000031,9.100000000000108,10.757405672923037,0,0
2344,i-80,15.0113141788,7.544773709279412,-0.5752,4.602878088096355,66.0548,25.14,3.776,1.84,0.5,0.2820000000000036,9.100000000000108,10.710618476701958,0,0
2347,i-80,25.6467204336,6.283819718756866,-0.3844000000000001,5.309927998281971,135.5742,43.09,3.3922,1.49,0.5,0.1479999999999961,3.899999999999864,13.802288488389696,1,1
2347,i-80,16.0819048024,7.767099134509843,-0.366,3.537733045615626,52.1764,21.68,2.6415999999999995,1.49,0.72,8.004,396.7000000000001,18.31435614499495,1,1
2347,i-80,9.0452703152,3.944367793684085,0.3504,4.415099767749725,29.685200000000005,18.7,2.842,1.35,0.8,0.2179999999999999,3.6999999999999744,6.336105909139834,0,1
2347,i-80,10.0825882204,3.602869450488163,0.178,4.305281047499592,32.3892,17.49,2.7454,1.43,0.84,0.3059999999999988,6.000000000000014,1.251549104436708,0,1
2348,i-80,8.6858158656,2.56848968187587,0.754,3.3768594273136,30.6516,22.11,2.5535999999999994,1.52,0.8,0.2699999999999996,6.000000000000014,1.1543165358332004,0,0
2349,i-80,8.569770442000001,3.1936416107949315,0.5603999999999999,3.587041848722956,45.6386,24.57,4.842,2.22,0.38,0.3259999999999998,15.300000000000011,7.710894258231833,0,0
2351,i-80,6.3665437568,4.046701763454157,-1.2472,4.0498974741368965,82.11320000000002,26.68,9.71,3.74,0.0,0.3639999999999972,7.69999999999996,4.645693935291924,1,0
2351,i-80,5.5555894276,2.484462452088952,-0.453,4.003477697386285,66.9624,26.68,8.6144,3.9,0.0,0.2579999999999998,7.69999999999996,1.588928597566066,1,0
2355,i-80,17.709131641200003,10.698970290673754,0.2931999999999999,6.191858855112304,67.24860000000001,22.73,4.5372,1.82,0.64,32.528,933.6,6.4023395186957295,0,0
2355,i-80,9.911588266,10.109558700454995,-0.0011999999999999,4.971082352476373,48.03060000000001,17.73,6.353400000000001,2.06,0.28,19.026000000000003,933.6,5.794292063394662,0,0
2355,i-80,4.5114533424,3.632031382380139,-0.5742,3.5256483496960223,36.642,17.73,23.7968,2.06,0.1,0.1459999999999993,7.299999999999969,17.07296912953219,0,0
2355,i-80,6.8142254556,5.392826888731321,-0.1611999999999999,3.690761571761557,54.06460000000001,27.12,23.613,2.53,0.04,1.3519999999999996,30.30000000000001,15.25736757486998,0,0
2355,i-80,10.2121336404,3.461987007730231,0.1043999999999999,3.868686514430806,58.0318,28.18,4.635999999999999,1.88,0.28,1.7400000000000009,30.30000000000001,0.6339561978688484,0,0
2355,i-80,8.484815919199999,3.5855732566455174,-0.6874000000000001,3.671161085308804,47.21720000000001,28.18,4.8438,1.88,0.28,0.3880000000000009,19.40000000000005,1.0478545264355297,0,0
2356,i-80,16.863404594,11.692611288871564,-0.4504000000000001,4.282801371980346,42.7248,20.48,4.2278,0.42,0.56,0.3019999999999981,6.999999999999957,29.39009836349512,0,1
2356,i-80,6.9282254252,2.629538964173839,0.4548,5.109235032002824,48.644000000000005,31.88,5.5336,2.07,0.12,0.4259999999999991,14.699999999999989,0.632735904543088,0,0
2358,i-80,4.4526806308,1.6495708007315697,-0.6005999999999999,3.805909159532351,34.3352,23.29,6.0192000000000005,2.87,0.02,0.693999999999997,9.099999999999966,0.9841531631669068,0,0
2358,i-80,5.718407566,2.544678389700383,-0.1502,3.544891979011087,32.6894,25.4,4.659,1.94,0.24,0.7719999999999991,14.299999999999995,1.4236305736405357,0,0
2358,i-80,6.345271035200001,2.903265870511845,0.1419999999999999,3.9088304007772985,32.822,21.98,4.2984,1.94,0.3,0.9740000000000002,14.299999999999995,1.3261333390957424,0,0
2358,i-80,7.4582707384,2.918323967295909,0.1173999999999999,4.637747874447119,37.363,18.53,3.8048,1.44,0.18,0.5580000000000005,10.199999999999996,1.6353279019630211,0,1
2359,i-80,26.859401928400008,8.44510501911564,0.977,4.567376440695512,48.7764,0.19,1.3616,0.0,0.98,0.3940000000000004,8.099999999999987,23.485165399425387,0,1
2360,i-80,13.466587318000002,14.893519956414096,-0.2324,4.88886429781488,46.57759999999999,21.51,4.0144,0.44,0.26,6.263999999999999,266.9,12.319934945312603,0,1
2360,i-80,7.964588785200001,6.510373303229437,-1.1416000000000002,3.653090589780502,43.4912,21.51,5.7138,0.44,0.2,6.633999999999999,266.9,9.29165234311455,0,1
2360,i-80,13.1837692116,7.68833102728078,-0.6678000000000001,3.985773829560349,49.0564,12.65,4.363200000000001,0.99,0.62,11.852000000000002,430.1,24.063028302949974,0,1
2360,i-80,15.542859491600002,9.367160263339082,-0.0421999999999999,4.2003499805592,45.9546,8.32,3.5,0.82,0.8,47.056,577.3000000000001,22.2781111521546,0,1
2360,i-80,12.828405669999997,6.84386652217317,0.6258,4.01532070541656,41.5166,21.42,2.8562,1.31,0.66,26.426,240.20000000000005,16.972105833348063,0,1
2360,i-80,6.611180055200001,3.316015222196328,-0.2438,4.345004116857682,27.3274,18.35,3.7464,1.78,0.54,0.0799999999999997,1.999999999999993,1.5620444673437384,0,0
2361,i-80,25.118584210800005,5.909507109412457,0.0917999999999999,5.053519965411863,77.703,37.88,2.0514,1.38,1.0,1.2479999999999976,45.99999999999994,18.930351404836948,0,1
2361,i-80,21.7092214836,3.635865514598093,0.37,4.576082006543616,58.6116,37.88,1.8498,1.38,1.0,0.6979999999999962,8.399999999999963,7.136040861510173,0,1
2362,i-80,21.460630640800005,8.859359475359538,-1.8984,4.643342550449658,93.836,29.37,3.5486,1.11,0.36,18.446,873.2999999999998,13.012852485311964,0,1
2362,i-80,15.6929958152,8.436008512881548,-0.5091999999999999,4.078003132786979,82.4578,29.37,4.4626,1.11,0.08,41.584,873.2999999999998,5.067606170127096,0,1
2362,i-80,6.970907231999999,6.44658225474481,0.2584000000000001,2.9346726410630675,53.7918,28.17,8.984399999999999,2.96,0.04,13.199999999999998,594.5,3.2258033345294352,0,0
2362,i-80,5.4428167304,3.72717835579144,0.0259999999999999,2.5260318158514705,44.6296,32.76,9.2468,1.9,0.1,0.5319999999999994,11.500000000000057,1.334434239056892,0,0
2362,i-80,7.0160435836,3.3408685827600326,-0.6494000000000001,5.090673509027091,41.71699999999999,23.45,6.5448,1.9,0.2,0.5640000000000015,23.800000000000026,1.3119712324185604,0,0
2364,i-80,14.8388142248,11.397283093207054,-0.2657999999999999,4.5467732851025735,54.8758,21.02,4.1042000000000005,0.99,0.5,52.36,625.5,11.32181012743248,0,1
2364,i-80,10.7087698716,6.508691690071611,0.0756,4.591027700519653,42.91179999999999,14.52,2.9568000000000008,1.67,0.62,0.7800000000000005,18.000000000000007,16.706017460416923,0,0
2364,i-80,18.350586015600005,4.841125939608732,0.9428,3.8313103422687527,73.98539999999998,26.38,2.7354000000000003,1.99,0.72,0.1659999999999982,3.5999999999999943,23.64654926458508,0,0
2365,i-80,15.5034504112,11.246368853098192,-0.5554000000000001,4.730415354762352,67.6834,24.22,4.303999999999999,0.72,0.26,43.768,1106.9,10.402986558538988,0,1
2365,i-80,9.8746337304,12.304310434692516,0.6526,4.902272197040628,46.04800000000001,21.43,8.8518,1.11,0.16,13.137999999999998,399.8,1.0678675009531082,0,1
2365,i-80,5.1854986172,2.168050495202966,0.4402,4.454077925145148,50.4964,22.67,9.833,3.01,0.0,0.1599999999999994,3.6999999999999744,0.8813483707435131,0,0
2365,i-80,7.528088901600001,4.048366228751917,-0.045,4.845502543385895,63.568000000000005,42.07,8.986199999999998,3.01,0.0,0.6819999999999993,13.599999999999994,1.0198357788969592,0,0
2366,i-80,5.2171349724,1.7854652214489497,0.2544,2.9189935083930583,30.1116,13.35,4.321999999999999,2.31,0.24,0.4000000000000007,11.400000000000006,7.515685093515957,0,0
2366,i-80,10.769860764400002,6.586692753784322,0.6892,3.514430798398895,40.691,13.35,3.1720000000000006,1.47,0.64,0.5740000000000031,11.400000000000006,5.381199791716281,0,1
2366,i-80,18.7514949996,5.546097334895364,0.6090000000000001,4.683039415087738,66.7728,23.44,2.4966,1.47,0.82,18.468000000000004,524.6000000000001,10.428433355661308,0,1
2366,i-80,10.2155427304,7.749912463975864,0.1248,4.673906393969806,60.46379999999999,30.19,13.910399999999996,2.34,0.22,20.176,777.6999999999999,16.103678155195553,0,0
2366,i-80,7.9898160512,5.244287117048294,-0.2124000000000001,4.012269224083874,47.3578,16.4,6.444599999999999,2.79,0.1,0.6559999999999995,19.49999999999996,1.0319646072478672,0,0
2368,i-80,14.3048143672,11.331931781271908,-0.5224,5.716993843992216,80.2826,28.35,9.967,1.67,0.32,76.12000000000002,1197.3000000000002,3.922465986585272,1,0
2368,i-80,17.7848134392,8.580316871759909,0.5754,3.932921337237495,78.898,20.42,3.82,0.6,0.56,0.434000000000001,6.700000000000017,13.768578171595896,1,1
2369,i-80,4.662271484,2.0151064317962564,-0.0376,4.105490380613031,70.52199999999999,61.87,14.550200000000002,4.51,0.0,0.3980000000000018,12.800000000000011,1.588895445372832,0,0
2369,i-80,4.4442260876,2.1543435000194067,-0.2781999999999999,3.490961910594913,76.13799999999999,67.33,16.453599999999998,6.19,0.0,0.6140000000000014,12.800000000000011,1.4562715512638458,0,0
2369,i-80,5.6395894052,4.143504703959974,0.596,3.342265515411695,81.5696,35.53,17.1972,1.78,0.08,0.2159999999999996,6.300000000000097,2.635339139001093,0,0
2370,i-80,6.482725544000001,4.0245450707272745,-0.2382,4.3778009995700735,39.2524,22.5,7.2,2.16,0.14,0.2420000000000001,7.199999999999989,6.1352600639787935,0,0
2370,i-80,6.01363476,4.109294089934028,-0.1615999999999999,4.314980719799904,38.4552,20.21,8.2534,2.03,0.12,0.1460000000000015,3.3000000000000185,2.251677410922164,0,0
2370,i-80,6.186134714,3.38872218049569,0.0928,5.854119094052233,38.10060000000001,20.21,7.291999999999999,2.03,0.14,0.9140000000000016,13.100000000000025,1.1508013953018004,0,0
2371,i-80,21.758176016,3.8595348282366593,0.7120000000000001,4.501029814137548,97.5544,56.44,3.108200000000001,1.73,0.52,1.2180000000000006,60.900000000000034,1.4247439052370794,0,0
2372,i-80,19.3599493828,11.02011816829291,0.2826000000000001,4.987812006505949,66.2432,13.0,3.7186,1.1,0.5,27.376,468.2,6.5871569260004055,0,1
2372,i-80,11.53636056,10.74294295308367,-0.2576000000000001,5.213865564286154,50.6246,13.0,4.9924,1.31,0.28,8.180000000000001,346.7000000000001,5.098462866594285,0,1
2372,i-80,7.7359070280000015,3.668724454007721,-0.8022,4.641847050562559,50.8062,32.93,5.0118,2.63,0.02,0.2659999999999997,10.0,1.3804983313489163,0,0
2372,i-80,14.7445869772,6.89961758786837,-0.5770000000000001,3.4077901451629016,60.8484,35.33,3.4318,1.28,0.42,0.0,0.0,11.986833916307626,0,1
2374,i-80,15.428450431199998,10.759223425724397,-0.204,4.223868523773255,47.7428,25.49,3.761400000000001,0.86,0.44,9.304,182.5,11.745637766091924,0,1
2374,i-80,13.6904963492,7.787236770513657,0.1226,4.209572090328596,60.9226,20.03,4.2308,1.19,0.5,0.5160000000000032,10.599999999999987,4.628977573935739,0,1
2376,i-80,17.4998135152,9.02756214044965,0.135,3.738637343160402,61.6396,22.74,3.1358000000000006,1.85,0.72,46.938,558.6,11.228024666513551,0,0
2376,i-80,11.850542294400002,9.171872457792734,-0.2324000000000001,4.167920031353181,59.278,19.42,5.5942,1.93,0.3,63.99,1115.0,0.819851380260036,0,0
2377,i-80,6.536043711600001,2.156414572407836,0.4742000000000002,3.328206043709998,41.0198,28.37,4.6996,3.05,0.0,0.5800000000000004,11.799999999999995,6.382114632634047,0,0
2379,i-80,12.399269420800003,8.497652225661053,-0.3467999999999999,5.455308756858137,59.6612,28.18,5.703399999999999,1.86,0.34,1.612000000000002,30.29999999999994,5.442858351143473,0,0
2379,i-80,7.790179740799999,9.98869360026476,0.2588,3.694200993393813,50.214000000000006,24.99,8.4676,1.45,0.1,23.305999999999997,1138.9,4.622428134958633,0,1
2379,i-80,5.357725844,2.9217995323414456,0.4986,4.08168433120346,46.32,24.99,9.1554,3.74,0.0,0.611999999999999,15.799999999999985,0.7010840378751069,0,0
2379,i-80,14.2504052908,9.023935274890254,0.5232,4.036993445824832,48.3976,31.86,4.0322,1.01,0.44,0.4219999999999985,9.699999999999989,10.94647436054744,0,1
2383,i-80,12.682496618000002,8.950777092647195,-0.4615999999999999,5.675932490142308,58.28139999999999,28.37,4.096,1.38,0.24,15.320000000000002,262.6,21.08638282606448,0,1
2383,i-80,13.969769002,10.52447591676861,-0.1695999999999999,4.559903758382878,58.7308,32.19,4.227799999999999,1.38,0.42,18.05,262.6,24.369916899199257,0,1
2383,i-80,9.3944974948,9.539504814639242,1.3076,3.8587142619144577,50.524800000000006,21.72,5.3718,2.04,0.24,10.391999999999998,360.8,20.742443810167572,0,0
2383,i-80,4.9906350328,1.915520544717081,0.8151999999999999,3.59379581035576,40.7572,21.72,6.114000000000001,3.28,0.0,7.653999999999997,360.8,1.1195470704071102,0,0
2383,i-80,12.6291784504,8.760365619135332,0.5603999999999999,3.2080447093428823,50.79999999999999,37.28,4.2666,1.42,0.38,0.4759999999999976,10.499999999999972,23.88755223332001,0,1
2383,i-80,19.729085648,6.226054194308048,0.1716000000000001,3.8260227977600434,56.593,42.97,2.264,1.42,0.88,1.2719999999999985,10.499999999999972,16.019917261487272,0,1
2384,i-80,11.1616333872,10.36057530853585,-0.2356,4.579854360040685,48.6044,19.64,6.849399999999999,1.16,0.34,55.75200000000001,816.0,9.090799298618087,0,1
2384,i-80,6.172089263199999,3.360989044465273,0.029,2.771164383578918,40.2988,26.61,10.1308,2.29,0.12,0.1059999999999995,4.800000000000004,3.909469305600003,0,0
2385,i-80,15.274768654,12.633586418574705,0.4515999999999999,5.40860552400392,88.61880000000001,59.25,5.8454,1.48,0.24,23.553999999999995,594.3,11.904983153250727,0,1
2385,i-80,12.5374057476,13.640601479072249,0.4726000000000001,4.059114113665086,78.4804,58.93,11.554,1.48,0.24,23.588,594.3,11.396486899362756,0,1
2385,i-80,5.241134966000001,2.7056278813127435,0.4538000000000001,3.708642355694194,77.62,58.93,15.264999999999995,5.46,0.0,0.3959999999999979,11.899999999999975,0.892843912130542,0,0
2385,i-80,13.686814532,8.875533957816305,0.0666,4.310365110724972,91.635,71.8,7.7734,2.61,0.32,0.6699999999999988,16.500000000000057,5.79132117107406,0,0
2387,i-80,6.0983165556,3.741556480546089,-0.8213999999999999,4.165908289623166,38.6598,18.32,9.0642,2.2,0.12,0.9560000000000002,17.5,0.7200863352432688,0,0
2387,i-80,4.4949533468,2.7841808391275804,-1.4573999999999998,3.944633042088287,33.3404,18.13,8.0676,2.2,0.06,1.0999999999999992,17.5,0.792631525170351,0,0
2387,i-80,5.7021802976,3.5810358242449465,-0.8201999999999999,3.6600582631695793,43.006799999999984,18.13,7.942,2.32,0.02,1.198000000000001,29.000000000000057,1.5016983886960271,0,0
2389,i-80,18.869449513600003,6.6003045910015485,0.1694,5.17811777717403,63.8944,19.32,2.469,0.84,0.82,0.9959999999999992,45.09999999999998,11.038199690092917,0,1
2390,i-80,7.471498007599999,4.146729750451675,-0.4991999999999998,4.8414582218878754,32.2312,17.51,4.6552,1.67,0.48,0.1120000000000004,2.5,0.930967898567542,0,0
2391,i-80,9.1884520952,9.33599524012278,0.6653999999999999,3.2559573093024423,47.4738,22.01,4.931,0.7,0.14,16.614,822.7,5.143979524350654,0,1
2391,i-80,6.495952813200001,2.927437098928624,-0.5906,2.8028669069292578,41.5108,22.01,4.823,2.81,0.04,0.0019999999999996,0.0999999999999801,0.885176350237854,0,0
2391,i-80,12.1945876572,8.470097840643202,-0.8563999999999998,3.809238372639842,45.56140000000001,25.89,9.533,1.16,0.38,1.625999999999999,81.1,11.47255691301852,0,1
2391,i-80,13.7150417972,8.38543712310397,-0.384,3.966516489468371,51.17100000000001,29.61,9.929,1.16,0.56,21.988000000000003,439.1,16.50168486482393,0,1
2391,i-80,12.725587515600004,7.644522418645518,-0.036,3.250551601541762,52.0322,29.61,4.5258,1.23,0.5,20.908,439.1,16.982938848149928,0,1
2391,i-80,11.1362697576,8.636003377079808,0.5645999999999999,4.222322704437471,50.691,24.12,6.311599999999999,1.28,0.36,0.9699999999999988,12.299999999999969,16.340682101067973,0,1
2391,i-80,7.126634463200002,3.3223828819247307,-0.3941999999999999,4.256701841969739,51.93879999999999,21.64,5.9558,1.71,0.12,0.0300000000000011,1.0000000000000142,4.732419518597226,0,0
2392,i-80,14.6731324508,9.423830256623615,-0.5236000000000001,3.735749390711866,49.7192,1.15,3.6798,0.25,0.72,30.256000000000004,853.3,16.927725447264297,0,1
2392,i-80,9.483406562,9.502125340835118,-0.3829999999999999,4.641504088555953,52.616800000000005,7.72,13.7466,1.6,0.32,25.69,383.2000000000001,13.797613862681962,0,0
2392,i-80,4.6497260328,2.9137255869603167,-0.1399999999999999,4.032496568061599,45.688,7.72,11.806599999999998,1.56,0.14,0.3480000000000004,9.699999999999989,14.003639462231355,0,0
2393,i-80,10.519088104,3.4287810855377696,-0.1609999999999998,6.156235680600771,57.09160000000001,32.89,4.303599999999999,2.46,0.26,0.7439999999999983,9.799999999999969,1.166408427960089,0,0
2393,i-80,8.8791794504,4.246721293855632,-0.0741999999999998,5.022547971144624,54.268400000000014,25.51,4.9646,2.58,0.08,0.5699999999999988,9.099999999999966,1.3467152366300117,0,0
2394,i-80,8.6915431368,10.733646042230678,-0.843,3.581754928432002,39.5706,15.06,6.229,1.04,0.32,2.228,76.8,22.28817287105886,0,1
2394,i-80,7.861770630799999,6.122915981127863,0.611,3.6490296445683703,45.4146,15.06,5.939600000000001,2.45,0.16,0.6359999999999992,19.1,4.095748389115081,0,0
2394,i-80,9.7726337576,5.947677203358583,0.6775999999999999,5.698647372627211,49.905800000000006,23.34,4.1374,2.22,0.22,0.314,12.699999999999996,1.296489943450926,0,0
2394,i-80,6.3560437596,4.07511273588216,-0.559,5.474060258554496,35.35999999999999,14.99,4.3834,1.5,0.22,0.4060000000000002,12.699999999999996,0.92921306534956,0,0
2395,i-80,20.2658127776,12.43521394386835,0.5421999999999999,5.262726572755974,77.93820000000001,15.49,4.86,0.94,0.38,36.456,1344.3000000000002,15.222634309019002,0,1
2395,i-80,14.2169962088,14.00432184507745,0.3554,4.4871049755075365,55.1584,15.49,6.339800000000001,0.94,0.32,0.2519999999999989,5.300000000000011,15.264074693427396,0,1
2395,i-80,6.8762708936,2.653762415032848,-0.7188000000000001,2.6599882154104457,49.9216,21.9,7.0482000000000005,2.84,0.02,0.2099999999999994,5.300000000000011,1.0968609637859992,0,0
2395,i-80,12.146860397200005,8.11395694454333,-0.3041999999999999,3.9284613439121743,52.84839999999999,21.9,5.8722,0.98,0.26,0.6199999999999981,9.500000000000028,15.169584947169378,0,1
2395,i-80,15.4306322488,8.963110938346803,0.6912,3.888482018495554,45.64920000000001,21.9,3.2028,0.98,0.54,5.157999999999998,96.1,13.422445995360432,0,1
2395,i-80,8.602906796800001,8.142886144852168,0.9038,3.5173000371052234,36.5884,20.52,4.1566,1.18,0.2,9.65,331.4,4.649488630034095,0,1
2395,i-80,5.894589337200001,4.566852120280589,0.3835999999999998,3.083030420127017,39.9038,20.52,5.0874,2.27,0.1,0.134000000000001,5.200000000000031,1.0223300176058412,0,0
2395,i-80,7.555634348800001,4.558866221950274,-0.7685999999999998,4.514883328435825,40.312000000000005,18.2,4.145600000000001,1.77,0.44,0.9600000000000016,28.50000000000001,1.21823872932716,0,0
2396,i-80,6.665043677200001,3.1525925457597896,-0.5871999999999999,2.56515587305357,51.0608,24.81,6.4808,3.18,0.0,1.165999999999998,15.0,0.5800909091316138,0,0
2396,i-80,4.9782259452,2.583679910758752,-0.245,3.532327815466504,45.314800000000005,19.67,8.0308,2.62,0.02,1.1680000000000006,15.0,0.8407503296072466,0,0
2396,i-80,5.049816835200001,2.1795329919187068,-0.5924,4.044009709510134,46.6214,19.67,7.417000000000002,2.62,0.02,0.3780000000000015,9.80000000000004,1.4453496752251578,0,0
2396,i-80,12.529633022400002,9.052473464056874,-0.9948,3.2775676894892154,62.55879999999999,34.99,4.9488,1.8,0.36,0.747999999999999,14.899999999999949,22.992369515940524,0,0
2396,i-80,18.7614495424,6.652386621902296,0.0246,4.175729783461784,66.4212,34.99,2.7738000000000005,1.8,0.86,0.8559999999999988,14.899999999999949,16.398229722822187,0,0
2398,i-80,6.6852254900000005,4.280601163185239,0.5568,4.732172319045753,36.7862,23.32,6.1216,2.0,0.28,0.722000000000002,12.300000000000004,1.010512721748879,0,0
2398,i-80,10.1307245712,5.141177214299006,-0.2676,4.275803092008874,43.9402,23.59,3.719799999999999,2.0,0.56,0.6399999999999999,13.699999999999974,1.0182788327489134,0,0
2399,i-80,12.0038149808,9.196757309795386,-0.8422,4.923670975760974,52.43,20.89,4.0936,1.79,0.42,33.024,631.9,28.70431923087108,0,0
2399,i-80,9.640770156400002,7.769554391268969,-0.8242,5.206024410552192,50.285,8.53,3.985399999999999,1.45,0.36,36.524,631.9,26.375381736678435,0,1
2399,i-80,11.241406093199998,6.557281714302388,-1.1574,3.874042770511846,43.24380000000001,8.53,2.9952000000000005,0.98,0.7,12.3,603.6999999999999,17.66849233267502,0,1
2399,i-80,12.192951294,7.550618092441615,-0.3255999999999997,3.7262544306089262,45.3948,10.91,4.3548,0.98,0.68,0.4380000000000009,9.200000000000015,24.167383674907885,0,1
2399,i-80,13.1285419536,10.016708847508948,0.4197999999999999,3.369184174247528,48.9866,36.3,5.7862,1.24,0.52,2.414,92.39999999999996,16.521346617905564,0,1
2399,i-80,14.003859902000002,9.298048779835431,0.5884,3.870613177178383,45.3286,26.61,4.309799999999999,1.31,0.6,6.471999999999998,148.79999999999998,11.844921091716044,0,1
2399,i-80,3.8545898812,2.297841488114813,0.3429999999999999,2.2300601712390944,41.3208,25.14,19.9336,3.47,0.0,0.7059999999999995,20.500000000000007,1.1336435261976296,0,0
2400,i-80,24.059993584,4.912737169391179,0.1476,6.0116592704238885,210.25799999999995,131.38,6.5262,3.42,0.0,2.281999999999994,27.99999999999983,16.662062981871024,0,0
2400,i-80,21.938857786,4.461002521341236,0.2606,5.270901797140793,217.1478,44.53,6.932199999999999,2.76,0.04,1.587999999999994,27.99999999999983,15.467060640296598,0,0
2400,i-80,9.459542932,4.409706907807107,-0.1617999999999999,3.7124224392365344,48.846,25.15,4.4322,1.42,0.36,0.3379999999999995,6.099999999999994,5.214939923734813,0,1
2401,i-80,17.3555408264,10.928401682026864,-0.4449999999999999,4.656299770313377,45.0032,29.42,5.0878000000000005,0.88,0.62,14.546,472.7000000000001,1.6093370150976036,0,1
2401,i-80,7.809679735600001,7.109186904705101,-1.0437999999999998,4.429476815284493,48.96940000000001,27.32,9.2994,1.14,0.1,6.725999999999996,198.6,0.9725770859748164,0,1
2401,i-80,8.649543148,3.3175049872157683,0.3714,3.222810289679693,54.36600000000001,31.66,4.6772,1.92,0.06,0.8379999999999967,20.39999999999992,6.746001059584735,0,0
2401,i-80,17.0183136436,7.54310183990665,0.4918,4.102030701683133,57.14019999999999,35.5,2.6615999999999995,1.5,0.56,0.209999999999998,6.799999999999926,16.768283196035572,0,0
2402,i-80,14.314632546400002,9.21247415523256,0.6846000000000001,2.633366906700645,36.6236,23.08,2.0934,0.99,0.84,19.568,403.2000000000001,5.685966815102685,0,1
2402,i-80,7.4035889348,9.96560128566164,-0.458,3.8494022859638446,30.8464,19.5,7.8974,1.29,0.24,0.5080000000000006,9.1,2.3932353369360038,0,1
2402,i-80,4.821135078,2.926589647627587,-0.1402,3.747773483234099,28.8922,19.87,5.9670000000000005,2.05,0.14,0.1840000000000003,6.400000000000006,0.9281058923134464,0,0
2402,i-80,13.229860108400002,9.179514016439732,-0.4383999999999999,3.420694141276484,65.2176,23.15,3.7766,1.19,0.18,0.0760000000000019,2.800000000000012,23.436399275651432,0,1
2403,i-80,7.932816066400001,5.072138859733853,0.1089999999999999,3.890909473453764,40.3006,23.41,4.066400000000001,2.21,0.3,0.0159999999999996,0.5999999999999517,7.497823785388311,0,0
2404,i-80,7.188543537600001,5.063061822925207,-0.07,4.600700922641226,35.579,18.54,5.542999999999999,1.43,0.32,1.6980000000000015,59.3,1.2215614672898565,0,1
2404,i-80,5.9237711476,2.083721575318485,0.1217999999999999,2.72557778184699,36.7152,18.54,5.4312000000000005,2.64,0.12,0.2420000000000008,3.7000000000000455,1.030445476084821,0,0
2404,i-80,8.2314523504,3.470262948476776,-0.3384,3.447051008189641,40.632200000000005,29.71,3.8728,1.93,0.28,0.2,9.299999999999995,0.9274651486933708,0,0
2404,i-80,13.7166781604,7.479206404499775,-0.8795999999999998,4.212658262030408,58.9138,18.6,3.868,1.93,0.46,9.694,475.0,8.130051575231143,0,0
2404,i-80,8.845906732000001,7.358357180592836,0.2408,3.3227176238981344,41.0804,19.77,5.1056,1.92,0.3,40.574,609.1999999999999,9.18458534995523,0,0
2404,i-80,6.411134654,4.482918245785347,0.1124,3.5286405776914447,29.6342,19.77,5.6858,1.27,0.28,0.0720000000000005,2.0000000000000284,1.786545561485994,0,1
2404,i-80,9.2166793604,4.211051521244318,0.1431999999999999,4.105204481720088,27.903800000000004,18.15,3.0344,1.17,0.7,0.0900000000000005,2.0000000000000284,5.057456059752426,0,1
2405,i-80,19.0415403768,4.192194354109645,0.3929999999999999,3.517210310366291,70.69139999999999,37.64,2.5076,1.29,0.92,0.2340000000000003,7.199999999999989,5.236594904854778,0,1
2407,i-80,8.8960885368,11.234249818524347,0.5414000000000001,4.183855272207143,61.26960000000001,10.62,7.579400000000001,1.96,0.08,79.404,1973.3,16.6836120752537,0,0
2407,i-80,9.8517246456,6.164629266550528,0.1333999999999999,5.035064642999498,38.1212,3.46,4.595,0.31,0.52,0.446,22.300000000000004,4.271398743374115,0,1
2407,i-80,17.612177121600002,4.554136080773782,0.5459999999999999,5.122179462785308,66.225,3.46,2.5222,0.31,0.64,0.6460000000000001,22.300000000000004,11.925139778088088,0,1
2410,i-80,7.485816185600002,5.135714385008072,-0.3334,2.998184219197496,44.141000000000005,27.99,10.820200000000002,2.76,0.14,0.7940000000000019,19.69999999999999,1.000475487772016,0,0
2410,i-80,7.501088908800003,4.359847761892461,-0.2648,3.195290692917453,35.4596,23.87,8.8298,0.67,0.32,0.8520000000000003,14.800000000000004,2.620297740988335,0,1
2410,i-80,14.3046780036,5.881606750132472,0.3791999999999999,3.5674416832325804,36.76520000000001,23.87,2.023,0.67,0.82,1.0660000000000005,14.800000000000004,6.713857962058319,0,1
2411,i-80,14.7376324336,6.980880583842314,1.1156,3.918441568599768,78.2406,27.41,6.319799999999999,2.69,0.06,16.337999999999997,398.9999999999999,5.689777804240923,0,0
2411,i-80,8.8442703688,4.787893789270467,0.0328,2.788769050374471,49.4414,23.3,4.3728,2.68,0.06,1.114,27.59999999999998,0.8236740240891317,0,0
2412,i-80,7.125679918,3.618543217795453,0.2275999999999999,2.5430293360639062,37.7422,22.13,4.0862,2.39,0.14,0.2519999999999989,5.199999999999996,0.4727410081813577,0,0
2412,i-80,4.773407818000001,3.0312573020163134,0.098,2.7210082165046314,30.9284,15.53,11.6456,2.47,0.06,0.3399999999999991,6.600000000000001,0.6054154195295015,0,0
2412,i-80,6.1103165524,4.141004701031311,-0.7301999999999998,5.03409700067896,35.414,15.53,11.523599999999998,1.78,0.2,1.004000000000001,22.10000000000001,3.2728775483556687,0,0
2412,i-80,8.180316000400001,3.4834055596402496,-0.2613999999999999,6.10895595809621,39.2056,13.73,3.6734,1.76,0.38,1.4200000000000024,22.40000000000002,6.612077478989736,0,0
2412,i-80,8.6135431576,8.074091724114101,0.7256,4.545289627286513,45.9836,13.73,5.545400000000001,1.57,0.34,3.3080000000000016,132.8,9.48521838170168,0,0
2412,i-80,11.7344968708,10.081170886878851,0.8865999999999999,3.0715465824504866,53.7654,14.58,6.0688,1.38,0.42,19.004,314.7,11.043691811460992,0,1
2412,i-80,6.435816465600001,2.826032789082222,-0.5668,2.9607696462168724,38.4646,20.69,4.6686000000000005,2.23,0.16,0.2439999999999997,5.0,0.6961213312024722,0,0
2413,i-80,4.1455898036,1.7166923383397712,-0.7659999999999999,4.020007614979081,22.5086,0.65,4.948,0.13,0.32,0.3100000000000005,9.200000000000015,4.297390391094273,0,1
2413,i-80,7.5398161712,4.454077278737289,0.565,4.24803976402466,29.2172,0.65,2.9456,0.13,0.58,0.944000000000001,31.700000000000017,8.539146996758218,0,1
2413,i-80,8.3654977692,3.83426194473578,0.4359999999999999,4.338932907468172,39.8914,25.92,3.765800000000001,1.99,0.36,1.102000000000001,31.700000000000017,4.9036197373959975,0,0
2413,i-80,15.651132190000004,13.426014557333064,-0.613,3.44648075460124,107.5028,31.66,4.6726,1.66,0.22,0.4819999999999993,11.700000000000015,6.380424008333807,0,0
2413,i-80,16.114086612,13.232289070286116,-0.0588,3.4679492499170173,109.68720000000002,31.66,4.765,1.66,0.24,0.2239999999999966,3.200000000000003,10.244527581442629,0,0
2413,i-80,5.655953037200001,3.2655572003815747,-0.1576,3.418308783415493,37.92119999999999,24.15,6.4802,2.59,0.08,0.5119999999999983,10.100000000000016,0.9654120831044544,0,0
2413,i-80,4.1864988836,2.165148301608852,-0.465,2.632667809640701,32.0204,22.43,6.777800000000001,2.78,0.02,0.4740000000000002,10.100000000000016,0.9609312933879538,0,0
2413,i-80,6.9957254072,3.998599175804317,0.0324,3.2632271243825675,43.7852,22.43,4.815600000000001,2.87,0.04,0.7220000000000013,9.399999999999975,1.59388022544394,0,0
2414,i-80,22.264630426400004,4.750661467546591,0.1222,4.269182538966963,62.311400000000006,34.48,1.8608,1.16,1.0,0.5999999999999985,13.100000000000025,18.302122900051003,0,1
2414,i-80,5.798180272,4.28200802986369,-0.9776,4.190427653398558,27.7326,16.96,8.295,1.55,0.34,0.8760000000000006,14.599999999999971,0.6101227524533281,0,0
2415,i-80,7.136179915200001,3.74683974122854,0.3958,3.871703780413128,37.7252,22.52,4.722,1.47,0.28,0.6460000000000022,21.40000000000001,0.6270671223388826,0,1
2415,i-80,3.9184080460000006,2.117481834476086,-0.3638,3.905449823839836,35.7954,17.47,9.9194,2.65,0.06,0.4699999999999996,5.199999999999996,0.5949811799458834,0,0
2415,i-80,5.0564986516,3.436176603714356,-0.7936,3.833395021094892,33.5664,12.23,8.572600000000001,1.73,0.2,0.4979999999999996,5.199999999999996,1.1643734122974922,0,0
2415,i-80,12.5744966468,8.157275354205415,-0.3255999999999999,3.97920623814779,44.68899999999999,12.23,3.008,1.73,0.56,0.4339999999999989,16.699999999999946,11.764674380187357,0,0
2415,i-80,18.9578131264,6.451765940050301,-0.433,3.843379810446391,57.8156,29.75,2.3364000000000003,1.61,0.84,0.5359999999999985,16.699999999999946,13.156414782848984,0,0
2415,i-80,9.992588244400002,4.841003651412547,-0.9436,4.619981341070192,57.1596,24.88,4.146999999999999,2.31,0.18,0.4439999999999998,16.700000000000017,1.1871496346720751,0,0
2416,i-80,12.8792692928,7.15923052520001,-1.1212,4.1371841158163685,53.7556,37.07,3.9692,1.12,0.42,3.4020000000000024,66.3000000000001,11.822708658806594,0,1
2416,i-80,10.1579972912,9.559299197420776,-1.19,4.538844589108734,51.1838,31.76,5.8238,1.56,0.3,5.584000000000002,264.30000000000007,10.341660002324264,0,0
2416,i-80,5.9994529456,2.780527252471236,-0.8674000000000001,3.3542709965605564,48.41580000000001,31.35,6.540400000000001,2.85,0.06,0.211999999999999,6.000000000000014,1.3516226712015906,0,0
2416,i-80,16.0688138968,10.177662183137434,-0.2807999999999999,3.993073513176617,62.5734,31.35,3.7728,1.49,0.44,0.1459999999999979,4.399999999999977,12.87201703790364,0,1
2417,i-80,12.9384510952,9.98018495445635,0.3573999999999999,4.8387541869403385,53.5146,24.09,3.5544,2.09,0.42,0.4860000000000014,12.600000000000051,29.02648778838011,0,0
2417,i-80,6.845043629200001,1.8899474558866236,0.8981999999999999,3.7001090386580753,37.1332,19.41,3.9158,2.13,0.18,0.1819999999999993,3.000000000000042,0.5887125936814863,0,0
2420,i-80,6.21818016,2.675372229329381,0.8466,4.589635888808254,34.499,23.22,4.1966,1.94,0.1,0.1159999999999996,3.6999999999999744,8.8041626812525,0,0
2421,i-80,8.095088750400002,4.561025157107742,0.1201999999999999,2.482791787730999,30.2862,23.01,3.7162000000000006,1.21,0.58,0.3340000000000003,5.09999999999998,5.470161113957528,0,1
2421,i-80,4.6457714884,2.871633932950429,0.5538,3.2395753626999086,26.746,20.71,7.020199999999999,1.84,0.32,0.6259999999999991,11.700000000000015,5.247722460306773,0,0
2421,i-80,6.014998396000001,3.6486025578084393,0.6335999999999999,3.627283663502236,30.0252,19.38,6.3012,1.98,0.38,0.4679999999999999,11.700000000000015,1.0978327497987173,0,0
2422,i-80,5.4481349108,3.7147617923657137,-0.6236,5.997427598222288,49.4016,20.59,9.5694,1.83,0.1,0.2679999999999978,7.999999999999972,0.7378684383038057,0,0
2422,i-80,9.8449064656,5.682484689555765,2.4843999999999995,4.452382604532415,66.6134,20.59,5.9052,2.14,0.08,0.7439999999999983,16.500000000000057,1.4070448379203726,0,0
2422,i-80,19.564767510000003,7.094422220439856,1.8756,4.761342702067412,80.159,28.27,3.0772000000000004,1.31,0.44,0.7059999999999989,16.500000000000057,29.465704875703224,0,1
2423,i-80,12.886087472800002,9.183118046073185,0.4326000000000002,4.381636918051592,60.052,28.03,4.9802,1.59,0.3,54.556,604.3000000000001,9.12749233228483,0,0
2423,i-80,10.3626790548,8.226331946568315,0.0034,3.250109329401277,54.4186,20.28,5.276199999999999,2.14,0.26,37.358,604.3000000000001,1.1251802605696166,0,0
2423,i-80,9.857724644,8.051470359321003,-1.1476,3.2582182184721256,51.7306,20.28,6.319400000000002,2.14,0.28,7.006,320.5,1.2208417873729251,0,0
2423,i-80,6.319089223999999,6.17157112164966,-0.9458,3.4185132763246897,40.261,20.32,7.8384,2.3,0.18,0.1140000000000007,3.79999999999999,0.9292955277839142,0,0
2423,i-80,6.4394982828,3.11587559236427,0.2032,2.125788631572398,37.8142,20.32,5.5078,2.3,0.3,0.0579999999999998,2.8999999999999915,0.925805252144294,0,0
2423,i-80,8.2324068956,2.404401007187401,0.1262,3.386011373343002,40.2548,16.52,3.6552,2.34,0.46,0.3340000000000003,13.800000000000026,1.026618162031164,0,0
2424,i-80,15.326723185600004,7.371111899113306,-0.7587999999999999,5.229018966014444,54.0754,22.05,4.8062000000000005,1.42,0.62,38.108,375.4,11.649161999535783,0,1
2424,i-80,5.9455893236,4.187040632182519,0.1299999999999999,4.2677078874080525,44.7782,22.49,16.256600000000002,2.46,0.02,0.1319999999999986,3.5999999999999943,1.4363760705046458,0,0
2424,i-80,9.5923610784,5.215584313437865,-0.2845999999999998,4.591154409985197,53.6902,23.36,13.0612,2.06,0.2,0.3359999999999992,4.699999999999989,1.7039442825278013,0,0
2425,i-80,7.707816126400001,4.180901703963159,0.0053999999999999,3.866764829272393,33.176,20.93,3.7116,1.49,0.42,0.3539999999999999,10.599999999999952,0.9123149878977423,0,1
2427,i-80,14.952814194400002,11.010026392616597,-0.3903999999999999,4.933019922017385,146.78480000000002,22.65,7.390600000000001,2.6,0.08,378.402,3320.8,12.54891245452882,1,0
2427,i-80,9.530042913200004,9.613581576487563,-1.1918,4.8083989825627205,79.9372,1.61,5.474,0.06,0.18,93.18599999999998,3236.4,11.954951036337391,1,1
2427,i-80,11.30113335,6.6557162355080814,-0.4412,3.627065289217289,27.6236,1.61,2.6844,0.06,0.68,8.53,401.0,3.024980393662216,0,1
2427,i-80,17.549586229200003,5.046789658928812,-0.208,4.077322050321855,32.531400000000005,23.34,1.4638,0.85,0.92,4.359999999999999,170.40000000000003,29.47688939701884,0,1
2427,i-80,15.4347231568,8.067008281936989,-0.2784,4.128240896309127,36.159,25.44,2.5016000000000003,0.83,0.66,11.036,231.1,21.077868686508943,0,1
2427,i-80,12.807269312,7.991885674806843,0.1942000000000001,4.972475296210989,37.2314,21.52,3.1804,0.83,0.52,13.288000000000002,256.9,17.248294888918792,0,1
2427,i-80,8.2539523444,6.997239262839055,0.496,4.688939221232043,36.1766,21.52,4.8796,0.96,0.3,6.321999999999998,256.9,14.24856767917966,0,1
2427,i-80,7.3324071356,4.691162683588817,0.5737999999999999,3.745998621658768,43.8238,26.28,5.2536000000000005,2.29,0.24,0.0399999999999991,1.9999999999999571,1.249736665976363,0,0
2427,i-80,9.402133856400004,3.492164462443546,0.3727999999999999,3.816656855288461,49.0968,34.68,3.9046,2.29,0.22,0.1679999999999992,3.000000000000042,1.6881018563910826,0,0
2428,i-80,24.7306297688,2.974750870591452,0.095,3.7926450034835817,99.4382,51.28,2.7056,1.79,0.72,1.2919999999999987,19.09999999999997,6.738845465338575,0,0
2428,i-80,20.1118582732,7.522113449524125,0.0898,3.051950523845365,71.89399999999999,19.81,2.9322,1.79,0.72,9.89,453.7,5.170863863761163,0,0
2428,i-80,6.7394982028,5.236446888600399,0.2594000000000001,4.832263343445612,27.0416,19.29,32.4288,1.21,0.54,0.05,1.0000000000000142,0.7380285446058719,0,1
2429,i-80,4.960771404400001,2.119314815579249,-0.5626000000000001,4.132626189784142,37.025000000000006,21.76,6.3088,3.04,0.0,0.1700000000000017,4.400000000000048,0.6787153534585821,0,0
2429,i-80,5.7965439088,2.3525680642009688,-1.9464,4.246072259471458,35.794200000000004,23.07,5.7626,2.16,0.06,0.384000000000001,13.100000000000025,0.701610571674711,0,0
2429,i-80,7.550725259200002,3.142178922992885,-1.3204,4.656992092213468,34.4986,23.07,4.8586,1.95,0.46,0.6260000000000006,13.100000000000025,0.7802652717414216,0,0
2430,i-80,19.4681198085,12.313459743198656,0.2779999999999999,4.024821830743663,185.25525,36.19,42.52875,1.36,0.675,0.485000000000003,9.599999999999936,10.505620884274409,0,1
2431,i-80,7.705225217999999,4.87299102490565,-0.1626,4.559999914965986,46.05880000000001,28.92,4.820600000000001,1.85,0.14,14.271999999999998,386.1,9.269581414145376,0,0
2431,i-80,6.4954073588000005,2.8329408917067957,0.0517999999999999,3.005550436870329,43.4192,24.98,4.975599999999999,2.51,0.06,0.2519999999999996,7.999999999999972,0.4082505138279877,0,0
2432,i-80,14.4834506832,8.55437156790866,-0.3789999999999999,3.5406065720380715,40.52199999999999,15.82,2.299,0.82,0.8,10.964,317.9,5.951688608303032,0,1
2432,i-80,12.064769509999998,9.542072352445738,-0.628,3.4945088119411998,38.0612,15.82,2.603,1.38,0.68,27.488000000000003,571.5,5.618708466056111,0,1
2432,i-80,6.996134498000001,4.901498360395744,0.7049999999999998,2.3658982416401426,27.485800000000005,19.63,5.063,1.39,0.56,0.3920000000000002,5.599999999999987,3.212943823768769,0,1
2432,i-80,18.0319042824,8.212926769240797,0.6652000000000001,5.153655425510903,35.772600000000004,21.88,1.5316,0.85,1.0,0.8980000000000004,17.40000000000002,6.982290870451606,0,1
2433,i-80,15.535904948,10.756469420993405,-0.5804,3.942316194775837,64.4078,20.09,6.303799999999999,1.37,0.68,51.048,1182.1999999999998,5.355342413031712,0,1
2433,i-80,7.572679798799999,2.5976543067979176,0.11,2.785049004808295,34.59,20.52,3.4216,1.64,0.38,0.8280000000000015,23.800000000000026,1.18387921836371,0,0
2433,i-80,16.139586605199998,7.402379987609359,-0.3936,3.6938463775886095,49.97639999999999,24.27,2.3802000000000003,1.41,0.72,1.2860000000000007,23.800000000000026,1.19665737189652,0,1
2433,i-80,17.0540409068,7.798742192981579,-0.7928000000000002,3.8181810179343625,47.992,29.81,2.3784000000000005,1.21,0.76,4.382,94.1,11.823233646235254,0,1
2433,i-80,7.585361613600001,5.301202798487935,-0.6599999999999998,5.000250197821737,32.4374,16.64,3.9838,1.58,0.42,4.931999999999998,137.69999999999996,6.113377769703263,0,0
2433,i-80,8.9333157996,4.9885155182386685,-0.0523999999999999,3.4498207939259804,37.1402,23.23,3.414800000000001,1.81,0.46,0.8200000000000003,12.69999999999996,1.218732885803438,0,0
2434,i-80,7.5310889008,3.211357066419754,0.0176,3.514670455129935,43.0188,31.63,4.6456,1.8,0.3,0.3,8.299999999999983,6.370995403468787,0,0
2434,i-80,8.1523614624,4.189804967672184,-0.2418,3.127807923796355,44.5356,34.73,4.6714,2.51,0.38,0.1340000000000003,4.699999999999989,1.063628352309553,0,0
2434,i-80,6.012543851199999,4.685608857294996,0.1538,1.5335059071770605,39.2134,18.1,9.5052,2.51,0.24,0.2899999999999984,7.899999999999991,0.9164636559368085,0,0
2435,i-80,7.183088993599999,4.343705702175417,0.5058,4.177123846937395,46.5252,24.8,5.8786000000000005,2.29,0.1,0.066000000000001,2.30000000000004,1.3873489723283063,0,0
2435,i-80,8.2287250784,2.8365269878817547,1.0262,3.2968920986595966,45.55160000000001,33.48,4.056399999999999,2.04,0.16,0.1980000000000018,2.40000000000002,1.454716425693913,0,0
2435,i-80,7.836679728399999,5.423781336604679,0.3902,3.861851882087617,38.3694,15.21,5.5378,1.91,0.28,0.2960000000000008,5.799999999999983,6.580390072799946,0,0
2435,i-80,5.251771326800001,5.369808764608481,-0.6520000000000001,5.033434742412227,26.3602,15.21,11.099199999999998,0.9,0.38,0.2340000000000003,5.799999999999983,3.784978363187288,0,1
2435,i-80,4.3386806612,2.9796519983112666,-1.2994,5.069582122617128,22.9292,15.69,9.9256,0.9,0.36,0.0700000000000002,3.500000000000014,0.634059464474584,0,1
2435,i-80,6.4439982816,3.297186713163372,-0.2672,3.980149233177991,26.392200000000003,15.69,3.8396,1.27,0.48,0.0,0.0,0.4086148633256164,0,1
2435,i-80,8.110906927999999,2.630368659552785,0.49,4.287544371163275,33.998000000000005,25.0,3.2762,1.54,0.52,0.0219999999999998,1.0999999999999943,0.7632422238351976,0,0
2437,i-80,6.2592256036,4.473535112089119,0.8996,4.235952515584389,41.14679999999999,22.42,5.872399999999999,1.65,0.12,11.038000000000002,364.0,20.04595826534412,0,0
2437,i-80,7.8351797288,3.2456604521734165,0.965,5.264951983423505,33.1314,22.42,3.3118000000000007,1.12,0.38,0.2640000000000014,10.300000000000011,17.078489434038698,0,1
2438,i-80,5.592953054,3.111634947015807,-0.3918,2.2357920479402043,47.561800000000005,32.33,7.212,3.36,0.0,0.3960000000000022,11.499999999999986,0.7018891618412446,0,0
2438,i-80,5.125498633199999,3.722522858014945,0.0569999999999999,3.362789324476977,44.15039999999999,31.32,7.965200000000001,2.16,0.04,0.3719999999999999,11.499999999999986,0.4938150033676791,0,0
2438,i-80,7.6208161496,3.881068506331898,-0.713,4.195249135167356,42.48620000000001,26.61,5.1212,1.25,0.26,0.4280000000000001,14.90000000000002,1.2474052160630178,0,1
2438,i-80,7.236952615600001,3.685165009667343,-1.5202,3.820454343105687,43.7766,26.61,6.728600000000001,1.25,0.22,0.6180000000000021,14.90000000000002,1.1136654246043485,0,1
2439,i-80,10.0501336836,4.511045175331643,0.0754,3.872078074141184,45.6376,25.5,3.5762000000000005,1.83,0.42,0.3579999999999998,15.0,1.1325216581251103,0,0
2439,i-80,7.3011798712,5.865152976875383,-0.5844000000000001,4.70903784097719,40.3452,17.44,9.9736,1.83,0.3,0.7539999999999992,15.0,1.0364184059755492,0,0
2440,i-80,6.415771016400002,3.5211196596908025,0.0503999999999999,4.798438079208693,40.555,18.48,5.0044,2.22,0.16,0.146,7.300000000000004,0.4602640129671812,0,0
2441,i-80,14.425223426,9.09723678079773,-0.8708,4.278949823477337,56.1284,27.34,3.797800000000001,1.28,0.44,5.713999999999999,140.19999999999996,10.934959220065238,0,1
2441,i-80,8.2598159792,9.694116585834673,0.3958,3.875819381440655,44.491000000000014,23.09,10.0298,1.25,0.16,13.159999999999998,354.1,8.694920043265235,0,1
2441,i-80,6.0572711120000005,2.8110209988632517,0.6726000000000001,3.916027146515318,45.6684,23.09,6.2346,3.29,0.0,0.5519999999999996,15.0,1.1604863317258198,0,0
2441,i-80,13.2399510148,6.618976818199735,0.1678,4.239371483065452,48.9266,26.51,3.2732,1.04,0.44,0.2479999999999989,7.0999999999999375,6.087515106497621,0,1
2442,i-80,11.927860455600005,9.70419380800404,0.7107999999999999,4.549905062925231,55.8738,7.44,4.922599999999999,1.94,0.36,0.5419999999999987,17.70000000000003,14.204357202863164,0,0
2442,i-80,16.465222882,7.442533127933701,0.0025999999999999,4.387061128698663,53.07999999999999,23.33,3.731,1.52,0.8,0.7600000000000022,17.70000000000003,9.82174926404224,0,0
2442,i-80,23.787539111200005,5.831605322559585,-0.4427999999999999,4.981445180028849,68.308,38.31,2.021,1.52,0.96,0.4339999999999975,5.799999999999983,23.43878266170957,0,0
2443,i-80,12.038042244399998,8.869903019774105,0.3523999999999999,4.749557470256077,37.99879999999999,16.93,4.8292,1.23,0.62,4.769999999999999,224.6,4.2864401366759015,0,1
2443,i-80,12.9269965528,9.958756709877338,-0.5054,5.00751973719199,41.3714,16.93,5.1436,1.3,0.54,17.76,342.2,4.962406475302326,0,1
2443,i-80,8.4126795748,8.64611228402589,-0.3623999999999999,4.62216203497357,39.5364,19.82,8.8838,1.53,0.32,13.582,342.2,5.057917108164311,0,0
2443,i-80,6.399543748000001,5.40444081297972,0.39,4.174176687732344,33.1506,19.82,8.389199999999999,1.81,0.4,0.6460000000000001,12.199999999999989,3.4635739067840183,0,0
2443,i-80,8.528724998400001,4.070062838066336,1.2938,4.153082892286654,30.0066,20.71,3.0295999999999994,1.22,0.68,0.1299999999999997,5.899999999999963,5.37729520358801,0,1
2443,i-80,13.891223568400004,6.425370112812155,1.14,3.775539426252052,36.4096,25.27,2.1286,1.04,0.88,0.5920000000000002,19.60000000000001,7.456848012780889,0,1
2443,i-80,7.3794525776,4.142556770353349,-0.2826,2.4716554891697293,62.720600000000005,24.12,6.764600000000001,3.41,0.0,0.5959999999999972,15.09999999999998,0.5361706783539464,0,0
2444,i-80,16.249768394000004,10.738074226817083,-0.7730000000000001,4.608672503541335,59.4378,28.58,3.8722,1.66,0.6,9.925999999999998,239.5,17.8400500088642,0,0
2444,i-80,10.5507244592,8.192581660207445,-0.6952000000000002,5.034501065606386,46.2772,28.58,4.3908000000000005,1.69,0.44,33.356,598.1000000000001,11.209262097070276,0,0
2444,i-80,5.4069531036,3.317457083066204,0.1722,3.003839237253769,41.500600000000006,28.46,13.8934,2.9,0.06,0.4039999999999984,8.500000000000014,0.6596762313469249,0,0
2444,i-80,7.878134262800001,2.4331412710628704,0.3561999999999999,3.060798141875109,47.1698,33.56,4.4472,2.48,0.1,0.6499999999999986,17.10000000000001,1.3087614958659295,0,0
2444,i-80,5.646134857999999,3.3538508060408483,0.2375999999999999,2.012706128371371,37.2356,22.06,11.6582,2.48,0.16,0.583999999999999,17.10000000000001,1.1459163948917186,0,0
2445,i-80,5.022816842400001,2.4851011325459043,0.259,2.620522030872039,35.1858,0.02,5.946600000000001,0.02,0.28,0.2459999999999995,3.6999999999999744,6.583505326006126,0,1
2445,i-80,10.0026791508,5.616069828937064,0.2037999999999999,3.115993561859688,47.15459999999999,0.02,3.7612,0.02,0.6,0.158,3.600000000000003,5.241648707599313,0,1
2445,i-80,10.2214063652,5.7979361533844,0.1354,4.263737083635357,49.05880000000001,20.27,3.850599999999999,1.95,0.46,0.5580000000000027,18.600000000000065,4.892903139262423,1,0
2445,i-80,7.562179801600001,4.296464774613231,0.2884,4.790950380772108,39.229600000000005,20.27,4.2188,2.1,0.34,0.8520000000000024,18.600000000000065,2.745727969640347,1,0
2445,i-80,9.309679335600002,3.9712850214036735,-0.1027999999999999,3.855441974187464,44.237,28.64,3.688,2.0,0.4,0.3059999999999988,6.499999999999986,1.0126568844945882,1,0
2445,i-80,8.680906775999999,4.6625865207993895,-0.7575999999999999,4.479887735473845,37.6276,16.81,4.3036,1.7,0.44,0.111999999999999,5.0,1.6818078581802187,1,0
2445,i-80,5.9736802252,4.4072791917062055,0.8288,6.056966857281298,30.2946,16.81,6.4576,1.7,0.34,1.0239999999999987,13.49999999999998,0.7640443092717937,1,0
2447,i-80,5.3312713056000005,3.554443602054227,0.2762,4.063677780292235,32.403400000000005,21.42,5.7098,1.8,0.12,0.1979999999999989,5.300000000000011,0.8003947549012732,0,0
2447,i-80,7.615361605600001,3.5787583921572184,0.3882000000000001,3.395862242103902,36.64940000000001,25.0,3.9136,1.8,0.34,0.2479999999999975,4.799999999999969,0.9476809075047252,0,0
2447,i-80,6.718634572000001,3.1366816108470377,1.0195999999999998,3.8057249892599376,37.5962,26.11,5.4914,2.1,0.3,0.2859999999999985,4.799999999999969,0.5878646675442735,0,0
2448,i-80,8.2947250608,4.473816457118395,-0.7990000000000002,4.727959498600655,36.38419999999999,19.79,7.223400000000001,1.48,0.42,0.3879999999999974,8.099999999999987,0.921299987484411,0,1
2448,i-80,7.367725308000002,5.156316053127903,0.3202,4.85165466829701,36.1836,20.75,10.950200000000002,1.48,0.4,0.9980000000000004,18.90000000000001,1.8475602777717428,0,1
2449,i-80,23.8393572792,3.6672310445505274,-0.1472,4.873897170914981,101.9598,67.52,2.9444,1.92,0.46,1.0639999999999958,14.099999999999966,6.652668916629303,0,0
2452,i-80,5.6363166788,5.4160811048610205,0.0186000000000001,5.141510938886922,27.8028,15.88,7.6452,1.15,0.22,0.2100000000000008,3.1000000000000227,0.7180418807068151,0,1
2452,i-80,7.0074526768000025,4.8532820150654645,0.7820000000000001,4.716659575485643,30.0234,18.45,6.575400000000001,1.53,0.44,0.1520000000000017,3.1000000000000227,1.2510990239605744,0,0
2452,i-80,7.431816200000001,4.469918935989273,0.2397999999999999,4.123331568585019,29.2262,20.58,3.728,1.53,0.54,0.0820000000000014,3.500000000000014,1.3924936281684723,0,0
2453,i-80,5.723043928400001,3.7159352628353854,0.1105999999999999,4.540441590499176,36.1482,19.11,7.758600000000001,1.62,0.16,0.708000000000002,11.500000000000057,0.8471435933506801,0,0
2453,i-80,3.506589974,1.771756388725992,0.0982,4.163264363845432,31.3274,17.47,8.5772,3.05,0.0,0.536000000000002,10.19999999999996,1.4776094504852302,0,0
2453,i-80,6.129816547200001,3.4448178825347524,0.5402,3.432779851695136,38.58560000000001,17.47,5.310599999999998,2.18,0.08,0.1920000000000015,6.700000000000017,2.4382595247848577,0,0
2453,i-80,12.4409966824,7.640845825855353,0.5246,3.1696946418305,48.74320000000001,21.33,4.1144,1.66,0.42,1.0999999999999983,38.700000000000045,17.43128255448479,0,0
2453,i-80,16.866813684,7.541358852354628,0.2262,4.309723174025763,54.9332,21.33,3.3804000000000007,1.66,0.84,1.107999999999997,38.700000000000045,15.012278697500545,0,0
2454,i-80,5.291725861600001,2.560959650160699,-0.3093999999999999,3.648488873660503,32.640600000000006,1.33,5.313,0.29,0.42,0.968,12.5,0.6208995567656946,0,1
2454,i-80,3.664362659200001,2.1633359596861226,-1.3328,3.2074931657235477,53.3558,1.33,13.2212,0.29,0.24,0.6159999999999997,8.000000000000114,0.8102871219512257,0,1
2454,i-80,8.719906765600001,6.2527765405516265,-0.0839999999999999,3.015126490730039,55.60699999999999,26.95,10.4708,1.54,0.56,0.6980000000000004,10.900000000000034,0.961106793106314,0,0
2454,i-80,15.53522313,5.165850082187832,0.4412,4.256607176268585,43.7462,26.11,2.0132,1.42,0.98,0.4799999999999983,10.900000000000034,10.900489724553758,0,1
2454,i-80,18.7652677232,5.381621480427521,0.1713999999999999,4.664581268255841,49.2948,26.11,1.8962,1.13,0.96,0.2939999999999969,6.899999999999977,12.148163940283323,0,1
2455,i-80,8.1289069232,5.960357513640475,0.5692,3.551932408807168,36.3094,8.28,5.1784,0.55,0.4,0.2360000000000013,6.900000000000048,8.138899768797414,0,1
2455,i-80,13.108769231600002,5.163545202281311,0.0452,3.576914780497121,43.1418,8.28,2.7358,0.55,0.78,0.2560000000000002,5.300000000000011,12.151060295400107,0,1
2455,i-80,14.21931439,6.907127695665507,0.5476,4.46830633119393,43.0078,25.84,3.4694,1.17,0.72,0.5860000000000014,6.900000000000048,18.576542587535783,0,1
2455,i-80,14.400677978,9.693824361845207,0.6668000000000001,3.774199977397562,43.0632,21.71,2.8346,0.96,0.66,22.033999999999995,308.0,4.462695220631238,0,1
2455,i-80,7.0802708392,4.905100689176168,-0.6701999999999999,4.614660086537871,34.7896,15.52,12.342600000000004,1.43,0.26,5.286000000000001,216.4,3.3503663887365382,0,1
2455,i-80,8.0852705712,2.3298839071679303,-0.4243999999999999,3.822936770471153,38.5026,21.55,3.519,2.08,0.34,0.8859999999999978,20.39999999999999,2.418573321153593,0,0
2455,i-80,6.399134657199999,3.422056398128857,-0.8089999999999999,4.667457573891983,37.653,30.48,7.3208,2.08,0.26,1.297999999999996,20.999999999999943,1.476627857308534,0,0
2456,i-80,6.307907408799999,3.533007671648095,0.3833999999999998,4.3297596718901765,37.5546,18.7,4.686599999999999,1.33,0.14,0.4079999999999984,10.399999999999991,6.349558413185044,0,1
2456,i-80,7.781588834000001,4.276894061722306,-0.1234,4.033935946998886,44.004000000000005,18.7,4.517,1.33,0.24,0.8540000000000006,11.799999999999995,4.538272586456172,0,1
2457,i-80,7.907043346,5.234693166823858,-0.6984,4.026054614023764,42.082,29.11,4.5726,1.55,0.12,1.2259999999999978,35.49999999999997,2.767841953211777,0,0
2457,i-80,8.282997791200001,4.358435927550151,-0.5736,3.994440401664416,43.769000000000005,26.62,4.7528,1.95,0.24,0.4559999999999988,13.699999999999974,0.4812755199700572,0,0
2458,i-80,7.962952422,7.803813208210843,-0.666,3.3224689614803027,56.85000000000001,19.25,6.217799999999999,2.22,0.08,79.588,2038.4,28.052137165947677,0,0
2458,i-80,11.5100423852,4.258549143859224,-0.542,4.261938334531242,40.413,25.01,2.8018,1.21,0.66,0.5800000000000004,13.500000000000014,7.198012110950339,0,1
2458,i-80,8.471315922799999,3.316883849718349,-0.1224,4.415290944258258,52.5716,25.01,4.8464,1.74,0.22,0.502000000000001,11.499999999999986,7.02146821988515,0,0
2458,i-80,7.806952463600002,3.5924573281684458,0.6708,4.455707571102896,53.28759999999999,28.2,5.5116000000000005,1.58,0.14,0.3220000000000013,7.1000000000000085,5.157027411014914,0,0
2458,i-80,7.848679725200001,3.782530011638353,0.7012,4.153473903780756,47.43600000000001,26.12,5.08,1.58,0.28,1.1160000000000003,20.39999999999999,3.718537983988781,0,0
2459,i-80,4.830544166399999,1.523286061046414,0.3939999999999999,3.29492993329238,25.536799999999992,18.85,4.005199999999999,2.15,0.28,0.520000000000001,9.800000000000004,6.723082722249078,0,0
2460,i-80,6.6863163988,3.4174337601789064,-0.162,3.110219494846376,36.2404,19.81,7.374999999999999,1.67,0.16,0.729999999999999,12.899999999999991,0.9395232019161504,0,0
2460,i-80,10.2666790804,5.996850062081378,0.0143999999999999,3.87442486054382,44.2508,29.73,3.4928000000000003,1.74,0.34,0.0939999999999997,2.8999999999999915,8.228843944619314,0,0
2460,i-80,16.436041071600002,6.810316314743804,0.3773999999999999,4.952010026860047,62.43780000000001,35.97,2.9374,1.74,0.68,0.3699999999999989,13.400000000000034,11.451548415914802,0,0
2460,i-80,8.630315880399998,4.925045670282094,1.0792,4.098510849524918,48.146800000000006,18.92,4.2664,1.96,0.26,0.2659999999999982,5.900000000000034,1.016859428608999,0,0
2460,i-80,4.741089644800001,4.277963020524101,0.6952000000000002,5.483387988892879,33.67940000000001,20.86,10.7174,1.96,0.1,0.2159999999999989,5.900000000000034,1.0094622381268556,0,0
2462,i-80,11.50226966,7.352039905972338,-2.3308,4.635640915113848,39.9146,12.81,2.8194,0.97,0.66,25.56,428.3,10.538579174574508,0,1
2462,i-80,9.4235429416,11.387228244713269,0.0577999999999999,3.5399234916210567,50.951,11.36,8.22,2.29,0.36,31.95000000000001,1140.9,10.565674451056797,0,0
2462,i-80,4.9045896012000005,3.3937014532277696,-0.3008,3.57210041680733,39.1112,23.65,9.9752,2.1,0.14,9.276000000000003,400.50000000000006,8.302836824377852,0,0
2462,i-80,6.352771033200002,3.47172465345939,0.4115999999999999,3.391753119625572,34.1574,20.01,6.1852,1.97,0.38,0.3839999999999996,5.700000000000003,1.59186911060744,0,0
2462,i-80,16.262177481600006,12.275828557027138,-0.5876,5.102412218645177,57.5966,19.56,4.753400000000001,1.72,0.68,0.3499999999999993,5.700000000000003,18.905720647033625,0,0
2463,i-80,15.4478140624,10.050383358303664,-0.3008,3.250601099828166,55.585800000000006,44.87,3.779,1.38,0.48,5.826000000000001,168.30000000000007,0.803626456274611,0,1
2463,i-80,11.692496881999997,9.558089792538334,-0.4294,2.235277830514998,53.2998,33.34,4.5998,1.51,0.3,10.202,183.3,1.0383774501497955,0,0
2463,i-80,5.8347257168,3.2229383657156805,-0.4532,2.164387494070735,47.7184,20.5,7.7006,3.07,0.0,0.3380000000000002,14.800000000000004,1.0435312036835431,0,0
2463,i-80,14.268678013200004,8.541804100749662,-0.1493999999999999,3.735520295427535,63.59759999999999,40.56,3.9422,1.9,0.36,1.0219999999999971,16.599999999999966,5.698618434823855,0,0
2463,i-80,20.378994565600003,6.22191964218639,0.0364,4.209643816432037,80.2574,47.04,2.9812000000000007,1.86,0.6,1.617999999999998,16.599999999999966,4.399580768525055,0,0
2463,i-80,8.3464068652,5.831426957992629,0.6329999999999999,4.907012578848723,34.5858,15.81,3.3876000000000004,1.81,0.52,0.0,0.0,12.26712533855576,0,0
2464,i-80,9.3857702244,7.377404001244916,-0.5482,4.544832315444674,38.9682,22.49,12.1496,0.9,0.24,0.9060000000000008,15.100000000000016,8.141764034123499,0,1
2464,i-80,6.923179971999999,1.797586556541189,-1.5776,3.4506417977423456,39.458,22.49,4.1282000000000005,2.62,0.08,0.5180000000000007,6.099999999999994,1.1267593953910662,0,0
2464,i-80,9.8548610084,4.150954749130175,-0.642,4.046601496746299,45.5942,35.76,3.5222,2.15,0.36,1.3120000000000005,28.69999999999997,2.684486725538392,0,0
2464,i-80,14.524087036,5.658104559219677,0.5237999999999999,4.050412873890709,65.15100000000001,23.55,3.6482,2.15,0.44,13.946,644.7,7.29677779959995,0,0
2464,i-80,11.6600423452,8.84056935426866,-0.4085999999999998,4.677963541751815,50.514,13.18,4.1404,1.23,0.42,59.236,712.5,0.7682655270152369,0,1
2464,i-80,8.569088623999999,8.13490287558287,-0.2607999999999999,4.09411815029457,41.7548,13.18,6.9842,1.23,0.32,23.342,712.5,0.689232905749099,0,1
2464,i-80,6.435680102000001,3.350024697006741,0.5736,2.8026487180406137,35.7494,21.6,6.570999999999999,1.99,0.28,0.1320000000000007,4.500000000000028,1.0985999297807578,0,0
2464,i-80,6.418361924800003,3.4321630526409117,0.6171999999999999,4.006800871579443,32.7446,17.28,5.442600000000001,1.99,0.3,0.1560000000000002,5.700000000000003,1.20276952531248,0,0
2466,i-80,21.6728124024,6.054076935243891,-0.6658000000000002,3.949412299343293,81.6074,23.97,2.5948,1.7,0.62,0.3179999999999978,11.399999999999864,17.859480634688577,1,0
2466,i-80,8.83636128,5.400474659085181,-0.2331999999999999,5.488589068165303,34.881800000000005,20.25,3.3238,1.7,0.42,11.11,263.5,7.644169539763824,0,0
2466,i-80,8.51931591,3.535045481848099,0.1666000000000001,4.985740732635546,36.7142,17.02,3.2644,1.73,0.38,0.1800000000000011,3.500000000000014,1.2499197760378913,0,0
2467,i-80,17.011495463600003,9.909584771282278,0.4755999999999998,4.424384730660067,60.73699999999999,19.09,3.2649999999999992,1.56,0.68,47.07,542.4,18.28437256175729,0,0
2467,i-80,12.1538149408,9.65759783828845,1.2592,4.472666574395445,47.3296,19.09,4.3286,1.56,0.4,11.96,377.8,17.048886424153146,0,0
2467,i-80,7.826452458399999,2.409145301553871,0.0679999999999999,3.736288674771328,38.1832,27.55,4.1576,2.01,0.28,0.5620000000000005,7.59999999999998,0.9172719733324598,0,0
2467,i-80,13.0069056224,6.19433664226968,-0.0055999999999999,4.277845232910454,68.41239999999999,27.55,3.258,2.01,0.54,0.7140000000000001,7.59999999999998,12.71235533771161,1,0
2467,i-80,18.3413132908,5.504791512744511,0.2516,4.233148758095239,111.7866,28.57,3.8684,2.05,0.34,0.2820000000000036,5.599999999999987,17.963321532591497,1,0
2467,i-80,6.070907471999999,3.617027145822061,-0.1445999999999998,4.046581933797804,37.5488,22.91,18.207600000000003,1.9,0.14,0.6519999999999989,13.699999999999974,1.1272629269742762,0,0
2467,i-80,6.8132709104,3.0800723132367707,-0.9650000000000002,3.203081583827215,34.5904,23.6,3.986,1.8,0.26,0.043999999999999,1.20000000000001,1.269898521576445,0,0
2467,i-80,4.1674079796,2.661968009034576,-0.7608,4.272133644626655,29.62560000000001,22.61,8.4822,1.8,0.12,0.1579999999999998,2.5,0.5911664995617406,0,0
2468,i-80,7.573361616800001,4.649127800695578,0.4995999999999999,5.00964333733919,62.72739999999999,23.4,8.0596,1.12,0.24,0.3279999999999994,14.399999999999975,19.59906022565826,0,1
2468,i-80,9.108815752800002,4.435003585800753,-0.8617999999999998,4.803142971863659,44.784400000000005,23.4,4.0498,1.12,0.42,0.1060000000000002,3.3000000000000185,6.269793896427017,0,1
2468,i-80,5.9368620532,3.538115877349952,-1.0001999999999998,4.325102093875818,35.257600000000004,26.26,6.186600000000001,1.64,0.18,0.2939999999999997,5.700000000000003,5.803912577894049,0,0
2469,i-80,25.42785685560001,5.454702292535708,-0.1965999999999999,4.21779592794577,73.4196,31.09,1.8926,1.02,1.0,0.6360000000000028,19.100000000000108,7.084103552522164,0,1
2469,i-80,22.0085395856,5.187219430817979,0.8363999999999998,4.947499784987259,41.799800000000005,28.18,1.2878,0.75,1.0,0.5860000000000006,13.000000000000009,3.621044212006548,0,1
2470,i-80,7.5241343572,6.065475653451394,-0.6086,4.532027527520556,35.9838,15.73,4.5744,1.85,0.38,1.442000000000004,49.00000000000006,1.0837923856080742,0,0
2473,i-80,13.208723750399995,9.828662067221464,-0.757,3.637663103854294,46.865,25.68,3.2754000000000003,0.78,0.48,31.992000000000004,968.3000000000002,8.977618386150468,0,1
2473,i-80,9.760906488,6.5049655215925695,-0.657,2.78841791878404,45.04140000000001,35.28,4.0588,1.47,0.42,0.2120000000000004,9.699999999999989,3.373426864268948,0,1
2473,i-80,17.688268010399998,6.41920324747213,0.0734,3.718915581461996,53.09439999999999,38.47,2.2463999999999995,1.47,0.88,0.7220000000000028,14.699999999999989,4.879127146763621,0,1
2474,i-80,14.029632622400005,8.685673908939012,-0.2563999999999999,5.2833538204285295,47.57860000000001,20.53,2.7952,1.16,0.72,18.476,572.6,17.0593143328966,0,1
2474,i-80,10.414088132000002,10.296344694977336,-0.1245999999999999,5.156721870430825,50.4788,16.52,5.8276,2.2,0.32,36.572,979.9,15.778587187795274,0,0
2474,i-80,10.8147243888,6.371914581969231,0.2294,4.148563267406376,45.12439999999999,20.67,3.3116000000000003,1.49,0.6,0.0400000000000005,1.9000000000000128,11.179322581718557,0,1
2474,i-80,17.28067721,6.88089464979811,-0.1757999999999999,4.607699452535718,61.76120000000001,29.32,2.5394,1.49,0.8,0.8019999999999975,23.90000000000001,8.914175727343453,0,1
2475,i-80,5.0933168236,3.745778585219066,0.0653999999999999,4.266331985704452,41.3824,21.95,8.9374,1.66,0.12,0.1,4.099999999999966,0.9072949454059483,0,0
2475,i-80,6.0346347544,3.5014250148778427,1.0162,4.174277838068251,52.2296,21.95,7.344599999999999,2.75,0.02,0.0819999999999993,4.099999999999966,1.1280194355323745,0,0
2475,i-80,7.4676798268,3.1365478624507936,0.6804000000000001,3.5630948253861945,62.59160000000001,36.34,6.3462,2.75,0.02,0.0060000000000002,0.3000000000000113,1.2870987599866548,0,0
2475,i-80,12.906405649200002,7.7455931453311555,-0.7454,3.8924852823702993,73.70859999999999,44.49,5.391200000000001,2.53,0.34,0.1280000000000001,3.299999999999983,6.373280372310765,0,0
2475,i-80,19.285494857200003,4.760770904926412,0.3968000000000001,5.021365551321672,86.023,48.03,3.2709999999999995,2.11,0.58,0.5299999999999983,12.800000000000011,2.6504864477668844,0,0
2475,i-80,7.092270836,5.091854110960029,-0.2701999999999999,3.96268847617166,38.86019999999999,26.18,4.5238,2.1,0.14,0.0479999999999989,1.6000000000000014,7.041296354698749,0,0
2475,i-80,7.793179739999999,5.054515722529992,-0.5639999999999998,4.813036293998513,43.29659999999999,26.05,4.7808,2.1,0.16,0.0039999999999992,0.0999999999999801,11.990384301189186,0,0
2476,i-80,11.6319514436,9.857933035333213,-0.3125999999999999,4.357700109564443,53.21379999999999,13.58,3.909,1.38,0.42,6.294000000000003,169.8,24.00652347757133,0,1
2476,i-80,13.2839964576,7.287405679897006,0.7668,3.190050501807398,53.4162,13.58,3.3886000000000003,1.38,0.56,1.7340000000000018,30.10000000000005,22.255675170066404,0,1
2476,i-80,18.103358808800003,5.924441625175727,0.5846000000000001,4.265001954685295,50.06980000000001,26.3,2.0354,1.11,0.9,9.202,397.4,15.345997995369268,0,1
2478,i-80,22.7353575736,5.4579758809547405,-0.1595999999999999,3.4064554322998126,143.47320000000002,90.82,4.581,2.36,0.28,0.5740000000000066,17.900000000000205,22.70328611525257,0,0
2478,i-80,6.117271096,4.578345263994055,1.2604,3.6922881352176975,47.018,27.06,15.3294,2.93,0.02,0.0800000000000018,2.1999999999999886,0.3365247972790021,0,0
2478,i-80,7.673043408400002,4.885601304561518,0.0337999999999999,4.9997799502598514,44.48759999999999,24.2,14.101,2.37,0.2,0.0700000000000009,2.40000000000002,0.6992824628554207,0,0
2479,i-80,14.2664961956,11.3619484668542,0.2432,3.970683609472129,76.73140000000001,43.2,4.4858,1.58,0.2,154.612,2008.0,5.621422587617072,0,0
2479,i-80,7.5910888848,3.637423296723586,-0.1525999999999999,4.042420880045591,50.4936,32.78,5.3982,2.81,0.04,0.302000000000001,6.900000000000048,0.6752449363613416,0,0
2479,i-80,14.785632420799995,5.8090162194195205,0.3376,3.992615407964856,57.77719999999999,45.62,3.1966,1.62,0.46,0.488000000000001,12.20000000000006,4.87212159046189,0,0
2479,i-80,17.168995421600002,7.698841656223607,0.7499999999999999,3.478332347313486,53.65819999999999,32.37,2.7967999999999997,1.52,0.76,10.262,238.8,4.91297938617491,0,0
2479,i-80,6.64090732,5.175343174938458,0.1957999999999999,4.826038680630188,35.8262,27.4,6.038599999999999,1.58,0.14,4.18,149.20000000000002,3.312651030611623,0,0
2479,i-80,7.027498126,3.181607024623491,0.9506,5.006420127176296,35.9064,28.45,4.5684000000000005,2.12,0.3,0.3720000000000013,8.699999999999974,0.6623647493824606,0,0
2479,i-80,6.6404982292,3.8114783438487767,0.883,3.874640338805918,33.8388,23.16,6.3462,2.12,0.38,1.004000000000002,9.400000000000013,0.7931058647198754,0,0
2480,i-80,13.0934965084,7.40127074913919,-1.1038,4.249117502613974,61.2698,19.79,3.2598000000000003,1.15,0.38,46.598,779.8000000000001,4.795171726788078,0,1
2480,i-80,13.118723774400005,8.676070486866536,-0.0646,3.7939205988270346,71.383,22.34,3.7828,2.17,0.2,124.238,1331.0,4.7217423883605525,0,0
2480,i-80,11.617496902000005,9.4795916856518,0.0435999999999999,3.3211811029161518,65.4202,22.34,3.9168,2.79,0.08,96.42,1331.0,4.736277658754428,0,0
2480,i-80,5.9337256904,2.964203037663141,-0.5444000000000001,3.402380415208728,30.445200000000003,15.38,9.071799999999998,2.01,0.38,0.3060000000000002,8.70000000000001,1.6453574177803736,0,0
2480,i-80,12.231405829200003,6.254997845123632,-0.3982,4.025417554713537,41.194,25.33,2.619,1.48,0.76,0.1,5.0,4.654703381417509,0,1
2480,i-80,18.4626768948,5.34151261566577,-0.1095999999999999,3.7164735095166193,56.41920000000001,31.28,2.1964,1.3,0.88,0.2480000000000018,5.0,4.5363127040559705,0,1
2480,i-80,5.78522573,3.847902175748232,0.3116000000000001,4.192655560985331,35.5142,20.06,5.936599999999999,1.26,0.26,0.0,0.0,15.285301086591494,0,1
2480,i-80,5.585316692399999,4.222304896854191,0.1636,4.709260421158052,31.294,20.06,7.055800000000001,1.26,0.26,0.1440000000000005,2.0000000000000284,13.338953823754128,0,1
2481,i-80,6.710452756,3.5697227852070545,-1.0008,3.4430242046011506,40.449,20.25,5.854,1.62,0.22,9.332,379.1,3.245890244538752,0,0
2481,i-80,6.2191347052,4.28447573240596,-0.6792000000000001,3.3199070800864536,37.325,24.42,7.843799999999999,1.08,0.22,0.4100000000000016,7.399999999999984,1.7172711675379466,0,1
2481,i-80,12.7307693324,7.484328239144949,0.3152,3.852309797447527,38.33519999999999,24.42,4.8394,1.02,0.66,0.3760000000000005,7.59999999999998,9.004837391499468,0,1
2481,i-80,18.0969497196,6.044638044873272,-0.2064,5.0736831045009065,40.52759999999999,27.03,1.8456,1.02,0.92,0.936,10.300000000000011,10.911085826809355,0,1
2483,i-80,9.8739519124,8.562248893878328,-0.1828,4.7555282716915,52.45560000000001,22.27,5.986599999999999,2.47,0.3,0.3959999999999993,7.899999999999991,1.281725008075652,0,0
2483,i-80,14.814268776800002,11.924127465388851,0.0916,4.472279407868075,73.402,22.37,5.866399999999999,2.43,0.28,63.706,1110.4,1.3538422987172167,0,0
2483,i-80,8.402588668400002,5.738465347784559,-0.2467999999999999,3.8217815270913023,43.8204,17.29,4.5528,2.35,0.22,0.7399999999999991,13.500000000000014,1.4210048580249868,0,0
2483,i-80,9.9434973484,5.845356741234304,0.3842,3.7795999626350696,46.7286,21.54,7.2226,1.9,0.36,0.6420000000000001,13.500000000000014,3.578461431785385,1,0
2483,i-80,10.992269796,9.264288170715696,0.7025999999999999,3.650165671386907,69.54739999999998,18.67,8.778799999999999,1.9,0.26,34.588,1714.6999999999998,11.019343928857513,1,0
2483,i-80,6.3162255884,2.947855277896151,0.1306,3.474110903731856,36.8454,21.83,4.775,2.63,0.12,0.302000000000001,6.300000000000026,0.5833810096746204,0,0
2483,i-80,6.8969981608,3.0640205303301857,0.0312,3.728511570400747,38.904,26.7,6.079200000000001,2.45,0.14,0.3680000000000006,6.300000000000026,1.1112107801669235,0,0
2484,i-80,7.3284525912,6.211477887520329,0.0259999999999999,4.276212323626447,30.7124,16.46,7.7924,1.49,0.48,0.1100000000000001,2.600000000000016,6.279584564479483,0,1
2484,i-80,13.666632719200004,6.377913409612409,-0.4443999999999999,4.378945991902617,47.22780000000001,20.38,2.5826,1.49,0.82,0.1100000000000001,2.600000000000016,17.419703044916158,0,1
2484,i-80,11.643542349600002,8.438212838976215,-0.3571999999999999,3.64752588218706,57.562,20.8,10.6974,1.62,0.4,46.698,1490.0,15.96806655676336,0,0
2484,i-80,9.8573155532,9.422618618388364,-1.008,3.957219700130641,51.9444,21.86,7.1436,1.73,0.16,9.69,249.30000000000007,7.08446648232481,0,0
2484,i-80,5.1744531656,3.452004528110021,-0.8822000000000001,2.6067418791452663,44.96300000000001,24.37,13.3032,2.23,0.06,0.5420000000000001,15.0,0.9892182584531802,0,0
2484,i-80,6.6282255052000005,3.385371786912032,-0.6624000000000001,3.4619815960557285,48.38919999999999,27.8,10.2256,2.23,0.16,1.4020000000000004,30.20000000000003,1.9241792293158693,0,0
2484,i-80,4.7841805424,2.858818217670088,-0.6624,4.675759268257282,46.1572,27.8,9.7668,2.44,0.1,1.5940000000000003,30.20000000000003,1.75750157186332,0,0
2485,i-80,15.249405024400003,10.181815112691968,-0.122,3.9606786678805537,106.37179999999998,27.96,6.470200000000001,2.3,0.5,0.4400000000000034,10.200000000000102,26.78521071221877,0,0
2485,i-80,8.418406846,3.037542019031409,-0.0751999999999999,3.805326685538768,56.1818,27.96,5.0588,1.34,0.4,0.061999999999999,1.700000000000017,3.713940164365845,0,1
2485,i-80,7.130316280400001,4.672890834117853,-0.8762000000000001,4.002209537702076,44.65780000000001,25.32,6.9846,1.34,0.26,0.0600000000000008,1.700000000000017,1.3988840158483185,0,1
2485,i-80,4.208317059600001,3.978151230187929,-1.4344,3.902610408431771,39.0078,16.12,16.5886,2.63,0.04,0.0980000000000003,4.799999999999969,0.7370258666853325,0,0
2486,i-80,7.703043400399999,2.7172549832717694,0.1656,3.4630240176670406,26.254,0.2,2.4085999999999994,0.02,0.54,11.206,463.6,6.159198383304272,0,1
2486,i-80,10.2324518168,4.378265967615385,0.4296,4.592676495003224,37.2496,0.8,2.6646,0.07,0.58,0.0980000000000002,2.5,0.6451527650131258,0,1
2486,i-80,9.358633868,5.506705178669556,0.9006000000000001,4.909868201398286,36.930800000000005,22.84,3.4996,1.66,0.52,0.0,0.0,0.5939283953268356,0,0
2486,i-80,6.354816487200001,4.182256808089568,0.4993999999999999,3.75930541239648,29.0914,18.95,4.6106,1.46,0.42,0.0,0.0,0.6759797186306701,0,1
2486,i-80,8.665224962,4.367278285615137,0.1144,4.242895218684371,34.98,18.95,4.1506,1.46,0.68,0.2520000000000003,7.699999999999996,1.0557809946060916,0,1
2487,i-80,13.641269089599998,9.746884111372871,0.0358,3.308533857422995,52.622400000000006,19.84,3.4946,1.55,0.5,16.686000000000003,731.8000000000001,16.837903020645207,0,0
2487,i-80,13.1309964984,8.756021333890933,0.5201999999999999,4.055176329239518,52.3434,21.66,3.5824000000000003,1.3,0.44,32.776,731.8000000000001,16.28452189865441,0,1
2487,i-80,9.6602701512,8.749178196663665,-0.4313999999999999,4.988134905627022,40.895,18.05,6.15,1.3,0.4,17.028000000000002,408.1,16.710110504758024,0,1
2487,i-80,6.794316369999999,3.9007876002603936,-0.7197999999999999,3.966991606767434,41.9666,22.61,6.932,2.4,0.14,0.0939999999999997,2.5,1.3835592416308171,0,0
2487,i-80,13.3246328104,10.258703045662786,-0.6139999999999999,4.279488334855379,64.3874,22.61,5.7182,1.83,0.4,0.1039999999999992,2.5,9.026839002957022,0,0
2487,i-80,25.2890387108,9.634333828576237,-0.5200000000000001,5.638899154397903,77.92739999999999,24.58,2.4718,1.26,0.8,0.4059999999999988,11.099999999999994,26.18317565608005,0,1
2488,i-80,5.309589493200001,2.7423274291756807,-0.3068,4.3975421892373525,35.3638,5.07,6.6808000000000005,0.6,0.2,0.8019999999999995,12.199999999999989,0.6821228092790738,0,1
2488,i-80,4.2760897688,2.17767029205284,-0.264,4.8947110147962105,27.7824,5.07,6.8586,0.6,0.26,0.6499999999999999,15.300000000000011,0.7351982256646222,0,1
2488,i-80,6.675952765200001,3.4726550755315864,0.0343999999999998,4.445225441357255,28.1936,21.16,3.8662,1.3,0.46,0.3359999999999999,15.300000000000011,1.2158577561809214,0,1
2488,i-80,8.394134125199999,3.290243006787549,0.0002,3.995415990704286,29.5218,21.16,2.9,1.3,0.66,0.0579999999999998,2.5,14.757134463059431,0,1
2488,i-80,6.871361804,2.6013581034523443,0.1716,3.925480009644992,31.591000000000005,21.55,3.5098000000000003,1.6,0.36,0.1939999999999997,3.500000000000014,18.34893769959649,0,0
2488,i-80,6.334907401600001,4.063574027048805,0.1004000000000001,4.49726264135264,43.165200000000006,21.93,6.1752,2.05,0.16,0.2319999999999993,3.500000000000014,7.816972984369802,0,0
2491,i-80,11.303860622,8.609888524849646,0.9469999999999998,5.195113972154362,38.491800000000005,0.04,2.992,0.0,0.64,20.236000000000004,392.4,5.476431229424163,0,1
2491,i-80,7.458407102000001,2.935068471204919,0.6569999999999999,3.6033721451338505,29.416,0.04,3.455,0.0,0.52,19.904,392.4,3.759113748353623,0,1
2491,i-80,11.490542390400002,4.950708744032739,-0.1294,4.94367144820073,43.8828,1.35,2.7752,0.12,0.66,0.6840000000000004,29.40000000000005,8.83018413631474,0,1
2491,i-80,18.7509495452,5.385619742203032,-0.4226000000000002,5.411165256076682,69.8338,27.5,2.5088,1.01,0.78,0.6700000000000003,29.40000000000005,18.86652077530189,0,1
2493,i-80,20.0039946656,7.619460676114996,0.3437999999999999,3.651239593813117,82.2638,22.7,2.97,2.17,0.7,0.223999999999998,5.799999999999983,1.504112094851162,0,0
2497,i-80,12.843814756800002,8.523018266861298,0.2075999999999999,3.4453485709736547,55.833400000000005,17.55,4.263,1.36,0.5,28.82999999999999,545.4,8.691841481597814,0,1
2497,i-80,11.9214513664,8.979172284422564,0.4378000000000001,3.795289395004909,57.3278,31.55,4.468400000000001,1.36,0.34,29.897999999999996,1026.6999999999998,5.343961259521378,0,1
2497,i-80,8.6117704308,8.070103287605066,-0.1705999999999999,3.60186142919214,51.5518,23.46,5.339200000000001,2.44,0.1,27.366,1026.6999999999998,4.710014425256301,0,0
2497,i-80,5.861862073200001,2.2348190877822933,-0.5665999999999999,2.7372678244660573,41.353,23.46,5.311599999999999,2.44,0.02,6.182000000000001,154.2,3.228027768954731,0,0
2497,i-80,10.9064970916,6.750255811533154,0.1734,4.335925676183548,52.0416,27.12,4.023199999999999,1.43,0.18,0.2599999999999994,9.100000000000035,8.885592418916255,0,1
2497,i-80,19.7232220132,6.746321595315394,0.1836,4.877700930494503,66.89439999999999,47.01,2.5892,1.43,0.68,0.4060000000000002,10.799999999999985,10.479053791390571,0,1
2498,i-80,10.0619973168,7.677032367477527,-1.1724,4.827617217634389,54.6518,22.65,5.890599999999999,2.32,0.22,59.66799999999999,674.9000000000001,5.199801417558253,0,0
2498,i-80,6.940907239999999,3.349994323697931,-0.1617999999999998,4.212184313853983,47.66440000000001,22.65,6.319,2.81,0.04,17.411999999999992,559.4,5.2701329966566295,0,0
2499,i-80,4.659680575600001,2.7073766486197317,-0.1202,3.414164666114823,51.18339999999999,31.14,13.4482,3.41,0.0,0.6359999999999999,15.399999999999991,0.4366553285125095,0,0
2499,i-80,6.345134671600001,5.581619471360014,0.9772,3.635365428112883,53.075,16.45,12.280000000000005,1.21,0.14,0.3299999999999997,11.400000000000006,5.749093714877935,0,1
2499,i-80,12.793905679199998,8.53897019886013,1.1446,4.46402591701203,57.3876,16.45,4.471,1.21,0.42,0.2719999999999999,11.400000000000006,5.594918135127227,0,1
2500,i-80,11.6119059944,8.653010566744037,-0.6448,4.5331474131543255,39.1858,20.02,3.4328000000000003,1.27,0.46,26.324,371.4,23.640802636672944,0,1
2500,i-80,11.3282697064,9.883218306978286,-0.7444,4.54835254318999,40.3578,20.89,4.286,1.27,0.38,22.634,545.3,22.70159736665133,0,1
2500,i-80,9.565497449200002,9.52264352200184,-0.3409999999999999,5.041091252934047,36.214,14.3,4.0942,1.42,0.44,19.346,545.3,22.585906675642143,0,1
2500,i-80,15.6194958348,7.9347402506976605,-0.1696,5.138427044319683,53.768,22.69,2.7426,1.4,0.66,1.7720000000000014,27.10000000000008,18.408823854237035,0,1
2500,i-80,18.2225405952,5.8845569472793215,-1.642,4.703321015136918,52.45399999999999,29.06,2.1298,1.39,0.94,0.8760000000000019,27.00000000000003,21.023336711650423,0,1
2501,i-80,9.9698155232,11.25474524277589,-1.0666,4.463870659562855,49.0264,24.3,7.934399999999999,1.49,0.28,24.434000000000005,632.0,16.090356491579747,0,1
2503,i-80,6.955361781600001,2.805434725867268,-0.1411999999999999,3.55797387883174,53.258,26.67,6.171,2.89,0.04,3.0859999999999967,88.6,4.2810526744753625,0,0
2503,i-80,11.6592241636,6.489445497618403,-0.496,3.0789999701731943,49.3316,31.49,3.5258,1.16,0.28,1.207999999999997,14.799999999999969,1.0996662426873538,0,1
2503,i-80,17.941358852,5.527261831945627,-0.4858,3.313902126817032,57.0892,31.49,2.3536,1.16,0.72,0.4759999999999991,14.799999999999969,3.4885637933694382,0,1
2506,i-80,5.987452948800001,2.6262462121523926,0.321,2.6500506348647264,14.5014,0.2,2.311,0.01,0.66,0.0880000000000001,2.400000000000001,0.4839936671031123,0,1
2506,i-80,4.6364987636,2.5682405843344207,0.6532000000000001,2.644440020194855,25.310800000000004,0.39,5.0296,0.06,0.34,0.1900000000000003,3.1000000000000227,0.755951661611956,0,1
2506,i-80,5.3105440384,2.933638243240758,-0.5574,3.0632707676466286,41.5264,1.75,12.428400000000002,0.63,0.08,0.2539999999999997,6.599999999999966,1.2378229442147566,0,1
2506,i-80,10.912497090000002,6.65178188228446,-1.0015999999999998,3.7122260003333607,52.371,33.85,10.501200000000004,1.53,0.36,0.5359999999999999,10.100000000000051,10.420150821189036,0,0
2506,i-80,18.0079042888,6.710165490448887,0.0559999999999999,4.070527719886863,59.7466,36.66,2.5748,1.53,0.84,0.4040000000000006,10.100000000000051,10.097339783025902,0,0
2508,i-80,28.743128698800007,5.268227065232706,-0.026,5.222933337987498,84.5896,5.12,2.2042,0.11,0.5,6.083999999999992,69.4,9.000377076930654,0,1
2509,i-80,14.1203144164,7.667247377292193,0.1959999999999999,4.022531439737105,45.0426,9.54,2.466,0.94,0.78,0.5020000000000003,14.299999999999995,5.601660916229057,0,1
2509,i-80,18.524040514800003,5.546117130146117,-0.7646,3.853281246852732,54.3916,29.31,2.0620000000000003,1.33,0.98,0.0819999999999993,4.099999999999966,18.667216003322345,0,1
2510,i-80,24.467175293600004,4.953667691389615,-0.6211999999999999,3.8941450765926815,63.2874,39.13,1.783,1.32,1.0,0.2399999999999991,5.09999999999998,7.653912844434806,0,1
2511,i-80,3.7344535496,2.6053106963824635,-0.0676,2.179177489469879,32.0034,22.07,14.2542,2.23,0.14,0.3340000000000011,4.6000000000000085,5.341410544576618,0,0
2511,i-80,11.164224295600002,7.656788829811659,0.5364000000000001,3.8964671387380263,42.0554,26.92,4.487399999999999,1.14,0.56,0.4580000000000019,6.600000000000037,12.171412001011522,0,1
2511,i-80,15.829768506,7.091365733200488,0.5972000000000002,4.172164338242936,45.5972,20.99,2.3934,1.14,0.8,0.7020000000000011,13.299999999999985,29.999829395052316,0,1
2512,i-80,4.4476351776000005,3.1089898196463706,-0.6965999999999998,3.4412999501552863,18.721400000000003,0.38,5.965,0.06,0.52,0.1619999999999986,3.6999999999999744,0.4407757928832257,0,1
2512,i-80,4.9024077836,3.1581892701076546,-0.6025999999999999,4.190544657990444,24.5976,1.1,5.2012,0.21,0.48,0.1999999999999996,3.6999999999999744,0.726215063721148,0,1
2512,i-80,6.560998250400002,2.6212941368716614,-0.2964,4.228345437976555,36.6544,27.7,5.092599999999999,1.61,0.26,0.390000000000002,9.70000000000006,1.582355893428968,0,0
2512,i-80,11.090587951599998,7.556515457846944,0.231,4.183929531735759,47.9676,27.7,3.8556,1.61,0.42,0.4599999999999994,9.70000000000006,1.2455988963595963,0,0
2513,i-80,5.124544088000001,2.0331367691544173,-0.3646000000000001,3.831724293477349,46.3222,23.9,7.3058,2.55,0.04,1.5080000000000011,37.40000000000009,1.3221638635361417,0,0
2513,i-80,4.5158169776,2.3122235734475622,0.1618,4.169153337432004,46.68019999999999,21.89,9.7556,3.52,0.0,1.688000000000001,37.40000000000009,0.3928229990357342,0,0
2513,i-80,7.8553615416000016,4.559157410808651,-0.3276,4.778298544418488,45.23519999999999,21.89,6.4922,2.44,0.14,0.4440000000000011,9.699999999999989,0.5481794213204138,0,0
2514,i-80,5.1835895268000005,2.2747418344188888,-0.0831999999999999,1.8106729383839364,37.3966,31.64,7.9704,2.86,0.02,0.2840000000000003,4.399999999999977,0.402461962203148,0,0
2514,i-80,4.381362468000001,2.304370694418916,-0.2746,2.130366654271666,36.941,25.79,9.8714,3.13,0.0,0.2659999999999997,4.399999999999977,0.8578122531373942,0,0
2514,i-80,8.094134205200001,4.259584729274484,0.0378,1.9736956840053197,37.4734,24.7,5.224,1.05,0.46,0.0879999999999995,4.399999999999977,2.823629855562604,0,1
2515,i-80,8.6605885996,7.212211439567937,-0.3521999999999999,3.9674858589308575,38.8852,18.35,5.5806,1.57,0.3,3.0919999999999987,82.10000000000001,13.568038964915653,0,0
2515,i-80,7.0244981268,3.0580749371013605,0.6691999999999999,3.471452580751776,35.81,23.33,4.5836,1.71,0.4,0.7040000000000021,17.30000000000004,1.3675803891604783,0,0
2515,i-80,11.3496787916,5.443993950144648,0.3919999999999999,4.758458419552728,44.5348,26.31,5.645,1.6,0.66,0.5780000000000015,17.30000000000004,6.078106682116042,0,0
2516,i-80,24.0424026796,6.488129870179547,0.4553999999999999,5.4875347462988096,75.2512,28.8,2.2082,1.36,0.86,0.7260000000000005,19.09999999999997,17.320116788030628,0,1
2517,i-80,9.021543048800002,7.857916499404368,-1.0838,3.2288450516162803,49.399,20.75,10.0124,1.53,0.14,18.546,281.2,11.11668004903681,0,0
2517,i-80,7.4117707508000015,3.1780393058468417,-0.778,2.384120939269068,41.64459999999999,20.75,5.8028,2.21,0.18,9.9,281.2,8.609183917355764,0,0
2517,i-80,11.53636056,4.890277470029098,-0.5689999999999998,3.3783302541525524,49.0976,30.45,3.179,1.43,0.46,0.3560000000000002,4.6000000000000085,6.998833265565316,0,1
2517,i-80,17.6728589236,6.10407662681588,-0.3261999999999999,4.459845284220482,63.4134,34.48,2.5388,1.19,0.72,0.3939999999999983,5.500000000000114,14.754779952231598,0,1
2518,i-80,5.860498437200001,3.337966997564444,0.3051999999999999,4.302876228377326,30.7308,13.77,10.0466,1.25,0.38,0.1080000000000012,4.300000000000068,1.3050268664057512,0,1
2518,i-80,4.521544248800001,2.19500638110682,0.3955999999999999,4.111846578572003,29.9634,22.4,8.9194,2.36,0.16,0.4159999999999996,12.399999999999984,0.618401541830852,0,0
2518,i-80,5.0942713688,2.9376497212704464,-0.2746,3.648160403070377,32.0812,22.4,6.3164,2.31,0.08,0.4159999999999996,12.399999999999984,1.2969547033142594,0,0
2518,i-80,8.8729067248,4.212679739876253,-0.6105999999999999,3.416126467333481,38.9336,25.95,4.0698,1.58,0.42,0.5480000000000004,15.900000000000034,4.88066937547024,0,0
2518,i-80,13.6407236352,5.114652850191406,-0.899,4.395443489499979,49.0226,31.25,2.8854,1.58,0.72,1.156,21.699999999999942,13.83834818692061,0,0
2519,i-80,13.6352690912,13.667991141285546,0.2094,4.586868306060558,38.60099999999999,16.12,5.7788,0.6,0.46,86.06,3320.7,7.315978838662335,0,1
2519,i-80,12.4633603128,5.530632932006538,0.1764,3.6656133824215225,65.2712,26.46,3.4767999999999994,1.98,0.3,0.4879999999999988,11.400000000000006,5.402709548524174,0,0
2520,i-80,10.255224538,9.43105710595397,0.6122000000000001,5.758321499343009,56.4184,16.79,5.3276,1.18,0.24,0.0,0.0,5.742277618236336,0,1
2520,i-80,14.3110870928,11.602474023294906,0.3233999999999999,4.78178073311521,71.1598,26.42,4.4988,1.18,0.32,9.682,468.7,6.425956542120752,0,1
2521,i-80,5.1533168076,3.2589170308585063,1.0138,5.481602584824914,41.6508,19.44,7.503600000000001,3.44,0.0,1.984,15.300000000000011,0.8378860533314464,0,0
2521,i-80,4.688180568,2.3157374811058045,0.7942,4.560003620657352,36.782,11.61,7.307600000000001,2.11,0.12,1.0459999999999994,13.999999999999986,0.6579208822852018,0,0
2521,i-80,6.772089103200001,4.404591141545139,0.2496,4.057661918506513,58.92060000000001,6.71,10.1308,2.11,0.12,0.5920000000000002,13.999999999999986,2.783985148403384,0,0
2521,i-80,8.6039977056,6.183903985229929,0.3601999999999999,4.553260545129911,65.82400000000001,6.71,10.284,1.5,0.08,0.5519999999999996,10.399999999999991,6.857696136875291,0,0
2521,i-80,13.694041802800005,7.681305018909677,-0.1015999999999999,4.362260395150894,57.18820000000001,31.8,3.927199999999999,1.5,0.5,0.4959999999999994,10.399999999999991,6.052234507373694,0,0
2525,i-80,7.6906343128,5.832125669827563,-0.0423999999999999,3.2181060217691613,26.3926,13.78,4.3306,0.97,0.58,2.772,138.19999999999996,13.176198562389311,0,1
2525,i-80,13.8724053916,7.736121701407278,0.5063999999999999,3.5551186208287437,38.0356,8.15,2.4776,0.37,0.7,0.125999999999999,6.2999999999999545,20.527786089570977,0,1
2525,i-80,19.191131246,5.094047444192106,-0.1816,4.338004506917993,50.0358,6.29,1.8076,0.18,0.9,0.2079999999999998,6.2999999999999545,23.124728344791603,0,1
2527,i-80,23.2004938132,5.786346777539333,0.1154000000000001,5.048343114733945,57.0972,32.31,1.6983999999999997,1.13,0.94,0.2559999999999988,6.2000000000000455,12.556010013275293,0,1
2528,i-80,12.5702693752,8.284908680271858,-0.8009999999999999,4.914272529052078,53.271800000000006,18.17,4.7046,1.41,0.42,1.4720000000000013,46.300000000000026,6.363325396972491,0,1
2528,i-80,12.637496630000005,10.137571220103704,-0.66,4.607193576686487,59.869400000000006,19.06,4.8308,1.94,0.38,90.154,694.8,6.025162999099218,0,0
2528,i-80,7.332134408400002,5.755869268325163,-1.0874,4.455106132637159,48.198,17.9,6.979400000000002,1.94,0.08,42.64,730.7,5.169118580373175,0,0
2528,i-80,7.4732707344,4.344968956047424,0.1281999999999999,3.3091799896774474,48.0378,17.9,6.944000000000001,2.56,0.06,16.191999999999997,730.7,2.5692254819581053,0,0
2528,i-80,12.4749512188,7.430322153521799,0.9704,4.370129573570551,49.1918,19.64,4.276,1.38,0.38,1.983999999999996,31.59999999999997,1.48093729683024,0,1
2531,i-80,12.1004967732,9.340020672967338,0.1346,4.614547630779716,62.1132,28.07,4.4182,1.87,0.26,15.786,750.9000000000001,22.78330583044685,0,0
2531,i-80,9.7146792276,9.977828203078143,-0.2123999999999998,5.520300405904426,56.17079999999999,15.4,7.7776,2.68,0.2,39.228,750.9000000000001,23.37520170556649,0,0
2531,i-80,5.8996347904,4.260758792833377,-0.1627999999999999,4.14957142611236,39.324,15.4,7.4788,2.0,0.14,35.226,562.6,21.696751984712424,0,0
2534,i-80,23.042721128,5.018940434756467,0.5063999999999999,3.207781202778325,96.8942,65.52,2.9314,2.11,0.56,1.3179999999999978,15.19999999999996,7.586249113672308,0,0
2536,i-80,11.1477243,8.17059042182399,-0.1623999999999999,2.941652707758213,73.3546,38.77,7.158,1.44,0.34,14.656,551.0,11.368169445465542,0,1
2536,i-80,9.8698610044,8.371830181406885,0.6836000000000001,4.561410344019776,52.0572,20.55,11.905,1.42,0.42,3.646000000000001,70.30000000000001,11.35642787810552,0,1
2536,i-80,7.9921342324,5.375433516024031,0.6402,4.026767828278301,47.8676,22.33,8.0108,1.71,0.22,2.660000000000001,70.30000000000001,9.053303475753015,0,0
2536,i-80,9.8155882916,5.856251322492213,0.6708,4.819432534975842,56.6874,23.37,4.789000000000001,1.67,0.12,0.0780000000000001,3.9000000000000057,4.529596046141917,0,0
2536,i-80,16.159495690800004,7.060344350211081,-0.1586,5.486321398696573,60.33120000000001,38.34,3.3714,1.62,0.58,0.5579999999999998,22.80000000000001,6.263334296245938,0,0
2537,i-80,9.413861126,8.988789773661782,0.7929999999999999,3.938472847100376,32.196600000000004,15.41,3.8108,1.02,0.4,14.18,427.9000000000001,6.087188876883742,0,1
2537,i-80,9.0942248476,6.039368613908358,0.3601999999999999,4.771709354441583,34.9282,13.3,3.8774000000000006,1.46,0.56,0.1700000000000003,8.500000000000014,3.292641079059514,0,1
2538,i-80,14.4631325068,6.397326416882189,0.1974,4.698885586509001,61.0338,40.39,3.2076,1.47,0.38,0.8680000000000007,12.69999999999996,12.31012021360756,0,1
2539,i-80,7.356816220000001,2.455685922814016,0.7519999999999999,4.523289844837291,40.647,19.85,4.5772,2.39,0.18,0.9139999999999994,12.299999999999969,1.091807351811384,0,0
2539,i-80,8.8074521968,2.1773867453918325,0.4407999999999999,3.637297628847044,41.3124,34.48,3.3896,2.22,0.4,0.4219999999999999,12.100000000000009,1.1935645881654031,0,0
2542,i-80,12.0788149608,7.886199320226928,0.6284000000000001,4.753103115280563,39.531400000000005,21.28,3.4498,1.14,0.54,11.4,263.1,11.926448909264908,0,1
2542,i-80,7.313316231600001,6.100231817931681,-0.0322000000000001,4.192085005564361,35.5406,21.85,7.408999999999999,0.81,0.22,4.462000000000001,121.9,10.145100571795076,0,1
2542,i-80,10.188406374,7.117301969870118,0.2001999999999998,4.787783983158362,46.461000000000006,21.85,5.311600000000001,0.81,0.3,0.0,0.0,10.592478360937951,0,1
2542,i-80,16.5017683268,7.427221132474178,-0.2337999999999999,4.416510715254654,59.593,6.11,3.455,0.16,0.7,0.0240000000000009,0.799999999999983,19.31584721058999,0,1
2543,i-80,6.8180436364000006,4.403352216646431,-0.2992,4.965633666943798,40.6668,23.27,5.498799999999999,2.37,0.24,58.374,837.2,20.39902793026157,0,0
2543,i-80,8.4192250276,4.624880603655621,0.7094,4.185648175977195,31.5868,24.67,4.0768,1.28,0.6,1.8880000000000008,82.90000000000003,10.456510762004616,0,1
2543,i-80,15.316359552000002,5.9130858935496615,0.6144000000000002,5.055979753253183,50.00639999999999,25.22,2.9136,1.28,0.8,0.2339999999999996,5.399999999999992,19.92807725302291,1,1
2543,i-80,19.0265403808,4.058890592408246,0.0304,4.603894074917583,72.275,32.42,2.5496,1.51,0.76,0.3840000000000003,6.2000000000000455,13.715880624536316,1,0
2544,i-80,9.6076338016,10.983476714998597,0.6022,4.101879753259971,41.025,10.69,5.082199999999999,1.02,0.38,6.303999999999999,310.79999999999995,6.375153087589668,0,1
2544,i-80,5.9894984028,3.074394005817466,-0.0568,3.3018488574662257,30.2638,20.0,5.210400000000001,1.82,0.38,0.2539999999999999,8.200000000000003,1.60455341819359,0,0
2544,i-80,9.2769520716,5.812535299638598,-0.4146,4.603424727796664,48.8856,20.24,5.839,1.82,0.48,0.4000000000000007,8.200000000000003,1.2978239597927927,0,0
2544,i-80,14.6939960816,7.670783617069159,0.1745999999999999,4.868040384351127,82.8734,20.24,6.2272,2.08,0.12,1.5280000000000018,66.20000000000005,0.8035887424166516,0,0
2546,i-80,5.3724531128,2.082698379675268,-0.4513999999999998,4.296443716871536,60.1656,34.45,9.3016,4.48,0.0,0.1439999999999997,3.9000000000000057,0.4338536177475682,1,0
2546,i-80,5.7445893772,2.223415992954587,-0.4495999999999999,4.357427138267044,52.88400000000001,34.45,7.9944,3.33,0.0,0.1479999999999989,3.9000000000000057,1.6286936425321032,1,0
2547,i-80,6.6376345936,2.148662417815698,-0.129,2.75949363145502,38.601200000000006,26.85,4.357399999999999,2.38,0.1,0.3780000000000015,10.399999999999991,4.211681355080734,0,0
2547,i-80,8.9899066936,2.900002612999797,-0.5920000000000001,2.2282243319444714,49.0432,35.25,3.9248,2.35,0.06,0.35,11.000000000000014,1.5342751195430953,0,0
2550,i-80,11.7263150548,8.987760832143161,1.2742,4.303758248464298,37.5848,17.41,2.9078,1.27,0.62,8.656,408.6000000000001,6.488582040030323,0,1
2550,i-80,13.231769198800002,10.270459740489429,0.1282,4.961787733287679,46.37,17.41,6.760200000000001,1.49,0.56,27.276000000000003,662.8,6.78231193563411,0,1
2550,i-80,5.7261802912,3.548997218486364,0.2637999999999999,3.282249036056508,29.2808,16.55,11.9524,1.75,0.34,1.0620000000000012,29.50000000000003,3.025097441507008,0,0
2550,i-80,7.136316278800001,3.046275227072139,0.1871999999999999,2.8696433967463264,30.2014,16.55,3.8274,1.75,0.5,0.1500000000000007,6.10000000000003,1.6564143128814022,0,0
2550,i-80,12.394769422,7.119181364705228,0.2850000000000002,3.563499340679104,45.74979999999999,28.02,3.1878,1.6,0.66,0.9839999999999968,17.59999999999991,10.919102830772298,0,0
2550,i-80,17.570586223600003,5.800299573621315,0.0777999999999999,4.211413205050469,61.4258,32.5,2.5278,1.6,0.8,1.025999999999995,17.59999999999991,11.95131872317265,0,0
2552,i-80,7.4764070972,6.072315853147182,0.1019999999999999,5.461117101839147,38.168800000000005,12.9,5.1054,1.7,0.32,35.392,551.0,28.075775837928905,0,0
2552,i-80,20.79831263560001,6.104876173891381,0.3432,4.630784938091721,60.656000000000006,32.77,2.0474,1.39,1.0,0.4180000000000007,9.100000000000108,7.755225083879425,0,1
2553,i-80,5.9000438812,2.548690340677414,-0.1614,4.009403747212703,44.71339999999999,23.9,6.714799999999999,3.69,0.0,0.2719999999999999,4.6000000000000085,0.5132338851014484,0,0
2553,i-80,8.5858613468,3.6644630737527,0.1101999999999999,4.088708937489951,52.47139999999999,23.9,4.563400000000001,2.3,0.1,0.3679999999999992,10.499999999999972,0.7348597980956254,0,0
2553,i-80,13.0903601456,5.696459437649235,-0.25,4.190114703023032,60.7208,40.09,3.8858,1.89,0.42,0.6339999999999989,10.499999999999972,11.700425449163316,0,0
2553,i-80,17.1219499796,6.773455395791137,0.6945999999999998,4.78409832418923,67.7598,38.56,3.3596000000000004,1.76,0.56,0.3499999999999986,4.299999999999997,8.368915045108588,0,0
2555,i-80,9.4217702148,6.430561879987211,-0.4871999999999999,4.325995952331883,55.79899999999999,27.89,4.7312,1.9,0.18,31.956,493.1000000000001,6.821630044474229,0,0
2555,i-80,7.615361605599999,3.634415298581663,0.3641999999999999,4.486128775208655,52.476399999999984,27.89,5.075,1.9,0.04,19.514,376.6,4.836133754712476,0,0
2555,i-80,9.698179232,3.3099050548274707,-0.3429999999999999,3.6070572832848056,60.3898,42.36,4.6412,2.37,0.08,7.612000000000003,353.20000000000005,0.9032076229771766,0,0
2556,i-80,21.83303963240001,6.647825711862448,1.1972,4.902930419032841,62.4014,14.63,2.0248000000000004,0.49,0.92,1.0679999999999992,18.299999999999983,7.208582901327148,0,1
2558,i-80,6.6953163964,5.357570423676948,0.0226,2.9698634683109866,31.5266,15.59,6.28,1.44,0.28,0.288000000000001,7.1000000000000085,5.647564553804387,0,1
2558,i-80,13.910450836,7.057883076656432,0.1402,3.668882658137716,49.1206,22.08,4.0794,1.44,0.68,0.6160000000000025,11.700000000000015,14.267604847417132,0,1
2558,i-80,18.019495194800005,6.1844461689894565,0.72,3.789127841062949,60.757200000000005,32.89,2.5508,1.77,0.78,0.3580000000000012,11.700000000000015,12.635780163859602,0,0
2560,i-80,5.16477135,1.9257566075843875,-0.5878000000000001,4.2342415122042185,34.236999999999995,12.01,5.2798,2.24,0.14,0.5759999999999991,13.099999999999987,4.281953011447568,0,0
2560,i-80,5.8688166168,2.0808752901085623,-0.1861999999999999,3.3881786630963284,27.138000000000005,12.01,3.4504,1.98,0.38,0.2899999999999998,6.600000000000001,0.77490609016282,0,0
2560,i-80,6.4122255628,2.7039228245590703,0.3389999999999999,2.094281085553256,30.657,18.25,4.658799999999999,1.98,0.48,0.1960000000000001,3.9000000000000057,1.2703854406262305,0,0
2561,i-80,5.7773166412,3.0824574937757228,-0.5015999999999999,4.2794780150893,44.6618,18.76,7.0002,1.2,0.12,0.6140000000000008,12.800000000000011,4.653399683268663,0,1
2561,i-80,6.5414982556000005,2.6099487811069024,-0.6834,3.983071632879964,48.2158,20.15,6.396599999999999,3.54,0.0,0.4580000000000005,12.800000000000011,1.2936949659397925,0,0
2561,i-80,10.0614518624,4.786202485498404,-0.3598,3.877924697461733,58.59780000000001,35.12,4.876,1.76,0.12,0.2940000000000012,10.399999999999991,11.20649869812246,0,0
2561,i-80,16.986677288400003,8.11660377902114,0.2602000000000001,4.115127141140976,65.60840000000002,19.15,3.1844,1.04,0.56,0.7300000000000025,21.800000000000068,17.97989377353924,0,1
2566,i-80,8.433406842,8.960752643728394,0.5136,4.368821239236983,28.591400000000004,15.44,4.390600000000001,0.71,0.36,9.558,227.1,8.310023553811261,0,1
2567,i-80,9.5644065404,7.148728111586615,0.0924,4.081457602776894,74.42739999999999,32.99,9.578399999999998,2.14,0.32,14.493999999999998,257.79999999999995,11.085236613714695,0,0
2567,i-80,6.776043647600001,3.3141713197409457,0.5735999999999999,3.077817779809956,90.27939999999998,27.36,10.6118,2.26,0.08,0.5220000000000014,7.000000000000028,6.286846120306123,0,0
2567,i-80,7.364179854400001,3.159433094627273,1.2262,2.80132467935862,68.3432,22.08,7.287000000000001,2.6,0.16,0.7640000000000022,13.799999999999956,6.04721666115402,0,0
2568,i-80,10.0307700524,9.886869849605766,-0.3349999999999998,3.643693041351293,60.76520000000001,30.51,17.624200000000002,1.6,0.28,18.958,484.4,17.064647986395496,0,0
2568,i-80,16.9437227544,8.458849568151441,0.7142000000000001,5.623866449048616,49.3926,2.75,2.7862,0.19,0.72,0.5160000000000003,7.5,5.957857472348287,0,1
2572,i-80,13.6632236292,9.017920212842132,0.3547999999999999,5.258622167644374,37.5188,22.97,3.301,0.93,0.6,10.712000000000003,285.20000000000005,12.735042629016094,0,1
2572,i-80,6.3359983104,3.725488572755765,0.6931999999999999,4.879097206555779,30.8066,20.48,4.5128,1.74,0.38,6.09,293.79999999999995,8.38976994493768,0,0
2572,i-80,7.180088994399999,2.5098610387578137,-0.4922000000000001,4.6558369290820405,27.946,20.48,2.9,1.46,0.6,0.3920000000000002,14.299999999999995,1.4470295761613563,0,1
2572,i-80,11.5021332964,6.534325169601491,-1.4488,4.547445409799005,39.688,22.56,2.6861999999999995,1.46,0.7,1.6839999999999988,56.49999999999999,24.03206489917084,0,1
2572,i-80,16.932950029999997,8.489740131098632,-0.3119999999999999,5.284657423299325,55.65459999999999,25.28,2.9477999999999995,1.27,0.78,1.408,56.49999999999999,15.745111061104987,0,1
2574,i-80,23.6668573252,8.119898872221233,-0.0334,4.05808420165909,94.05759999999998,27.29,2.9212,0.61,0.56,0.3399999999999991,5.999999999999943,6.675511230564124,0,1
2575,i-80,22.291357692,6.841847820227954,-0.3035999999999999,4.92218126526881,51.7456,15.2,1.7846000000000002,0.33,0.9,0.6240000000000009,16.799999999999997,13.467642592146404,0,1
2576,i-80,7.992406959600001,3.1713099459891736,-0.9264,2.9300398827124714,43.53900000000001,30.97,4.0962,1.84,0.2,7.0440000000000005,164.80000000000004,14.279415229780588,0,0
2576,i-80,10.1323609344,3.4736441420225144,-0.2459999999999999,4.139764362810018,49.6332,31.67,3.5746,2.1,0.38,1.8059999999999987,37.10000000000001,7.527260205711626,0,0
2582,i-80,9.9214064452,6.9887276949734725,-0.2066,4.002723873584495,52.97040000000001,22.18,5.170599999999999,2.31,0.32,23.88,584.9999999999999,16.54975304878953,0,0
2582,i-80,5.705316660399999,6.228102193524262,-0.3392,2.5965376003832645,38.6072,21.51,13.5112,2.13,0.16,22.094,522.6,10.085411895507333,0,0
2582,i-80,5.680225758000001,4.035739937024797,-0.7504,4.077126819469909,32.4552,17.15,5.428999999999999,1.97,0.2,12.108,522.6,9.160616758066196,0,0
2582,i-80,8.78522493,5.77440615332134,-0.1069999999999999,4.199344579569433,38.1798,17.15,3.3496,1.97,0.46,0.5559999999999995,13.70000000000001,8.728563326182819,0,0
2583,i-80,10.3566790564,9.523105296582278,-0.0443999999999999,4.107589372001489,74.14899999999999,53.61,6.926,2.1,0.18,16.872,651.7,10.205456654262994,0,0
2583,i-80,5.9281347828,8.095531646022794,-0.1659999999999999,3.1826012977450007,62.49280000000001,24.17,16.0378,2.15,0.06,26.488000000000003,665.6,7.789571816819443,0,0
2583,i-80,3.803862622000001,2.515483685557206,-0.0616,3.290741719008724,53.3862,24.17,16.981799999999996,3.34,0.0,13.774,665.6,3.812236144954554,0,0
2583,i-80,5.329907669600001,2.1740838874086537,0.0028,3.2663947797446125,60.1132,36.65,9.3738,3.74,0.0,0.4359999999999999,10.999999999999943,3.6120025685913086,0,0
2583,i-80,10.774088036,7.253646989539224,-0.0184000000000001,2.7347098939524885,70.2584,36.65,6.831399999999999,1.53,0.18,0.0240000000000009,1.2000000000000457,18.488622616835336,0,0
2583,i-80,14.129996232000002,6.919471270370074,-0.1247999999999999,3.393248542837584,62.1638,20.06,3.7054,1.53,0.4,0.436000000000002,12.000000000000028,26.925490991191506,0,0
2584,i-80,4.826316894800001,2.1130786960867303,-0.0477999999999999,4.724283463648002,35.9848,24.5,6.4112,2.84,0.04,0.1479999999999997,2.69999999999996,0.7884789655936758,0,0
2584,i-80,4.7834987244,2.2515914699764483,-0.8895999999999998,4.158127993239658,36.04580000000001,24.5,6.502999999999999,2.99,0.02,0.1179999999999985,2.69999999999996,0.622072375866608,0,0
2584,i-80,9.135815745600002,4.288662062586942,0.2343999999999999,3.621431761058049,76.0024,32.98,5.565200000000001,2.99,0.02,0.0019999999999996,0.0999999999999801,1.107672830942496,0,0
2585,i-80,6.2871801416,2.223366252268196,0.8762000000000001,4.146572663916896,34.7358,5.77,4.713,0.38,0.18,1.3020000000000016,19.800000000000004,1.2496134742799634,0,1
2585,i-80,9.035452136,2.782127774020409,0.8382,3.99698441940666,35.1154,5.77,2.8936,0.38,0.64,1.3020000000000016,19.800000000000004,1.087265212750386,0,1
2585,i-80,12.263860366,7.042831425219185,0.5992000000000001,4.785741935954238,47.3802,26.22,3.8612,1.73,0.72,0.0,0.0,12.029833928383626,0,0
2590,i-80,9.5114974636,6.444711706285512,-0.8589999999999999,4.826813817898207,45.4326,27.04,5.1530000000000005,1.83,0.48,14.062,295.7,11.90353102346235,0,0
2590,i-80,11.4638151248,9.839870288271786,-1.3466,5.003542259525459,47.7794,17.53,5.422399999999999,1.48,0.44,19.935999999999996,452.69999999999993,11.692279483505695,0,1
2590,i-80,7.9769978728,2.0582797225729235,0.2512,3.1710074623896123,53.2494,22.76,4.703,1.64,0.22,1.1120000000000003,17.30000000000004,4.7240531596397215,0,0
2590,i-80,11.2832697184,4.98018226430928,0.0213999999999999,4.701394934115896,61.90720000000001,22.76,4.3242,1.64,0.36,1.3439999999999983,18.19999999999993,1.538527661401627,0,0
2590,i-80,19.4929038928,6.488281309146488,0.4526000000000001,5.570570193949116,73.0644,24.3,2.7465999999999995,1.41,0.62,2.0499999999999985,22.69999999999996,1.2172920466916624,0,1
2594,i-80,6.642407319600002,4.978913494683151,-0.7005999999999999,5.347541647661044,40.2336,23.41,5.719000000000001,2.16,0.18,19.352,332.4,26.896773169490437,0,0
2594,i-80,11.6533605288,6.958611404129511,-0.3631999999999999,5.11326184483814,55.3348,26.59,3.9732,2.16,0.32,6.8939999999999975,332.4,15.801274503181633,0,0
2594,i-80,15.6479958272,5.161172829752791,-1.119,4.611594195113894,61.4512,31.46,2.911,1.35,0.62,0.3139999999999986,10.0,28.85080663580009,0,1
2594,i-80,18.956449490400004,7.025798655434276,-0.1472,4.043935767268802,58.302600000000005,31.46,2.3496,1.35,0.9,0.1700000000000003,5.300000000000011,8.28855867276312,0,1
2595,i-80,10.285769984399998,8.048735598829266,0.4158,4.424603794092063,41.544,16.97,4.862399999999999,1.6,0.5,41.69200000000001,553.9,9.670303859481038,0,0
2595,i-80,9.309542972,5.05755008759906,0.7160000000000001,4.265212390338127,39.0722,18.35,3.514,1.55,0.52,11.533999999999995,441.3999999999999,4.871679100763548,0,0
2595,i-80,10.8520880152,5.061980761351912,0.077,3.47674269912491,42.2662,26.37,2.9694000000000007,1.55,0.54,0.0799999999999997,2.800000000000012,4.637392346778433,0,0
2595,i-80,18.1352678912,7.629596872473748,0.1216,3.03183271844821,78.05779999999999,28.82,2.998,1.74,0.48,0.3079999999999998,6.999999999999886,0.8544956015458617,0,0
2597,i-80,21.752721472,7.567001475620904,-0.8827999999999999,5.187924377526986,76.8514,22.78,2.6328,0.65,0.58,0.4620000000000018,9.699999999999989,7.096970677719344,0,1
2599,i-80,11.5351332876,6.245263706211357,-0.4413999999999999,4.615121114115986,44.82640000000001,22.96,9.760600000000002,1.66,0.72,0.8699999999999996,20.599999999999987,7.626367826087037,1,0
2599,i-80,14.0582689784,7.694301767130043,0.6997999999999999,4.657959389418223,57.37500000000001,22.96,9.9434,1.6,0.58,0.6779999999999994,20.599999999999987,11.35377859828064,1,0
2602,i-80,11.1387243024,11.339591422536946,-1.2433999999999998,4.52045401819466,47.3006,25.08,4.088800000000001,1.41,0.32,8.019999999999998,226.7,11.008201167255962,0,1
2602,i-80,6.5834982444,4.042313290070282,0.2750000000000001,3.4585960641124136,40.7454,26.14,5.0322,1.87,0.14,5.061999999999999,226.7,8.405377828460994,0,0
2602,i-80,8.817952194,4.431752189353579,0.0181999999999999,3.266924341496329,48.7464,27.77,4.5176,2.29,0.32,0.5140000000000015,14.90000000000002,0.8436799434256899,0,0
2602,i-80,14.1814053092,7.3125104122992655,-0.8234,3.996797498610351,55.4256,20.18,3.0091999999999994,0.73,0.6,0.5820000000000014,14.90000000000002,12.712247388279398,0,1
2605,i-80,8.736815852000001,3.334893359270373,-0.0624,3.308034474069557,50.4402,30.74,4.1,2.59,0.1,10.852,526.1999999999999,3.477732039588972,0,0
2605,i-80,10.4860881128,3.967534933656744,0.4008,3.49296426362177,47.760200000000005,17.78,3.6992,1.78,0.44,0.4679999999999992,6.499999999999986,1.0447995259320109,0,0
2605,i-80,14.697950626,6.649133478107393,0.6641999999999999,3.2716419705819693,60.9798,17.78,3.3144,1.78,0.56,0.3359999999999999,6.499999999999986,0.9181604014861148,0,0
2608,i-80,25.9183567248,6.002039831979487,0.3117999999999999,3.43400562798916,85.71660000000001,47.81,2.3264,1.54,0.78,0.1060000000000002,4.100000000000037,25.038689523647847,0,0
2609,i-80,6.9284981524,3.362979383513879,-0.66,3.89778534712276,30.923,16.0,3.8464,1.83,0.64,1.954000000000002,92.70000000000005,13.731078792227772,0,0
2609,i-80,8.3485886828,4.562210471507667,-0.1429999999999999,3.5630715080431057,39.452200000000005,16.0,4.3912,1.63,0.52,2.1620000000000004,92.70000000000005,18.306399195463687,0,0
2609,i-80,11.964269536800002,8.094262639895897,0.2146,4.750990534743727,49.0862,20.11,4.1456,0.49,0.36,0.4539999999999999,13.499999999999943,11.341902651024036,0,1
2611,i-80,3.7835444456,2.521915598874419,-0.3264,2.851766913794366,45.581,25.72,18.3656,3.4,0.0,0.5039999999999992,10.0,0.3873228832877902,0,0
2611,i-80,5.064407740400001,3.288071130625691,0.4386,3.612769309218713,50.5742,27.04,17.147800000000004,3.25,0.0,0.3339999999999989,10.0,1.3251666524383618,0,0
2611,i-80,7.819770642,2.610913763252772,-0.0816,4.973394668695844,54.56,30.42,5.6212,2.86,0.02,0.1519999999999982,3.9000000000000057,1.3373553800890252,0,0
2612,i-80,12.7604965972,7.63978833445513,-0.6285999999999999,3.881893610082584,62.4528,19.06,4.31,1.3,0.34,6.792000000000002,240.6,26.97415756781793,0,1
2612,i-80,14.1418598652,5.343919627733292,-0.906,4.548487077466259,79.09360000000001,28.09,4.0388,2.05,0.22,0.1900000000000005,5.499999999999972,30.971049458670727,0,0
2614,i-80,23.589266436800003,7.809758896724481,0.0922,4.606490226200597,70.9338,1.95,2.2324,0.04,0.86,0.5599999999999994,10.499999999999972,12.904801694607432,0,1
2615,i-80,8.3769523116,8.607423947038976,-0.176,4.44206607564635,43.3584,26.48,5.272200000000001,0.69,0.28,19.716,388.5999999999999,1.375046353801224,0,1
2615,i-80,8.650634056800001,3.988084160789799,0.1929999999999999,3.952196108701168,44.869800000000005,30.67,4.278199999999999,1.55,0.3,2.1119999999999983,79.89999999999998,0.9707169084375376,0,0
2615,i-80,9.425452032,3.69415505879508,0.9908,3.7277140995740634,46.0444,32.49,3.9574,1.55,0.42,0.2399999999999991,11.599999999999966,1.0422292710672578,0,0
2616,i-80,7.752952478000001,4.280541764902833,0.014,4.134566087837256,68.181,0.08,7.404800000000002,0.02,0.24,0.7699999999999989,15.39999999999992,5.497708409020276,0,1
2618,i-80,10.398679045200003,5.077610157257311,-0.6045999999999999,5.255951033381697,46.54559999999999,27.82,4.899,1.45,0.44,0.5160000000000011,15.900000000000034,5.616762986864609,0,1
2618,i-80,14.9153142044,8.589347122879127,-0.6173999999999998,5.145309260652376,48.68540000000001,27.82,4.2936,1.45,0.66,0.8379999999999995,15.900000000000034,5.978740732745297,0,1
2634,i-80,8.070543302399999,3.674222903130428,0.9592000000000004,5.290335755711849,41.906000000000006,27.75,3.9018,1.84,0.2,4.105999999999999,202.8,7.226900713222474,0,0
2634,i-80,9.275452072,3.106550534086677,0.6521999999999999,4.6546984338627215,43.4752,27.75,3.3873999999999995,1.85,0.36,0.0819999999999986,1.9999999999999571,1.2875940861204065,0,0
2635,i-80,8.7297249448,4.948714141019567,-0.1984,2.399562341047098,37.3338,13.67,3.1698000000000004,1.89,0.52,6.539999999999999,312.0,11.26273862192115,0,0
2635,i-80,9.851588282000002,2.742662792771785,0.2612,2.9753474432683094,36.86959999999999,27.53,2.6787999999999994,1.93,0.78,0.2159999999999996,3.200000000000003,1.0476350462847648,0,0
2638,i-80,11.33050955106383,6.470562874288087,0.1772340425531913,4.935892810357378,56.04021276595744,26.43,8.188297872340426,1.15,0.6808510638297872,0.0148936170212766,0.7000000000000028,7.612872050881304,0,1
2639,i-80,8.5341795424,4.454059616600193,0.1877999999999999,2.289251985488104,78.29140000000001,1.55,7.292399999999999,0.1,0.04,0.1940000000000026,5.0,0.9957671076376547,0,1
2640,i-80,9.3696793196,4.620080326942976,0.5682,4.9994541293862005,40.203,1.6,3.5329999999999995,0.06,0.38,1.333999999999999,46.8,1.5153424883975426,0,1
2640,i-80,10.1001791248,4.62046810495774,0.4652,4.523564262023151,41.5808,1.6,3.906800000000001,0.06,0.54,1.7599999999999991,46.8,1.413441248607563,0,1
2641,i-80,9.5423156372,7.174097278400858,0.1253999999999999,4.194390427848186,41.1022,18.23,8.7082,1.49,0.52,23.46,464.2000000000001,17.10428198194707,0,1
2642,i-80,3.6837262904,3.1351147824062497,0.1911999999999999,4.681357573898183,35.0728,26.53,12.1392,2.58,0.04,0.5559999999999988,17.10000000000001,0.3203515549759519,0,0
2642,i-80,3.232908228800001,2.6245481590230586,0.4811999999999999,3.647470826281058,32.7526,24.1,13.144799999999998,2.49,0.06,0.2240000000000002,7.000000000000028,0.3897627855242107,0,0
2642,i-80,5.4527712732,3.2770920544221265,0.3387999999999999,3.3509198493450563,35.85339999999999,24.1,9.1548,2.22,0.12,0.8340000000000003,15.100000000000016,1.218189465509184,0,0
2646,i-80,8.99658851,6.3363783209846725,0.1414,5.068447417552025,71.823,42.45,9.050400000000002,1.51,0.3,21.346,384.5,6.8793681569143645,1,0
2646,i-80,8.972724880000001,4.80764509590886,0.357,3.913679436884666,91.3946,43.46,8.684199999999999,1.51,0.14,19.426,666.0,5.313326607921725,1,0
2646,i-80,9.5530883616,2.921790323662317,0.3466000000000001,2.428146693951364,84.59440000000001,28.43,6.486599999999998,2.54,0.08,13.808000000000003,666.0,1.6607479781528491,1,0
2652,i-80,3.9486807652000007,1.3571754353937748,-0.728,3.6055444832102905,47.9406,27.13,9.5152,2.91,0.02,0.4999999999999993,14.499999999999991,0.8617877481475026,0,0
2652,i-80,7.034452669600001,4.806802598478571,-0.3243999999999999,3.837101988932453,61.089400000000005,27.13,7.4108,2.79,0.04,0.4779999999999994,14.499999999999991,0.7255572383502555,0,0
2654,i-80,7.9101797088,7.392774625864723,-1.2035999999999998,5.021519308263716,44.4722,22.93,7.641199999999999,1.74,0.26,20.096,660.0,13.500269242077042,0,0
2657,i-80,9.13977029,5.191593468764431,-0.0822,3.412498809149826,59.449000000000005,34.74,4.8178,3.0,0.0,5.116,243.40000000000003,9.64793948148346,0,0
2657,i-80,9.6628610596,2.8725133979787643,-0.3449999999999999,3.3297044362304984,51.9426,22.86,4.149,2.64,0.08,0.4760000000000019,15.0,0.8517871414183911,0,0
2661,i-80,6.757907288799999,2.7692338557555143,-0.5126,2.873800590983079,26.3752,0.02,2.9012,0.0,0.5,0.1159999999999999,4.0,16.532765233218992,0,1
2662,i-80,3.7937717156,2.806594238306455,0.1432,2.917144564152292,25.977,16.73,7.705400000000001,2.28,0.2,0.6639999999999986,20.29999999999994,0.5762970141961766,0,0
2662,i-80,4.8924532408,2.684313138210717,0.3816,3.574617068117013,27.83900000000001,16.73,5.2052,2.45,0.22,0.443999999999999,13.099999999999952,0.7963697725892656,0,0
2662,i-80,7.482679822800001,2.9767708535434387,-0.1877999999999999,4.541387583511615,36.61,18.91,3.8374,1.55,0.46,4.238,187.1,1.1357187832795042,0,0
2662,i-80,8.747043122,2.467771854602009,-0.1856,4.246298825363768,35.1404,19.45,2.9668,1.55,0.62,4.5200000000000005,187.1,1.191437577218447,0,0
2668,i-80,8.3934523072,7.658891962022864,0.321,4.791441029884136,39.622800000000005,22.7,5.4162,1.51,0.24,17.067999999999998,336.5,11.170356926842636,0,0
2668,i-80,8.4500432012,8.455499173512413,-0.1477999999999999,4.907145681013952,36.2364,17.93,8.4038,1.51,0.3,18.29,336.5,12.370903651367938,0,0
2668,i-80,8.572497714000002,5.973128532154116,-0.0306,3.499292295797619,35.068200000000004,16.02,7.3042,1.45,0.44,5.522000000000002,262.40000000000003,11.021435030995235,0,1
2670,i-80,9.9710427956,8.797282065900372,-0.0174,3.179992176861125,61.46,23.94,18.5112,1.92,0.28,21.750000000000004,426.60000000000014,10.567466936628414,0,0
2670,i-80,9.952497346000005,6.679939539558252,0.3174,4.406400636736129,46.23619999999999,6.17,4.4484,0.68,0.4,2.539999999999999,119.0,8.031535479315908,0,1
2674,i-80,6.4157710164,6.055180854719552,-0.7987999999999998,3.863671532918619,37.68879999999999,21.46,7.325799999999999,1.01,0.16,6.272,153.6,22.97552920755792,0,1
2674,i-80,8.676952231600001,6.113074293872673,-0.0875999999999998,3.980270506651834,55.014,27.7,5.920200000000001,1.08,0.1,0.5320000000000007,20.600000000000023,11.06036698105041,0,1
2675,i-80,9.8933155436,7.320130112885694,0.3474,4.384686622269625,77.5428,43.3,9.0856,2.55,0.04,9.069999999999997,411.9,0.5855733980380217,0,0
2675,i-80,11.4428151304,11.353849136413752,-0.3472,4.531354728276014,75.397,43.3,17.002,1.46,0.2,41.77400000000001,847.5,0.5822869931992123,0,1
2675,i-80,10.1789972856,10.41577273281943,-0.0443999999999999,3.570058685849318,69.34779999999999,23.73,20.0648,1.46,0.26,42.466,847.5,0.3852259029797072,0,1
2675,i-80,8.6443613312,7.555416993609484,0.4231999999999999,2.495724867096712,57.1544,18.54,11.314199999999998,1.74,0.24,46.63799999999999,974.1,0.4763410285816286,0,0
2675,i-80,8.1053160204,5.766547509772364,0.1675999999999999,2.240399527052335,45.1752,18.54,4.276,1.55,0.24,37.428,974.1,3.6029953235651937,0,0
2675,i-80,8.0907251152,2.821741486462419,-0.0329999999999998,4.05116020166962,46.00920000000001,18.66,4.1818,1.55,0.16,0.5679999999999993,8.999999999999986,4.682508378191836,0,0
2678,i-80,9.359724776800002,5.565642347702768,0.2272,4.590680906322445,60.808600000000006,46.22,5.708200000000001,1.85,0.14,0.6719999999999999,17.20000000000006,8.980178255787258,1,0
2678,i-80,7.780497925200001,2.5838800267618325,-0.1784,3.550044184835692,56.2608,36.17,5.3356,3.03,0.0,0.5260000000000005,12.79999999999994,1.1381334861275711,1,0
2680,i-80,9.7161792272,6.438350341057634,-0.263,2.9641203051957032,31.9174,22.12,3.1482,0.84,0.56,8.14,243.6,12.155538341741636,0,1
2683,i-80,5.925816601600001,1.609824746724106,0.2483999999999999,2.871598687213825,46.018,32.98,5.6186,3.39,0.0,0.1439999999999997,2.5,0.954339818825516,0,0
2683,i-80,9.1681339188,3.404726246318132,-0.0878,2.542030596003992,62.93719999999999,34.47,4.876799999999999,3.55,0.0,0.5700000000000003,8.500000000000085,0.6489083278547009,0,0
2683,i-80,10.2614972636,3.909675031378901,-0.0672,3.6523411781530832,69.76700000000001,34.63,5.6914,3.21,0.0,0.8780000000000001,21.299999999999955,0.5457284175432741,0,0
2686,i-80,10.073042768400002,5.53240961995309,1.413,3.033924009918373,48.7118,22.78,3.9882,1.5,0.34,17.412,677.9000000000001,6.472900273810333,0,0
2686,i-80,11.6769514316,4.312699868602776,1.0328,2.9386634751887057,54.012,39.15,3.4054,1.5,0.48,14.132000000000003,677.9000000000001,4.675397542237364,0,0
2686,i-80,10.7248607764,2.823156527330082,0.0121999999999999,2.900531471355988,47.5418,22.65,3.247,1.98,0.64,0.2679999999999992,5.19999999999996,0.9758176529642896,0,0
2688,i-80,8.4635431976,7.481269837087332,0.0398,4.078856627506672,47.841,21.5,9.578399999999998,1.79,0.22,16.916,359.3,16.721687240764886,0,0
2688,i-80,8.9239067112,5.436346911551708,0.5684,3.574477190257824,48.5726,20.38,5.152,1.84,0.22,0.65,13.599999999999994,9.445152940799955,0,0
2690,i-80,3.3698172832000006,1.9426090354358396,0.4154,3.806729385213099,53.463,26.66,13.4644,5.52,0.0,0.7259999999999991,11.400000000000006,0.2165807809891675,0,0
2690,i-80,3.9229080448,2.3372455896973934,0.3735999999999999,3.905433556636974,47.0304,26.66,11.343799999999998,3.41,0.0,0.7379999999999995,16.199999999999974,0.3580963933618658,0,0
2690,i-80,7.6025434272,3.446254380030017,-0.1237999999999999,3.749554471493097,46.83420000000001,27.67,5.1278,2.02,0.16,1.0060000000000002,16.199999999999974,0.8697934835819555,0,0
2694,i-80,12.155860394799998,5.728691314109281,0.9378000000000002,3.5073173014515278,45.90540000000001,36.17,2.9930000000000008,1.3,0.5,7.57,171.60000000000002,6.321797075812786,0,1
2695,i-80,9.9983155156,4.449813228878088,0.1696,5.170530292939409,108.1724,91.96,8.4892,3.9,0.0,11.782000000000004,395.9000000000002,7.101155758302551,1,0
2697,i-80,9.992588244400002,9.301330343182922,0.5219999999999999,3.8510157684667554,45.19660000000001,23.26,4.942200000000001,2.17,0.34,21.45800000000001,603.8000000000001,16.288597170664,0,0
2697,i-80,11.205542466400004,10.290149803427228,-0.0036,3.317892593997901,50.6434,23.19,6.000799999999999,2.17,0.42,21.216000000000005,603.8000000000001,17.82631663447761,0,0
2697,i-80,6.1487710876,6.649043934626678,-0.5347999999999999,3.3482138034285365,36.9562,9.17,7.0954,1.83,0.22,9.104,316.4,16.482258421189044,0,0
2697,i-80,10.176542740800002,6.8492337394778575,1.0484,3.767831813049592,49.84959999999999,26.65,4.7398,1.55,0.38,25.348000000000003,436.2000000000001,14.868204702364997,0,0
2698,i-80,10.4551335756,10.533404826946366,0.4664000000000001,4.072368192327107,46.001000000000005,23.76,5.7184,1.22,0.3,17.375999999999998,766.8000000000001,6.170628857047601,0,1
2698,i-80,7.2329980712,7.015748174659366,0.3668,2.809940401721092,38.5894,23.76,5.643999999999998,1.3,0.22,6.74,238.9,4.9870506988661365,0,1
2698,i-80,9.3012247924,6.967443028508712,1.0126,3.6857158416386526,42.6646,12.5,4.312200000000001,1.31,0.38,4.866,238.9,4.24918969471035,0,1
2699,i-80,10.6720880632,9.160035546816813,-0.1885999999999999,3.556924841282229,47.9164,21.96,17.4976,1.58,0.34,13.178000000000004,358.1,0.7586219786762135,0,0
2699,i-80,10.8365425648,6.860270445729088,0.7518,4.599750521185128,43.369400000000006,21.63,3.3294000000000006,1.83,0.5,0.2959999999999994,9.099999999999966,0.9384288147793438,0,0
2699,i-80,7.9115433448,3.4971990786658567,-0.2186,3.492478805101276,35.8978,23.62,3.4536,2.43,0.42,0.4039999999999999,7.1000000000000085,1.2414344592988769,0,0
2700,i-80,10.408088133600002,8.65406025137196,1.0356,3.102488902116348,42.201800000000006,13.75,8.137599999999999,1.69,0.44,10.318,498.1,5.939732530946463,0,0
2700,i-80,10.2759518052,8.875119314031922,-0.0234,4.024830385575653,43.5668,18.26,9.747799999999998,1.69,0.42,10.48,498.1,6.1577333658165,0,0
2700,i-80,10.7192698688,7.799303051603964,0.1625999999999999,5.023693579794997,45.04499999999999,23.91,5.156999999999999,1.56,0.46,26.730000000000004,355.6,6.4573412302334985,0,0
2702,i-80,9.5389065472,3.431096228820326,0.9741999999999998,3.8701247620030794,41.8884,28.14,3.292,1.36,0.48,1.3260000000000003,40.50000000000004,0.7227348707993739,0,1
2702,i-80,9.0655884916,4.316813811946538,0.5940000000000001,3.173537265498895,44.4326,27.94,4.7594,1.72,0.4,0.6860000000000014,12.100000000000009,0.7423934104761216,0,0
2703,i-80,8.286815972,7.877830016539132,-0.3208,3.732839287038372,51.6936,20.01,7.594600000000001,1.11,0.3,11.788000000000002,291.8,6.104892745351462,0,1
2703,i-80,9.2554066228,7.541740681423054,0.4097999999999999,4.408432777191959,37.3868,20.01,6.519399999999999,1.63,0.52,11.854,291.8,5.623231159199834,0,0
2703,i-80,9.1205430224,6.399050566769968,0.6437999999999999,4.053107092347896,38.4988,18.96,3.6424,1.66,0.48,0.4899999999999991,15.0,4.443243166325925,0,0
2703,i-80,7.4068616612,2.326259155396249,0.0291999999999999,2.78186315483794,35.1934,18.96,3.4424,1.7,0.3,0.5259999999999991,7.59999999999998,0.9749672415218974,0,0
2708,i-80,24.13274757529412,3.459107458447352,-1.2758823529411762,5.167172087290992,99.58323529411764,57.58,2.768529411764706,1.84,0.7352941176470589,0.6852941176470604,15.0,0.934899512744809,0,0
2711,i-80,7.299952598800002,5.719383549917183,0.6818,4.152856744803166,42.7396,21.8,6.6688,1.87,0.3,6.436,202.30000000000004,28.7714107105988,0,0
2711,i-80,8.859134001200001,7.913445838349239,1.0541999999999998,5.125522010249397,44.4106,22.35,6.066200000000001,1.52,0.32,15.675999999999997,641.3,29.641749621003918,0,0
2711,i-80,10.799042574800003,7.803989091904729,0.8558000000000001,5.247234486384428,47.4234,23.65,4.025,1.52,0.36,19.824,641.3,24.95719853623685,0,0
2711,i-80,7.965134239599999,4.327103352090693,-0.0985999999999999,3.702772822011711,45.802600000000005,23.77,4.5034,1.8,0.12,5.616000000000001,218.2,12.800367065543591,0,0
2717,i-80,9.7134519552,5.98270583255108,0.0862,2.6703342984177327,47.3802,20.96,3.884,1.62,0.4,0.3219999999999999,9.099999999999966,1.3919299132015617,1,0
2718,i-80,5.7133621128000005,7.337393174687284,-0.1807999999999999,3.1456642269275066,51.53679999999999,23.67,12.0548,1.07,0.06,40.368,436.7000000000001,4.269843858015974,0,1
2718,i-80,8.047088763200001,7.866233545223027,-0.0622,3.475407648971645,43.7302,22.58,13.1584,1.07,0.22,55.21799999999999,436.7000000000001,5.397437594047073,0,1
2718,i-80,8.7994067444,5.63883114068428,0.2664000000000001,4.075802042017532,44.0078,25.68,4.0628,1.45,0.3,13.845999999999997,400.3,3.4513654204251,0,1
2718,i-80,9.7250428612,3.5054950299104006,0.4563999999999999,3.6373065612356847,41.677,25.68,3.241999999999999,1.33,0.54,0.1759999999999976,4.400000000000013,1.470960320640213,0,1
2720,i-80,4.142589804400001,2.3941385980823617,-0.2046000000000001,4.050857913668992,37.5442,19.12,9.252,2.62,0.02,0.1960000000000022,8.800000000000026,0.6822137303496244,0,0
2720,i-80,9.130906656,6.585833505313171,0.3488,5.224834589706732,52.90860000000001,22.21,5.1164,2.41,0.16,0.3780000000000001,10.0,1.5356324863264723,0,0
2725,i-80,7.986543324799999,8.197090786694272,0.3843999999999999,3.1671890324618985,43.895,18.84,6.9068000000000005,2.05,0.24,18.704,576.9,9.822195925991878,0,0
2725,i-80,9.7959519332,7.354080922494352,0.9146,4.403551539753488,45.38199999999999,18.35,8.0948,1.8,0.36,36.644000000000005,704.6000000000001,9.914200604327972,0,0
2725,i-80,9.9721337044,6.852056235769372,0.4254,3.1715271606297564,61.5084,50.25,5.2002,1.61,0.1,0.2179999999999992,3.5999999999999943,3.837509651653089,0,0
2726,i-80,9.0546794036,7.531028942535944,-0.063,3.731026695707448,63.54,22.2,7.075,1.98,0.16,9.32,394.00000000000006,5.689426645048493,0,0
2726,i-80,9.544497454800002,6.821112162328111,-0.3456,4.269787147588775,74.3976,21.3,6.899,2.74,0.04,50.506,841.4999999999999,6.16956454468388,0,0
2726,i-80,10.0354064148,7.555213776299166,0.0098,4.297921419780991,76.33840000000001,21.3,6.4278,2.74,0.02,84.38400000000001,1104.9,6.028363556639597,0,0
2726,i-80,8.6552704192,3.2412786917500784,0.4962000000000001,3.593250980970422,51.8956,20.98,4.581999999999999,1.83,0.16,0.002000000000001,0.1000000000000511,1.0817688668216003,0,0
2731,i-80,9.11590666,4.32509184156592,-0.235,3.513720773406644,69.2424,21.68,9.7332,3.32,0.0,0.3799999999999983,9.699999999999989,1.01127695413234,0,0
2733,i-80,22.98870354709678,3.657529347046109,0.5758064516129031,5.262623410552033,80.23741935483874,56.02,2.400322580645161,1.7,0.967741935483871,0.422580645161291,5.599999999999952,0.6998061021777113,0,0
2738,i-80,9.3549520508,3.553667487368561,-0.4558,3.5435558585196563,34.39619999999999,17.1,3.2392000000000003,1.65,0.66,0.4739999999999981,8.399999999999963,0.6527485001819581,0,0
2739,i-80,23.08393812580645,7.344097661009977,0.504516129032258,4.991523373820646,80.01032258064515,58.83,2.446451612903226,1.3,0.9032258064516128,0.2709677419354804,8.399999999999892,0.6787449787928889,0,1
2742,i-80,7.878816080800001,6.014659523170122,0.7518,4.394225659073181,45.161,25.76,5.1822,1.19,0.28,9.098,439.8,4.245351998578768,0,1
2742,i-80,12.328496712400003,7.73171055565347,0.8722,4.693866727671638,43.218,18.17,3.0676,1.19,0.68,9.562,439.8,3.293949835745554,0,1
2744,i-80,3.9698171232,2.440378055303123,-0.2537999999999999,3.491008210607734,31.3692,13.63,7.2872,3.38,0.0,1.971999999999997,28.799999999999955,0.4634348264506526,0,0
2744,i-80,4.9723623104,3.3524295560674733,-0.1097999999999999,3.830101234874576,32.825,13.63,15.4364,2.97,0.02,0.4499999999999972,12.69999999999996,0.7022947694987527,0,0
2744,i-80,7.0201344916,2.9187385124384835,0.0953999999999999,3.912039089366912,42.986,20.87,14.5346,2.97,0.02,0.3559999999999974,12.69999999999996,1.1139626134128704,0,0
2744,i-80,8.473906831199999,2.929628863151152,1.043,4.1134509321770905,46.3864,24.64,4.0048,2.6,0.18,0.1799999999999997,4.90000000000002,1.6599743077677376,0,0
2751,i-80,8.410906848000002,3.6734243132063766,0.1103999999999999,3.781802809480674,40.5908,20.09,3.8050000000000006,1.89,0.38,0.4560000000000002,10.0,0.9359579564951253,0,0
2751,i-80,10.0108609668,3.860045302589389,-0.2718,3.109162030292446,43.883,18.96,10.388600000000002,2.11,0.56,0.9699999999999988,10.0,1.1523316812764757,0,0
2755,i-80,11.8523150212,10.101847127444714,-0.3328,4.105639744824881,88.77120000000001,54.54,8.4814,1.68,0.08,8.202000000000002,402.9000000000001,7.19169583713588,0,0
2755,i-80,13.3959509732,9.140034221881974,-0.8718,2.6662292336801445,105.5836,68.72,6.831399999999999,1.68,0.08,8.070000000000002,402.9000000000001,7.191753111469173,0,0
2755,i-80,7.993088777600001,3.1360368292876046,0.5008,2.122072379461518,117.8072,84.29,11.8274,6.23,0.0,0.0120000000000004,0.3000000000000113,1.13506416253057,0,0
2758,i-80,8.312043238,5.747101073483098,0.1069999999999999,4.170530358286312,121.6548,26.95,9.4698,2.86,0.02,121.03,4313.3,26.294843648323827,1,0
2758,i-80,13.4834964044,6.2609219907548574,1.0668,4.29020499962129,126.5342,19.89,6.271600000000001,2.68,0.1,86.416,4313.3,23.99082228166872,1,0
2767,i-80,10.784315306000002,3.0157655278953777,-0.7031999999999999,4.667249087076489,59.49700000000001,29.19,3.8958,2.73,0.06,0.2280000000000001,6.2000000000000455,1.4233431923697482,0,0
2769,i-80,3.9117262296,1.93660957005868,0.2568,4.672940532950296,38.333200000000005,25.15,9.814199999999998,3.66,0.0,0.3279999999999979,5.899999999999963,0.4205845208560028,0,0
2769,i-80,4.7479078248,3.1771090684157874,0.4444000000000001,3.3952723193359584,37.11000000000001,21.05,8.486,2.49,0.16,0.0260000000000005,0.8999999999999986,0.370568511939178,0,0
2769,i-80,6.894816343199999,3.263381997785982,-0.3733999999999999,3.9590715310227855,41.2726,21.05,5.8012,1.94,0.26,0.0279999999999994,0.8999999999999986,0.7938276173845613,0,0
2770,i-80,2.8182265212,1.4482164737037426,-0.4015999999999999,3.1776254515288738,53.63759999999999,44.31,17.0838,5.13,0.0,0.5900000000000034,5.799999999999983,0.4422384157064272,0,0
2770,i-80,4.536544244800001,2.430551049874327,-0.0041999999999999,3.5297927845754367,55.8436,44.31,12.808799999999998,3.9,0.0,0.3820000000000035,6.599999999999966,0.7293557123256397,0,0
2770,i-80,7.2189526204,2.6965314927456507,0.7336000000000001,3.808070248880417,60.509600000000006,46.08,6.277800000000001,2.52,0.04,0.6760000000000034,12.000000000000028,1.0610407830358393,0,0
2772,i-80,13.879809132941178,5.447934245246985,0.5664705882352942,4.32882227832127,61.1185294117647,9.52,3.106470588235294,2.18,0.5294117647058824,0.6382352941176476,15.999999999999943,7.277982541802906,0,0
2773,i-80,7.739316118,2.611576828159356,0.246,2.4484939144256805,33.634800000000006,22.03,3.2714,1.17,0.5,0.2679999999999999,3.999999999999986,0.5305544381462984,0,1
2773,i-80,8.001816048,3.562256134485196,0.1321999999999999,3.147416361891455,35.941,22.03,3.758,1.17,0.48,0.2960000000000001,3.999999999999986,0.7782520718552177,0,1
2774,i-80,23.78499365733333,4.484601177750856,-1.0049999999999997,4.821855237461457,70.14633333333333,53.5,2.026,1.57,1.0,1.5466666666666622,16.499999999999915,0.383996473882278,0,0
2776,i-80,9.2054975452,3.225330812383891,0.3278,3.767628112199602,37.2354,26.53,3.0394,1.7,0.66,0.1,3.499999999999943,1.1430257805937891,0,0
2782,i-80,3.7558626348,2.123573985134415,0.3366000000000001,3.892535299933,28.8294,18.51,10.1864,2.63,0.12,0.3939999999999991,11.700000000000015,0.5985018128627515,0,0
2782,i-80,6.649634590400001,3.6409995907575534,-0.7262,4.516077352422257,31.521200000000004,23.61,6.1084000000000005,1.36,0.4,0.2519999999999996,7.5,0.6762540930503467,0,1
2782,i-80,9.6017701668,4.671422616025441,-0.2226,3.668744327256331,34.9744,27.68,2.9599999999999995,1.36,0.48,0.586,7.5,5.306073735804651,0,1
2783,i-80,13.021087436799998,8.084956818082087,0.0617999999999999,4.3972559578882455,50.1448,25.64,3.5349999999999997,1.45,0.44,2.9279999999999986,141.59999999999997,12.155156593086284,0,1
2783,i-80,11.6019514516,6.466676197406955,-0.955,4.503744587132184,48.30799999999999,28.51,3.322,1.45,0.24,2.861999999999999,141.59999999999997,10.872975512635325,0,1
2783,i-80,7.021361764,3.042800832658319,-0.2131999999999999,3.165081447834885,40.9556,28.51,4.5692,2.03,0.1,0.0900000000000005,2.30000000000004,0.8847548695450473,0,0
2786,i-80,7.9504069708,3.134150016089902,0.3714,5.526488352489678,55.2678,37.94,5.6882,2.54,0.08,0.861999999999999,15.19999999999996,0.8497093440628712,0,0
2786,i-80,7.9722251468,3.437124023949943,0.7508000000000001,5.561038605094101,47.51639999999998,30.84,4.841799999999999,2.54,0.08,0.8700000000000003,15.19999999999996,0.9957886744092004,0,0
2788,i-80,4.498907891200001,2.7686870199025027,0.1558,3.419954701931782,35.4522,19.62,13.879800000000005,2.45,0.08,0.2440000000000005,6.600000000000001,0.7282408773957997,0,0
2788,i-80,6.162952902000001,3.8651223667004846,-0.3996000000000002,4.127258298340981,36.978,23.66,12.701200000000002,2.0,0.22,1.0520000000000005,19.69999999999999,1.0757756592243533,0,0
2788,i-80,8.9022248988,3.4530146046472394,-1.1472000000000002,3.464966377903255,39.661,25.65,3.5724,1.85,0.5,1.0879999999999996,19.69999999999999,1.1357605922275795,0,0
2791,i-80,10.9114061812,5.392427090808371,-0.9028000000000002,3.438718342163937,47.1438,25.53,3.305,1.72,0.46,0.6259999999999983,10.09999999999998,6.646984739146689,0,0
2793,i-80,8.1474523728,11.104701124181489,0.6858,3.3293377965092854,67.71999999999998,31.32,11.719599999999998,1.44,0.16,168.928,4101.5,2.837522370243565,0,1
2793,i-80,7.2076344416000016,3.0434763023599336,-0.1282,3.5348444471159013,37.7656,26.55,4.0956,2.09,0.2,0.3899999999999991,6.099999999999994,0.9837212115436046,0,0
2794,i-80,10.1544518376,8.022820629593932,0.2905999999999999,4.33048444761327,29.579,17.8,7.8634,0.68,0.62,1.1440000000000006,40.99999999999998,5.545630478354014,0,1
2794,i-80,10.895042549200005,8.573643502411741,0.3662,5.544758101861907,33.747600000000006,15.63,2.8684000000000003,1.42,0.62,13.216,437.3,5.499072136947008,0,1
2794,i-80,10.1725881964,7.832060698427355,-0.0405999999999999,3.087373502324774,32.4802,17.37,2.252,1.44,0.92,37.76800000000001,1130.9,3.434548248819543,0,1
2796,i-80,26.41609144055556,5.3345254459978,-1.3997222222222223,6.198500503514015,45.52111111111111,17.55,1.1408333333333331,0.55,1.0,1.1166666666666656,14.699999999999989,0.915557512519098,0,1
2797,i-80,25.183749968823527,3.0351097606430875,0.3397058823529413,5.8624224413266575,60.90911764705882,9.47,1.6752941176470586,0.22,0.9705882352941176,1.6735294117647042,27.89999999999999,0.8633191142608441,0,1
2799,i-80,9.698724686400002,3.851462777219907,-0.3542,3.258215418643419,55.912,35.64,4.461600000000001,2.25,0.16,1.2539999999999991,15.0,1.1377276832460788,0,0
2807,i-80,4.2526352296,2.752406075540229,0.5896,3.2698180439921005,34.7354,19.9,9.6286,2.9,0.06,0.497999999999999,8.599999999999994,0.6919886235351274,0,0
2807,i-80,8.931815799999999,4.98455468079914,0.3072,4.398814330044414,54.08599999999999,31.94,4.5786,2.75,0.1,0.5419999999999987,8.599999999999994,1.3327505478735109,0,0
2808,i-80,12.360269431199995,8.703779589147063,0.0946000000000001,4.8653402297291,40.6882,25.31,3.1148,1.18,0.5,14.784,264.7,0.6040845541573037,0,1
2809,i-80,7.586588886,5.7040933847606485,-0.4037999999999999,2.5550780889859954,44.0812,20.72,6.645999999999999,2.23,0.22,4.441999999999998,130.69999999999996,30.17439875656183,0,0
2809,i-80,11.7413150508,8.383572961469724,-0.4543999999999999,4.023227032507865,53.4444,12.43,4.3252,1.24,0.42,0.7080000000000005,18.79999999999999,29.437837280012435,0,1
2811,i-80,10.2925881644,2.9969927894670123,-0.5114000000000001,3.989053393925912,45.30820000000001,17.3,3.281,1.0,0.5,0.5419999999999995,19.79999999999997,0.6073075544683154,0,1
2816,i-80,3.6010899488000003,3.7607722789376576,-1.1761999999999997,3.0462033177483776,36.318,24.97,17.6858,2.1,0.14,1.1419999999999997,26.099999999999994,0.7628125532714917,0,0
2816,i-80,6.5309982584,5.094996704362941,-1.1274000000000002,3.829179487960888,38.1534,24.97,12.3522,1.94,0.32,1.143999999999999,26.099999999999994,0.7877937169133573,0,0
2816,i-80,8.5175431832,3.703737244614319,0.0346,4.572506216730691,42.071,30.8,3.987,1.94,0.3,0.2759999999999991,6.000000000000014,1.3444247034569492,0,0
2817,i-80,9.566588358,8.592389824925474,-0.4101999999999999,4.057026401749168,53.982200000000006,19.99,5.667999999999999,2.46,0.14,57.146,1211.9,1.0248813492302415,0,0
2817,i-80,12.128314947600002,9.903025220924617,-0.2516,3.707500043348424,62.4862,25.25,4.106600000000001,2.49,0.28,103.674,1211.9,0.8628257562881889,0,0
2817,i-80,10.2314972716,5.764943950460069,1.0590000000000002,3.900740510545689,40.0196,23.89,3.1236,1.71,0.64,6.045999999999997,269.4,0.7992509659241028,0,0
2819,i-80,9.17727028,4.682361149266192,0.0295999999999998,4.5993069398041495,44.6566,27.01,4.502599999999999,1.49,0.36,17.032000000000004,267.6,29.454392834145523,0,1
2822,i-80,12.198405838,8.608234519952699,0.6007999999999999,3.569319857465559,35.9818,19.84,2.5162,1.18,0.58,36.098,312.80000000000007,4.539538208106321,0,1
2823,i-80,8.619406792400001,8.74068454494169,-0.4748,4.4267481223552245,40.8014,22.07,6.641,1.44,0.28,0.0079999999999984,0.3999999999999204,16.874225670833138,0,1
2823,i-80,8.4332704784,5.5444286056939385,0.7108,5.150905939735262,38.857,22.5,5.4582,1.24,0.44,9.838,347.4,16.83253873531614,0,1
2823,i-80,12.392451240799998,9.518240396628077,0.5534,3.4576868580256463,35.714000000000006,24.01,2.8802,0.83,0.36,3.9199999999999977,84.20000000000002,13.95214572161368,0,1
2824,i-80,8.1732250932,3.960831179441727,0.5171999999999999,4.541482739082881,36.475,14.78,3.554,1.2,0.38,0.8440000000000005,19.40000000000005,1.166801008863857,0,1
2824,i-80,8.1710432756,3.636035536141921,0.2161999999999999,3.717418947691134,38.592,19.42,4.0176,1.2,0.36,1.0319999999999994,19.40000000000005,1.9735128486213285,0,1
2825,i-80,11.323087889600002,4.886551598288961,0.0927999999999999,4.743974068139883,51.4706,31.05,3.641,1.25,0.42,3.833999999999997,91.5,11.19048788017424,0,1
2829,i-80,7.216088984800001,8.741646719046528,-0.1856000000000001,4.122720599659543,33.9472,3.63,6.6832,1.23,0.38,16.772000000000002,522.0,17.25593528296267,0,1
2829,i-80,8.719634038399999,6.547930826321742,-0.4214,4.7231112238283215,39.8654,3.63,5.0338,1.23,0.46,15.289999999999996,522.0,17.533216220333895,0,1
2829,i-80,11.937133180400002,7.306350465114709,-0.9464,3.343588906476124,50.235400000000006,33.64,3.9042,1.77,0.46,39.09799999999999,371.19999999999993,17.725176079560637,0,0
2829,i-80,10.989542524,8.302964496536687,0.1341999999999999,3.950137734617488,51.3038,24.47,4.32,1.77,0.3,34.815999999999995,371.19999999999993,13.993447229459704,0,0
2830,i-80,7.39090712,5.335854750806298,-1.0361999999999998,4.955779923792139,43.77160000000001,27.32,5.4226,1.55,0.22,0.1799999999999997,8.200000000000003,0.6458422126754099,0,0
2837,i-80,9.245724807199998,6.282843369106706,-1.0514,4.427518312572323,46.72160000000001,2.14,5.186999999999999,0.34,0.4,3.688,125.70000000000005,11.61064390959908,0,1
2837,i-80,15.346359544000002,12.44706915306813,-0.4366,4.851847790233308,62.9494,23.46,3.6602,1.68,0.76,110.626,1334.3000000000002,10.096973138055397,0,0
2837,i-80,9.6460883368,7.132651184808786,-0.9134,5.107251990841962,39.2358,23.46,3.3818,1.58,0.66,52.07,1334.3000000000002,3.799549620195337,0,0
2838,i-80,15.4034958924,11.151683544624833,0.5928000000000001,4.462626224133781,69.65220000000001,14.92,3.5249999999999995,0.73,0.44,40.836000000000006,1044.7,8.752563756980008,0,1
2838,i-80,11.037951601999998,5.176753649470137,0.0064,3.7557448566924014,47.0264,14.92,3.3144,0.73,0.54,7.512,340.1,5.67429255232648,0,1
2841,i-80,14.4087234304,7.911553233699692,0.0142,4.041400590722711,61.1148,23.48,2.9916,1.55,0.58,33.372,663.7,7.4830233033698015,0,0
2842,i-80,12.479723944799998,11.245915113658794,0.6809999999999999,4.793966978166944,50.483,25.0,3.8008,1.81,0.54,48.94799999999999,799.8000000000001,9.369983859655472,0,0
2845,i-80,10.3832699584,5.438586403911254,-0.0668,3.244296999414228,54.6774,27.44,4.3622000000000005,2.23,0.12,0.964,16.499999999999986,7.203186374750257,0,0
2846,i-80,6.3904073868,4.14164319574912,-0.3302,4.415715205435038,64.8154,21.95,9.455600000000002,2.19,0.02,0.8180000000000007,11.799999999999995,0.9785817934800404,0,0
2846,i-80,9.2288157208,4.596867103789365,0.2362,5.064728326416745,55.251,21.95,5.545800000000001,1.94,0.22,0.7240000000000009,12.000000000000028,1.361993023596865,0,0
2848,i-80,13.5530418404,7.723063621228485,-0.3914,4.890287337662068,70.98200000000001,26.69,4.028200000000001,2.23,0.22,23.571999999999992,783.8,3.456344492290627,0,0
2851,i-80,12.823223853200002,8.308660272474553,0.3358,3.71798282482777,140.0118,30.41,6.058,2.04,0.26,227.802,5191.3,11.50159567165729,1,0
2851,i-80,8.73749767,4.317190348558503,0.5126000000000001,3.359979840804442,39.63440000000001,30.41,3.811200000000001,1.89,0.4,0.3479999999999997,15.799999999999985,0.8203800572706207,0,0
2853,i-80,12.3629967032,8.625528317047536,-0.4031999999999998,5.077339187457324,59.784400000000005,30.07,4.266,1.77,0.34,24.288,325.3,12.301075732020267,0,0
2853,i-80,18.015949741200004,13.283403130519234,-0.7567999999999999,4.671894009141588,68.90639999999999,33.78,4.0362,0.62,0.46,47.082,637.6,11.99486452533852,0,1
2853,i-80,15.5296322224,12.71398555225456,0.4719999999999998,4.0283024226295705,55.2734,27.37,3.7294,0.62,0.56,22.868,637.6,10.371584620648152,0,1
2858,i-80,7.7354979372,7.760883134910133,-0.6734,4.041791182035964,40.9372,23.98,13.8392,1.23,0.34,8.857999999999999,260.2,17.982848851920554,0,1
2858,i-80,11.787951402,7.579315646135889,0.4751999999999999,3.62146899949257,47.8678,25.9,4.4824,1.62,0.64,23.68,334.1,17.964982482380687,0,0
2860,i-80,12.1536785772,10.442754603968218,1.6158,5.337663667614458,60.3746,22.41,4.815200000000001,2.45,0.32,72.9,1176.9,12.57233313148278,0,0
2860,i-80,10.7390425908,7.626588304281181,0.5224,4.890182818668439,48.6414,21.87,3.743,1.87,0.42,0.1540000000000006,4.000000000000057,4.737040503805501,0,0
2861,i-80,20.3239036712,9.08330523280823,0.2658,5.275578734090871,70.7052,7.66,2.0194,0.43,0.8,2.243999999999995,30.9,14.555843804717982,0,1
2861,i-80,12.176724025599995,5.131157818736225,0.4514,5.107373225573605,36.29800000000001,7.66,3.926600000000001,0.43,0.78,1.584,30.9,17.534925835530387,0,1
2862,i-80,18.8466767924,6.411886277190781,-0.0694,5.210213443079753,59.08560000000001,25.81,2.2024,1.22,0.96,0.9420000000000044,17.19999999999999,5.558664596678535,0,1
2862,i-80,14.588723382399998,6.909444918041467,0.7347999999999999,5.818234264721873,42.0718,25.8,2.6346,1.22,0.84,0.7120000000000019,17.19999999999999,1.2616687816910896,0,1
2863,i-80,17.583404402000003,4.276077886172084,-0.259,4.2032937764839335,62.68860000000001,1.95,2.4382,0.07,0.84,0.6780000000000015,14.699999999999989,13.109152813362185,0,1
2863,i-80,16.046995720800002,5.212644222216792,-0.6111999999999999,6.014728738348751,56.01780000000001,1.95,2.4832,0.07,0.82,0.2360000000000013,6.000000000000014,16.027695487600994,0,1
2864,i-80,20.6322217708,7.39591410991208,-0.1649999999999999,5.436918113364276,55.3794,24.8,2.1306,0.8,0.82,1.0100000000000002,19.499999999999996,17.333017335685778,0,1
2864,i-80,15.779586701200005,6.135477522454478,-0.8596,4.571945935009846,36.477,24.8,1.9886,0.93,0.84,0.6,12.199999999999989,14.877448471222394,0,1
2865,i-80,21.4334942844,6.990942945224441,-0.4457999999999999,4.46664467503978,49.942,17.58,2.0666,0.74,0.82,0.4880000000000024,8.000000000000114,1.6150597759835392,0,1
2865,i-80,16.2635411176,8.28453761462778,-0.02,5.351113559487465,59.4264,17.58,3.5558,0.74,0.56,0.1820000000000021,8.000000000000114,1.6469552970898285,0,1
2868,i-80,15.2656322928,6.201722912395825,-0.2619999999999999,4.865898830490768,44.92979999999999,23.48,2.255,1.2,0.86,0.0299999999999997,1.0999999999999943,12.461796362073803,0,1
2868,i-80,15.8792684928,8.928641522394125,0.9791999999999998,4.701999505204012,66.4524,23.48,3.6696,1.2,0.42,0.0,0.0,11.959368621379678,0,1
2869,i-80,20.249585509200003,8.204166196471894,0.2515999999999999,4.260334067575797,69.8532,30.6,2.6578,1.67,0.78,0.7100000000000015,13.79999999999999,24.326637491290345,0,0
2870,i-80,19.4814493504,11.55703301536813,-0.7534000000000001,4.72605958748827,107.712,4.7,4.0346,0.79,0.18,1.6480000000000012,31.300000000000097,6.924189302314439,0,1
2871,i-80,17.8753588696,17.41952620069037,-0.7019999999999998,3.858031114653257,41.6942,0.58,9.9474,0.06,0.6,2.299999999999996,43.79999999999996,1.6210567101588458,0,1
2872,i-80,24.067493582,16.231108404513723,0.4583999999999998,3.1741174958641687,68.0342,2.67,3.4234,0.05,0.4,2.9719999999999995,71.00000000000001,10.696099855306787,0,1
2912,i-80,10.763860766,5.978668259583262,-0.071,5.572163413077618,47.576600000000006,18.99,3.6938,1.62,0.48,13.062,505.0,6.303182843676385,0,0
2912,i-80,10.2923154372,5.089241799963906,-0.6022,3.647999893707481,55.0982,23.43,4.3986,1.45,0.22,17.144000000000002,505.0,7.059632476096119,0,1
2913,i-80,13.706314526800002,6.315005681958128,-0.2925999999999999,6.2438609228977695,52.6264,23.68,6.213600000000001,1.44,0.68,4.968,229.1,5.248600353758074,0,1
2914,i-80,13.578973651666669,5.354457094145455,-0.5362499999999999,6.594389176945904,65.25895833333334,27.97,3.518125,2.08,0.4375,1.3041666666666647,15.900000000000034,1.4208542516814588,0,0
2915,i-80,12.9455420024,5.130219131237,0.6215999999999999,5.617311202244108,76.3788,37.2,5.229,2.19,0.24,0.5460000000000008,13.900000000000006,1.262721431137154,0,0
2915,i-80,13.232178289599998,5.724359322191678,0.1977999999999999,5.237059188015303,73.03079999999999,38.13,4.836799999999999,2.19,0.24,11.934,564.0,1.1012870348193635,0,0
2916,i-80,11.044087964,5.462716215367236,1.1558,5.451364588573306,47.9974,17.69,6.972400000000001,1.24,0.52,16.417999999999996,308.2,28.67272248659812,0,1
2917,i-80,8.581088620800001,4.913335629023197,-0.9896,5.7278093401172745,51.2838,28.12,5.5036000000000005,1.58,0.2,1.1959999999999993,58.79999999999996,0.7345449081171386,0,0
2917,i-80,13.214860112400002,5.508131293207229,-1.3163999999999998,6.324280957757416,72.9638,28.12,4.928,1.87,0.18,1.4380000000000035,24.90000000000009,0.9227234589153204,0,0
2918,i-80,17.092904532800002,11.502938109747664,1.0184,6.316048351264436,100.3044,26.35,5.7252,1.8,0.4,83.95200000000001,2483.8,1.97263059928221,0,0
2922,i-80,7.37727076,4.776294569522664,-0.8009999999999999,4.477041319844148,45.17100000000001,17.1,5.796199999999999,1.11,0.16,0.9300000000000004,16.700000000000017,1.2637185336319543,0,1
2922,i-80,9.6923155972,5.454767188208243,-0.7849999999999996,5.535383123735033,44.1892,17.1,5.0604,1.11,0.5,14.274,222.6,16.14543223385361,0,1
2922,i-80,12.1978603836,4.58706435340483,-0.4929999999999999,5.293155862015762,55.61379999999999,25.19,3.641,1.2,0.48,18.188,222.6,19.277622328450345,0,1
2923,i-80,12.6164966356,4.4731986632553244,-0.6691999999999999,5.156373048995598,39.065,24.86,2.4152,1.22,0.84,6.8260000000000005,206.1,4.59563325014039,0,1
2923,i-80,12.565087558399998,5.208252504583927,0.0145999999999998,5.09967714464277,40.06400000000001,23.07,2.9104,1.16,0.78,7.438000000000001,206.1,7.717481618417516,0,1
2924,i-80,12.024405884400004,5.804168820189258,-0.7451999999999999,4.87476309837782,47.5712,27.59,3.1720000000000006,1.74,0.56,11.084,314.1,4.819762219937275,0,0
2924,i-80,12.8619511156,5.541310119339555,-0.2498000000000001,5.273187275340819,43.8612,25.96,2.777,1.41,0.76,7.685999999999999,314.1,4.329738253860016,0,1
2927,i-80,30.772031963255813,7.705486026432904,1.5706976744186048,5.742319257411772,128.85209302325583,37.53,2.773953488372093,1.36,0.7209302325581395,0.5116279069767482,8.900000000000148,23.850556368208476,0,1
2928,i-80,7.922588796399999,6.114485578610937,-0.2374,7.515546013268165,44.81320000000001,29.53,7.456399999999999,1.93,0.28,6.745999999999999,251.6,14.975738195821798,0,0
2928,i-80,10.2389972696,5.742715856201394,1.0872000000000002,5.595850882755975,45.69259999999999,29.53,6.3914,1.73,0.52,9.185999999999998,251.6,28.650650765127587,0,0
2928,i-80,12.4478148624,4.3691118406216445,0.1587999999999999,5.104891068017664,48.3402,23.94,3.4402,1.73,0.58,9.000000000000002,177.00000000000003,30.061617284531327,0,0
2928,i-80,16.952722752000003,8.683832832101556,0.428,4.6878540410516285,47.39620000000001,23.37,2.8418,0.67,0.74,5.781999999999999,116.30000000000004,26.93611118290001,0,1
2929,i-80,11.441587858000002,5.3414570649001245,-0.407,5.594863624753676,47.2374,22.78,3.085,1.43,0.7,0.7740000000000009,15.09999999999998,3.4807359955935184,0,1
2930,i-80,13.2939510004,7.193835479777572,-1.2996,5.081444017808565,39.852,21.69,2.6308,1.47,0.84,3.166000000000001,60.89999999999996,0.7317758720665607,0,1
2930,i-80,10.2755427144,4.850844391718245,-1.0195999999999998,4.56140551199934,34.2426,20.41,2.6628,1.26,0.74,7.900000000000001,164.8,1.1784185985758149,0,1
2930,i-80,13.346178259200004,6.820777115062962,1.4872000000000003,5.332190283972412,44.62,20.41,2.6784,1.26,0.68,9.328,164.8,1.7508211573138923,0,1
2931,i-80,13.690496349199998,5.791650008731451,-1.219,5.763776840699833,67.15799999999999,41.55,3.742,1.8,0.34,14.049999999999995,327.0,0.8442506214606743,0,0
2931,i-80,17.385949909199997,7.707874735560424,-0.7924000000000001,4.7491410866834105,76.8116,46.95,3.4390000000000005,1.71,0.5,12.909999999999998,327.0,0.8202080972882081,0,0
2932,i-80,11.187951562,5.227666923042525,0.2441999999999999,6.662906177839657,46.6292,25.79,3.3524000000000003,1.21,0.52,3.458,96.5,9.98049812024246,0,1
2932,i-80,12.6207239072,4.911670661664779,-0.6007999999999999,6.607673597216113,43.942,23.84,8.4642,1.21,0.82,3.504,96.5,12.822090353569578,0,1
2933,i-80,14.332539698297872,5.399539697135251,0.2727659574468085,5.140188079001736,48.40574468085105,25.05,2.659787234042553,1.25,0.6595744680851063,0.1872340425531913,6.600000000000001,1.1209269980133034,0,1
2935,i-80,11.6444968948,5.655780435065409,0.5778000000000001,5.6357442657178325,46.67800000000001,22.31,3.7752,1.58,0.62,0.1360000000000006,3.3999999999999986,9.590239744529384,0,0
2938,i-80,13.576769106799995,6.07512726642535,0.1785999999999999,4.728346136195347,57.4814,37.41,3.431,1.72,0.48,0.9340000000000004,13.999999999999986,8.38500765114713,0,0
2939,i-80,11.4717242136,5.317691266747597,-1.0946,5.771005362842698,50.785,23.22,3.755000000000001,1.49,0.5,13.04,210.39999999999992,11.21693724365806,0,1
2940,i-80,12.5942693688,4.127946571094553,-0.7988,6.561161743820329,55.43339999999999,29.65,3.0826,1.77,0.52,9.767999999999995,250.90000000000003,8.15327611389359,0,0
2940,i-80,11.763405954,5.04922496461398,1.1612,4.388826090081445,49.83159999999999,29.94,2.9824,2.0,0.56,18.98,492.5,11.803734217230598,0,0
2941,i-80,5.630453044000001,4.538444568985191,0.1357999999999999,6.370661417620559,35.4092,21.46,9.8382,2.18,0.18,0.9239999999999988,22.40000000000002,0.897515095660668,0,0
2941,i-80,7.9433160636,5.291240740765872,-0.5262,6.383860673764803,42.6698,21.46,6.5526,1.82,0.24,0.4239999999999995,21.19999999999997,7.227125264711877,0,0
2941,i-80,12.9089965576,5.908036523970128,0.3822,6.781817314085705,57.543,25.24,3.8872,1.39,0.42,18.152,312.49999999999994,12.01044358998298,0,1
2942,i-80,14.03522353,5.768624553157658,0.6703999999999999,6.670970911191202,52.7358,33.8,3.4160000000000004,1.73,0.64,9.442000000000002,292.80000000000007,7.349566456073779,0,0
2942,i-80,15.553359488800002,5.56418757803548,0.2711999999999998,6.684181338299052,63.5732,43.89,3.5992,1.37,0.56,9.768000000000002,292.80000000000007,11.727814355746643,0,1
2943,i-80,12.763769323600002,4.215151729586263,-0.5680000000000001,6.457830241541769,50.4444,21.91,4.6016,1.38,0.56,3.724,167.70000000000005,5.218450976514556,0,1
2943,i-80,15.724359443200004,4.965136097061548,-0.9462,5.919384582601023,40.9768,20.31,1.8642,0.83,0.94,3.888,167.70000000000005,5.8734516417659615,0,1
2945,i-80,19.7588129128,12.00850575284326,1.219,6.415486763150811,47.0058,23.69,2.319,0.81,0.7,4.419999999999997,144.60000000000002,11.71283183312304,0,1
2946,i-80,19.620267495200004,12.112954549518747,1.271,5.3972881512621775,60.347,23.07,2.6764,1.54,0.92,18.266,900.0999999999999,22.524125617276628,0,0
2947,i-80,18.1334951644,7.627610616393286,0.3296,5.717823176485175,43.26839999999999,22.08,3.2694,1.07,0.92,1.5039999999999991,22.89999999999999,9.983174290918551,0,1
2948,i-80,10.090360945600002,4.484986590057134,-0.384,5.421073769681292,51.506400000000006,25.44,5.740199999999999,2.11,0.26,9.882,310.7,12.08883478701546,0,0
2948,i-80,11.568542369600005,4.128848481895343,0.4286000000000001,3.253913192023489,58.3108,25.44,3.620600000000001,1.75,0.2,22.638000000000005,323.30000000000007,11.470533751988622,0,0
2949,i-80,13.204087388000003,6.287504617270339,-0.1855555555555557,6.624039743634734,67.89222222222223,37.38,4.488222222222221,1.44,0.3333333333333333,1.3333333333333317,25.799999999999983,13.915856608541745,0,1
2952,i-80,13.1278601356,3.9547768854271066,1.2601999999999998,5.383240238869872,50.107,34.29,2.8752,1.61,0.58,0.3719999999999999,5.799999999999983,1.2449790623597994,0,0
2953,i-80,12.2228149224,4.8803551250759085,0.0037999999999998,6.273722941844054,62.6992,26.99,3.861,1.83,0.36,5.881999999999998,137.59999999999997,1.144500710317983,0,0
2955,i-80,33.03656143818182,7.128529688529433,-0.2429545454545454,6.149889989390603,75.39886363636363,39.43,1.5720454545454543,1.2,1.0,1.390909090909092,17.900000000000063,25.544948950697925,0,1
2956,i-80,13.717496342,4.850581019066443,-0.5296,4.6431283261462015,64.1834,36.67,3.6412,1.62,0.42,25.588,541.0,9.12657649563144,0,0
2956,i-80,14.963041464400003,6.100777554681925,-0.7906,4.368823878532145,71.1912,32.88,4.4976,1.62,0.58,46.728,541.0,10.830763765707912,0,0
2957,i-80,7.289998056000001,5.741650012420529,0.1606000000000001,4.297880545533283,52.94559999999999,20.33,13.6372,1.57,0.12,9.378000000000004,451.80000000000007,0.7995571161842138,0,0
2958,i-80,13.197405571600004,4.834209215846814,-0.5699999999999998,5.529710476976501,62.84479999999999,26.75,3.6532,1.79,0.5,10.168,488.6,4.181066576355652,0,0
2962,i-80,13.762905420800005,6.384286174153245,-0.2302,5.214155571761416,84.742,37.38,4.7376,2.2,0.12,11.414,452.30000000000007,7.042138060102984,0,0
2962,i-80,14.374087076,5.685305742877234,1.4529999999999998,5.751393886063887,80.1026,48.22,4.2534,2.2,0.14,9.946,452.30000000000007,1.2600684535988913,0,0
2963,i-80,28.26520225282051,7.817992640657074,1.3989743589743588,5.818707486642949,89.2476923076923,36.46,2.1717948717948725,1.12,0.9487179487179488,0.4153846153846147,15.899999999999965,27.419485461861832,0,1
2968,i-80,12.613223909199998,5.755461720963288,0.2061999999999999,5.147801547797876,76.72580000000002,29.01,4.5424,2.82,0.02,1.3899999999999977,21.40000000000001,0.6066187347813741,0,0
2969,i-80,6.514907353600002,4.352493654364271,-2.1514,7.105657421221142,31.786000000000005,19.86,5.37,1.49,0.32,1.3220000000000005,22.19999999999999,1.0655467622066046,0,1
2969,i-80,7.332679862799999,4.359473432021819,-1.2382,6.771478206569139,31.8418,19.86,5.1058,1.3,0.42,3.9120000000000017,84.79999999999997,5.471302007077754,0,1
2969,i-80,9.9760882488,5.457801032273039,-0.0418,5.53649365573555,34.337999999999994,25.87,3.3858000000000006,0.91,0.58,7.124000000000002,131.7,7.6127359650704784,0,1
2969,i-80,13.2571328284,6.069482704691636,0.6248,5.649486247185921,43.05879999999999,21.92,2.9784,0.91,0.74,5.67,131.7,7.385784929090171,0,1
2972,i-80,23.3980846696,13.032226593625271,1.8426,5.168583199070543,70.46839999999999,18.61,5.1136,1.22,0.62,19.254,554.8000000000001,18.932006228531165,0,1
2973,i-80,10.5044971988,5.264941479300901,-0.8730000000000001,5.113405450981023,55.8974,21.62,8.4184,1.26,0.3,0.5940000000000012,11.900000000000013,3.760742140664716,0,1
2973,i-80,12.258269458400004,3.694013713650397,-0.6882,5.099849413543142,52.9442,29.97,3.8222,1.48,0.54,8.7,204.4,5.951182895587624,0,1
2974,i-80,12.6419966288,4.321994191178281,-0.655,6.044718473888708,72.756,32.78,3.9866,2.27,0.28,15.056,725.9000000000001,3.3573201223108686,0,0
2974,i-80,13.2970873632,5.084423289614827,-0.9362,4.116630229809278,72.8044,28.15,3.8434,2.58,0.2,28.018,725.9000000000001,5.74985992734446,0,0
2974,i-80,18.8742222396,8.894017262881382,-0.0414,5.199808870113812,77.0078,28.15,3.1194,1.99,0.42,13.220000000000002,646.8000000000001,5.630639978995392,0,0
2975,i-80,14.362099764186048,4.589208786070011,-0.3867441860465117,5.535845838468302,63.193720930232566,16.21,3.146511627906977,0.78,0.3023255813953488,1.2255813953488346,25.700000000000003,1.4375465105865857,0,1
2976,i-80,13.4228146024,3.823220650956169,-0.0985999999999998,6.216909794082194,69.6314,39.57,3.6322,1.56,0.18,0.578000000000003,17.5,0.6940947415188229,0,0
2978,i-80,9.9781337028,6.67756102457205,-0.3895999999999999,5.029527084515755,41.471,11.26,3.9954,1.13,0.5,23.156,430.50000000000006,26.224252008663232,0,1
2978,i-80,14.158905315200002,7.655723614342029,-0.1563999999999999,5.326881677695052,54.0066,27.95,3.6502,1.27,0.74,23.04,430.50000000000006,22.183782041962683,0,1
2980,i-80,13.966533993191494,6.141145500657582,-0.9751063829787232,6.008417599805628,44.24936170212766,20.8,2.6051063829787235,1.62,0.7659574468085106,1.068085106382978,29.399999999999977,0.888240650026178,0,0
2982,i-80,12.0890422308,4.8720506091741065,0.3389999999999999,5.81789472056618,40.66780000000001,24.99,3.4808000000000003,1.4,0.68,3.786,187.8,5.058664537167081,0,1
2982,i-80,14.336177995200003,5.965944434940755,-0.0798,6.385490085549665,55.3614,24.99,3.628600000000001,1.4,0.56,5.76,187.8,5.8124086784487305,0,1
2984,i-80,10.988724342400005,6.448824023501929,-0.0665999999999999,5.031321735703578,51.131400000000006,26.03,4.698,1.0,0.42,6.984,217.9,27.02429376168708,0,1
2984,i-80,15.3152686432,5.750490519077431,-0.3283999999999999,3.177083992260442,66.4092,26.03,3.3702,1.0,0.46,8.361999999999998,217.9,28.49151823867043,0,1
2985,i-80,8.085816025600002,5.608709501872787,1.1728,5.383690426858225,44.0448,22.75,10.724200000000002,1.31,0.32,0.2519999999999996,5.399999999999992,0.7621546460461924,0,1
2986,i-80,14.260068511363636,5.486558224805293,1.4781818181818185,6.051109555271189,50.01704545454545,23.35,2.646136363636364,1.46,0.75,0.0409090909090916,1.800000000000033,1.701326378939214,0,1
2987,i-80,12.910905648000004,5.988979421609143,-0.22,5.329441382973028,41.82577777777777,10.44,5.004222222222223,1.34,0.8,0.3266666666666664,14.699999999999989,4.945417751246444,0,1
2989,i-80,19.4409493612,10.903064737150974,-0.2205999999999999,5.74752738673114,77.41159999999999,17.07,3.6034,1.41,0.5,35.222,1755.9,18.648382037384497,0,1
2990,i-80,27.32854384875,7.535814831046815,0.1095833333333333,6.531905641698809,101.52958333333332,45.54,2.66,1.43,0.625,0.0895833333333318,2.999999999999972,20.37247702897464,0,1
2991,i-80,11.755087774400002,5.721984146707976,1.083,7.261493985259451,57.245,28.78,4.020599999999999,1.15,0.38,0.9560000000000016,15.09999999999998,14.65637821764898,0,1
2991,i-80,15.495814049600002,6.813751899061396,0.8941999999999999,5.392206049626874,65.513,28.78,3.4196,1.34,0.48,8.456000000000001,366.3999999999999,17.113299533761598,0,1
2992,i-80,12.3403603456,6.02752372547378,0.389,5.015926980069362,64.16,28.06,4.5988,2.51,0.32,0.8319999999999965,23.39999999999989,5.250271010497788,0,0
2993,i-80,23.297584696400005,13.031694385939565,0.4559999999999999,6.190436666540493,52.385,28.75,7.031200000000001,0.85,0.86,3.774000000000002,153.70000000000005,7.219425052719692,0,1
2994,i-80,10.604315354,6.006758101845929,-0.2786,4.513437537859947,52.9322,19.17,16.726599999999998,1.56,0.42,8.264,382.3,0.9517272967331234,0,0
2996,i-80,11.5348605604,4.098382915204356,0.1712,4.512325360971359,57.0692,27.01,3.9166,1.9,0.46,4.986,109.39999999999998,16.841481226921065,0,0
2997,i-80,11.509906021600004,5.83390254346,0.4570000000000002,4.662025157742992,55.0752,21.22,5.024,1.93,0.58,0.1819999999999993,9.099999999999966,14.068325190618094,0,0
2998,i-80,9.4060884008,5.323324221869801,1.9154,6.147562719302268,47.8406,26.12,4.699199999999999,2.04,0.26,0.5699999999999988,13.499999999999943,0.9813435856320792,0,0
2999,i-80,14.2299507508,4.616558310841748,0.5357999999999999,5.389739340938975,60.8628,23.64,3.0860000000000003,0.91,0.5,0.2319999999999993,7.59999999999998,14.345291168768052,0,1
3000,i-80,12.230451284,4.654008205616155,-0.4484,4.8740719095630745,41.961400000000005,31.03,2.9224,1.5,0.82,3.3920000000000017,146.3,3.3359507817051477,0,0
3000,i-80,15.929995752000002,4.186969599037252,1.3416,4.870819132385041,45.4162,31.51,2.0082000000000004,1.5,1.0,3.274,146.3,6.53552436682687,0,0
3001,i-80,8.391270489600002,4.6566310422290265,-0.4603999999999999,3.9213986259590423,46.98480000000001,27.04,5.251399999999999,1.76,0.32,0.7620000000000019,11.499999999999986,0.4891278890400085,0,0
3001,i-80,13.2042237516,8.305303928839956,-0.2927999999999999,4.783547074320989,56.91759999999999,27.04,4.5778,0.86,0.46,0.5540000000000035,15.700000000000074,2.3602829267453758,0,1
3002,i-80,6.6614982236000015,4.633669846935844,-0.2183999999999999,2.511263085722857,31.878599999999995,19.27,5.549000000000001,1.03,0.34,0.4499999999999993,9.600000000000009,0.382860996249265,0,1
3002,i-80,8.0394524016,6.642608381336973,0.4166,3.818046626328223,39.5662,24.14,5.7898000000000005,1.67,0.32,0.1579999999999991,3.6999999999999744,1.0353108424082902,0,0
3002,i-80,20.6269035904,10.432723636258112,0.4688,5.000853657739091,71.513,24.79,2.6456,1.67,0.82,1.1519999999999997,19.29999999999993,5.690844157782153,0,0
3002,i-80,23.4400846584,8.30552938990965,1.7058000000000002,5.463082814376393,66.26479999999998,29.25,1.8366,1.05,1.0,1.162000000000002,19.29999999999993,23.27686133993085,0,1
3003,i-80,10.1860881928,5.212524789321088,-0.2311999999999999,4.943569164240817,42.9474,30.54,3.5252,1.3,0.4,0.3820000000000007,6.300000000000026,9.287861556584794,0,1
3003,i-80,14.3425870844,5.167738766734844,-0.7853999999999999,6.076840683601763,66.85979999999999,40.49,3.6652,1.29,0.48,0.4919999999999987,17.69999999999996,18.053064226318806,1,1
3003,i-80,13.3146782676,4.538475651352163,-0.2621999999999999,5.469372717082585,104.0562,40.49,5.859400000000001,1.29,0.14,0.3819999999999993,17.69999999999996,13.09668161890403,1,1
3004,i-80,11.851087748799998,4.683346850289462,-0.0711999999999999,5.239823427465892,58.3746,26.91,3.8074,1.68,0.32,0.4959999999999979,17.80000000000001,21.76906832590589,0,0
3004,i-80,13.4888145848,3.801394075120937,1.0111999999999997,4.688845051648364,50.687,25.11,2.5536000000000003,1.58,0.76,0.2100000000000008,7.899999999999991,17.278723264259348,0,0
3004,i-80,11.887905920800002,5.364960541943852,0.0581999999999999,3.9334202232994655,51.2596,25.11,3.7146,1.58,0.66,6.764000000000002,147.99999999999997,5.811586895581788,0,0
3004,i-80,16.594768302000002,8.198406231493111,-0.0428,3.27526041338856,100.713,49.94,4.8134,1.85,0.18,6.554000000000001,147.99999999999997,4.876639185809365,0,0
3005,i-80,12.2326331016,2.970132192818014,-0.31,3.498628302635191,40.253,27.9,2.4602,1.24,0.86,0.3120000000000004,8.200000000000003,0.890395533296459,0,1
3005,i-80,11.3057697124,4.191011532337157,-0.7442,4.558349186506279,39.9506,27.9,2.9814,1.24,0.64,0.9680000000000006,22.5,15.046985515785044,0,1
3005,i-80,11.9049513708,7.1296189175407205,-0.93,5.568773359968412,48.28,29.84,3.5088,1.92,0.46,21.364,505.9,17.54253425692851,0,0
3005,i-80,13.134405588400002,6.536861950354081,0.4665999999999999,4.991099265447545,48.4408,28.17,2.8846,1.83,0.6,20.818,505.9,12.677453782931623,0,0
3006,i-80,13.617950914000003,4.818419510479222,-0.7498,3.841668690364984,40.8792,15.06,2.1982,1.39,0.92,0.0179999999999992,0.799999999999983,1.1439469891028826,0,1
3006,i-80,13.184314666,5.498726235185519,-0.5142,4.736942564264724,43.1666,23.88,2.7778,1.39,0.72,0.1939999999999997,8.800000000000026,11.913986046248503,0,1
3006,i-80,9.0725430352,5.469367966388265,1.604,4.864582537618837,40.334,23.34,5.8522,1.66,0.44,0.1760000000000005,8.800000000000026,9.401593445142964,0,0
3006,i-80,12.2573149132,8.030558521135674,0.8180000000000001,6.624755059006841,45.33859999999999,23.34,6.1272,1.58,0.54,10.874,348.70000000000005,19.472536604140505,0,0
3007,i-80,20.4159491012,12.243449266498084,-0.5124000000000001,6.854050064430102,126.438,25.99,4.2014,1.12,0.18,3.796000000000009,75.60000000000002,19.93713465687912,1,1
3007,i-80,12.07158769,3.775416458709508,-0.5014,6.496327065884135,58.1024,20.38,6.034,1.9,0.54,14.666000000000004,407.5,15.934827294377328,1,0
3007,i-80,14.132859867600002,5.019350552677401,0.354,5.378867569157157,50.2148,20.38,5.1918,1.38,0.8,15.174000000000005,407.5,23.186426223388825,1,1
3008,i-80,11.9941331652,5.912684768614852,0.4984000000000001,4.983054288367359,65.14659999999999,26.01,6.183199999999999,1.2,0.62,1.046,28.399999999999963,1.9929364166516517,0,1
3008,i-80,14.2517689268,5.8302372007099335,1.3344,5.424286338838897,60.4844,26.01,3.2276000000000007,1.2,0.74,0.0620000000000004,3.1000000000000227,6.139886264851013,0,1
3009,i-80,7.113134466800002,3.0400925753745063,0.0051999999999999,4.151704955896592,48.957800000000006,20.06,5.4028,2.01,0.18,0.6819999999999993,23.299999999999983,4.768662135403665,0,0
3009,i-80,9.3479975072,6.082354552817139,0.4878,4.480506663222774,68.2522,30.05,5.6514,2.38,0.04,0.5539999999999992,23.299999999999983,1.5392250264470158,0,0
3009,i-80,12.979223811600002,5.7927244128555,-0.7322,5.506520176025835,68.87379999999999,37.95,3.9762,1.52,0.42,0.1239999999999994,3.400000000000034,11.160817544409182,0,0
3009,i-80,13.1026328696,5.9916534566978426,-1.3898,5.442090118432701,43.49719999999999,20.15,3.7326000000000006,1.41,0.74,9.139999999999995,303.9,7.911245989457936,0,1
3009,i-80,15.2739504724,6.82478385344556,0.3285999999999999,4.943106934233297,39.7192,20.15,3.2624,1.03,0.82,12.759999999999996,303.9,1.0216840927146331,0,1
3010,i-80,8.1624523688,4.391428253980818,-1.102,5.729948890323044,46.3396,4.5,4.4224,0.41,0.18,43.354000000000006,379.4,18.85767922082434,0,1
3010,i-80,9.4664974756,5.490373453283071,-0.5354,5.918580293776333,55.3868,4.5,4.9908,0.41,0.08,48.562000000000005,387.30000000000007,19.29117947575301,0,1
3010,i-80,9.244770262,5.634328548581821,0.8474,3.888646902804866,61.33079999999999,27.7,5.8328,2.84,0.06,80.714,2011.8,18.94464886937949,0,0
3010,i-80,10.761406221199998,8.115487748640328,0.629,4.294637971485192,77.6892,22.69,5.678399999999999,2.64,0.1,123.278,2011.8,19.05169716732633,0,0
3010,i-80,11.335906068000002,7.340599511100563,0.1398,5.1226107382378965,63.3896,20.3,3.7558,1.75,0.5,64.432,1974.1,13.963318633608324,0,0
3011,i-80,16.6026773908,12.386736088712166,0.9062,5.864403823414758,64.5236,21.6,4.5562000000000005,1.52,0.54,41.494,1368.2999999999995,22.834183013219995,0,0
3011,i-80,12.2995876292,9.361499465628508,0.4572000000000001,4.169881826740368,50.8582,21.6,3.6224,1.37,0.46,4.249999999999999,126.8,28.729440801479488,0,1
3013,i-80,11.493275465106386,7.932548120946329,-0.7961702127659575,5.848783802671951,69.00808510638299,30.17,7.095531914893617,2.52,0.0638297872340425,0.2574468085106385,7.800000000000011,8.946288124277588,0,0
3014,i-80,11.6191332652,3.614993795037664,0.3389999999999999,4.892037366152954,83.8396,19.69,5.1452,1.81,0.18,5.23,132.40000000000003,5.4430795005198656,0,0
3014,i-80,15.3089959176,6.034826486305881,-0.2313999999999999,3.875500762903461,71.7178,19.69,3.378000000000001,1.76,0.6,5.872000000000002,132.40000000000003,5.792971473242028,0,0
3015,i-80,15.1696323184,4.730560552765562,0.2086000000000002,6.592137868208566,61.32939999999999,36.26,2.8708000000000005,1.9,0.62,3.065999999999998,77.99999999999997,12.226284405980351,0,0
3015,i-80,21.379494298800005,6.802774884203797,0.2406000000000003,6.42059200334902,72.886,52.39,2.4266,1.34,0.86,2.795999999999998,77.99999999999997,18.468741940558346,0,1
3018,i-80,12.6732238932,5.87721124113227,0.0276,4.828585612827856,37.5154,5.05,2.4218,0.38,0.78,5.992000000000001,291.3,4.1694869657490266,0,1
3018,i-80,15.511768590800004,7.60783675868913,0.0251999999999999,4.789832871695578,46.7518,18.36,2.4428,1.24,0.72,11.676000000000004,291.3,5.536961385202582,0,1
3018,i-80,24.211220816400004,8.887920382545909,0.6989999999999997,6.058600986891887,73.2376,26.97,2.1822000000000004,1.31,0.88,6.819999999999999,236.5,4.388455118622414,0,1
3019,i-80,8.919815803199999,4.799034590708889,0.9146,5.080274462294817,48.005,21.72,14.8346,1.95,0.38,0.0479999999999989,1.4999999999999858,4.556723828697588,0,0
3019,i-80,12.5459966544,5.096130059996975,0.7604000000000001,5.661001195072497,47.8646,27.96,2.8928,1.04,0.66,2.7120000000000006,95.20000000000005,5.3860750080410975,0,1
3019,i-80,18.9432222212,7.904856126649617,0.0456,5.834008724360837,50.821000000000005,31.44,2.0076,1.04,0.94,2.9820000000000007,95.20000000000005,1.064830636336893,0,1
3020,i-80,7.721179759200001,4.654997831566525,-0.6402000000000001,7.183364139965824,39.6742,21.32,12.406,1.64,0.34,0.5420000000000001,10.200000000000031,0.5623026478286423,0,0
3021,i-80,9.3194975148,5.0636738819896365,-0.8493999999999999,4.444758164721354,43.197,26.89,15.0286,1.82,0.48,0.0959999999999979,3.499999999999943,0.8202215390132261,0,0
3021,i-80,13.6823145332,4.870606952351353,-1.0599999999999998,5.420145716845326,56.913,22.21,2.6297999999999995,0.71,0.8,46.334,2217.0,4.91606622794598,0,1
3022,i-80,11.4426787668,5.333203029054877,-0.8161999999999998,5.871074681722874,45.2086,9.5,3.7192000000000007,1.18,0.56,0.4400000000000005,16.500000000000057,5.512835043416261,0,1
3022,i-80,15.5969958408,5.76074564953681,0.4162,6.269306796950179,49.63380000000001,32.59,2.4392,1.24,0.7,3.256,156.60000000000002,5.497284117913248,0,1
3024,i-80,14.2034962124,5.361215148375273,0.9634,5.792939266636479,54.2108,20.74,2.9188,1.53,0.8,26.476000000000003,354.0,4.593213463583074,0,0
3025,i-80,20.3258127616,10.461418214702352,1.5016,5.967121604668197,96.631,31.48,3.5468,2.18,0.26,1.3580000000000028,43.20000000000008,6.777009934374617,0,0
3026,i-80,15.785450336000004,6.340902761780618,0.1589999999999999,6.316326512478982,66.2752,24.96,3.3046,1.11,0.5,17.344,832.5999999999999,10.56517741093304,0,1
3027,i-80,12.462496676666666,4.681080668805222,0.4633333333333331,7.631637490089649,57.67583333333334,37.33,5.478333333333333,1.82,0.5833333333333334,0.8812499999999993,18.700000000000045,0.9789004388337644,0,0
3031,i-80,12.690411635652174,6.843114767772318,-0.045,6.59922141872307,54.50347826086957,24.57,6.036739130434781,1.41,0.4782608695652174,0.8347826086956529,19.50000000000003,1.178285794912573,0,1
3032,i-80,13.1871783016,4.448423453557524,-0.973,5.877583583030547,58.798,24.06,3.3176,1.59,0.46,11.097999999999995,372.69999999999993,17.771086064682915,0,0
3032,i-80,17.5306316888,7.341509118289296,0.1684,4.81682652748865,79.9492,24.06,3.1878,1.59,0.46,11.252,372.69999999999993,21.25912481909539,0,0
3033,i-80,14.23295075,5.775632839695978,0.0819999999999999,5.690676585433405,58.19700000000001,34.4,5.416000000000001,1.18,0.48,0.8759999999999977,36.99999999999996,2.086311488767501,0,1
3033,i-80,18.052222458800003,6.218987159036878,0.1141999999999999,5.449172597743624,64.53699999999999,34.4,2.6344,1.18,0.64,2.386,66.8,6.294997491173254,0,1
3034,i-80,15.514904953600002,4.900583128981778,0.7527999999999999,5.58140792712552,57.8904,28.47,2.6917999999999997,1.58,0.8,47.652,1181.1999999999998,11.656784872321865,1,0
3034,i-80,20.916130786,4.700736749600499,1.4394,4.316617822852914,104.9874,40.81,3.4688,1.6,0.56,47.432,1181.1999999999998,18.521204012533243,1,0
3035,i-80,13.8751326636,5.226942441288424,-0.8036,6.689854261552812,45.6328,30.55,2.644,1.1,0.78,1.0220000000000014,16.400000000000006,4.64502453164586,0,1
3038,i-80,14.753723338400004,3.203401807817376,1.086,7.2081691184944,66.8736,34.45,3.2156,1.38,0.42,0.4519999999999967,8.699999999999903,0.7257303780555511,0,1
3039,i-80,15.360268631200002,5.514620383311669,0.9894000000000004,5.916026800314618,71.2212,40.39,3.397,1.77,0.4,2.7099999999999995,42.79999999999987,1.297277466898446,0,0
3040,i-80,18.7996313504,5.18525130682173,0.3726000000000002,5.597267121059151,66.444,30.18,2.4194000000000004,1.43,0.84,6.630000000000003,104.20000000000002,5.721670118853375,0,1
3041,i-80,9.8817246376,4.328443026607819,-1.6472,6.3650278675825165,56.2592,27.78,7.7922,2.38,0.16,1.1619999999999997,16.899999999999977,0.7958500012501076,0,0
3044,i-80,13.917269016,2.544733847187272,-0.0818,4.51755925161328,57.62839999999999,32.67,2.8398000000000003,1.74,0.58,0.8260000000000005,14.899999999999949,1.8345204595006643,0,0
3046,i-80,15.157645625365856,5.85774902419155,1.3178048780487803,7.005272126118699,45.28365853658537,26.59,2.217560975609756,1.4,0.8780487804878049,0.497560975609755,17.699999999999996,0.6878785538727377,0,1
3050,i-80,28.980887158125,4.65026512783884,0.8612500000000001,5.18351590108241,75.12843749999999,49.14,1.7625,1.45,1.0,0.2093749999999961,6.599999999999966,0.7516860557515288,0,1
3051,i-80,5.8789075232000005,3.122574092099632,0.0221999999999999,5.5954968373811855,55.225,22.89,8.033999999999999,3.48,0.0,0.3480000000000004,11.400000000000006,0.8988157607856776,0,0
3053,i-80,8.066316030800001,3.960004150012608,-1.1252,7.723015758637506,35.2852,21.32,3.7398,1.0,0.48,2.064,42.40000000000002,1.5875136494994098,0,1
3054,i-80,15.113237076521743,3.800926308640032,-0.1493478260869563,5.812487859838758,43.50173913043479,29.62,2.5641304347826086,1.36,0.9782608695652174,0.991304347826086,16.699999999999946,1.077202749161889,0,1
3055,i-80,11.914360459200005,5.316837316534522,-1.6722,7.096101341222373,53.0008,28.16,7.4204,1.5,0.48,0.5160000000000011,15.0,0.7321847723193415,0,0
3059,i-80,13.8148599524,3.926637664184023,-0.199,5.537987275285533,44.491400000000006,26.02,2.381,1.41,0.84,1.0799999999999976,16.900000000000013,4.077800227763864,0,1
3060,i-80,17.49180294651163,6.146621341065736,-0.6132558139534883,6.417002608743443,95.2993023255814,53.41,3.983953488372093,2.1,0.1860465116279069,2.239534883720929,48.6,1.2374401255132883,0,0
3061,i-80,7.862861539600001,6.619429922395605,-0.3899999999999998,5.48071535625839,48.5636,26.51,12.2886,1.63,0.24,0.5600000000000008,10.700000000000005,1.6089258269835482,0,0
3063,i-80,14.36882733714286,4.999183978604192,-2.4097619047619045,6.4370677645448655,119.15547619047618,55.32,6.177619047619047,2.44,0.0714285714285714,0.32142857142857,13.499999999999943,1.0736774788955816,1,0
3064,i-80,11.85667587346939,5.12100194330669,-1.6704081632653065,7.111102809217802,43.23163265306121,24.28,4.460612244897958,1.59,0.673469387755102,0.1673469387755102,8.200000000000003,0.8456910087691156,0,0
3065,i-80,13.714659099354838,5.29745144994993,-0.427741935483871,5.195121243164859,55.461935483870974,31.21,3.5080645161290325,1.65,0.7741935483870968,0.0161290322580636,0.4999999999999716,10.620980620036118,0,0
3067,i-80,7.0480890296,3.826631319045708,-0.4409999999999999,4.976576255267249,46.78659999999999,28.47,8.2308,1.47,0.16,1.4299999999999984,21.40000000000001,0.8975233699418845,0,1
3067,i-80,13.877996299200005,7.339299095931243,1.0341999999999998,5.204809036078156,51.22839999999999,28.49,3.573000000000001,0.96,0.6,1.2160000000000024,21.40000000000001,1.2992631853854546,0,1
3072,i-80,18.74277575058824,6.494626591136856,-0.4055882352941176,6.544841221388852,92.98676470588236,59.09,3.71,2.29,0.2352941176470588,2.3941176470588195,32.19999999999999,0.9780561230611448,0,0
3073,i-80,12.422587596400003,4.14540480479822,0.5444,5.655569463739586,52.6566,36.44,5.145,1.66,0.6,0.6980000000000018,22.70000000000003,1.0708971703145709,0,0
3076,i-80,9.1626793748,4.584067187461392,1.3548,5.322448124765175,53.7306,31.23,5.863800000000001,1.85,0.24,0.6400000000000006,12.30000000000004,5.569025386795746,0,0
3078,i-80,16.517333257714284,6.05700606425159,0.0117142857142857,6.597205953019401,59.618285714285726,36.77,2.658285714285715,1.87,0.6285714285714286,0.1628571428571429,5.499999999999972,1.0676775722657696,0,0
3080,i-80,11.7639514084,6.378190488031916,2.0058,6.7461085048480856,36.408,21.81,3.1937999999999995,0.92,0.76,0.4060000000000002,9.699999999999989,1.0158705383129512,0,1
3084,i-80,15.191586858,4.311349693039858,0.5978,5.863030939362196,172.1086,145.04,8.186399999999999,4.73,0.0,0.7259999999999991,9.900000000000093,1.036253558325788,1,0
3085,i-80,13.379314614,3.4060235706915614,0.1005999999999998,5.353558194970778,53.18999999999999,39.8,2.8154000000000003,2.01,0.7,0.7920000000000016,27.10000000000001,0.9766635507832632,0,0
3086,i-80,14.3517234456,4.724934153883208,-0.3823999999999999,4.672228223388554,42.077,25.88,2.0754,1.4,1.0,0.7559999999999996,14.800000000000004,0.7550294604334649,0,1
3088,i-80,14.653359728800002,3.6737676276394096,-0.143,6.903050863530543,76.4252,46.89,3.6648,1.66,0.12,0.1099999999999994,5.300000000000011,3.2422692292747746,0,0
3090,i-80,16.107268432,5.799937876043922,0.051,6.448450415302942,53.196,37.14,2.3833333333333333,1.5,0.8666666666666667,0.2833333333333338,8.500000000000014,0.8773027662547068,0,0
3093,i-80,17.832495244666667,6.509191435105435,2.155666666666667,6.12784975694396,51.36733333333333,29.71,2.2143333333333337,1.08,0.9,0.4833333333333343,13.599999999999994,6.378957804564456,0,1
3094,i-80,15.920645105142857,4.6938343507453535,-0.5885714285714285,7.157385795705819,91.44771428571428,68.92,4.037142857142857,3.02,0.0,0.0599999999999982,1.599999999999966,0.8068265128568466,0,0
3095,i-80,13.59418242139535,4.274278314323387,0.0272093023255813,6.098034548927336,60.253023255813936,42.98,3.277674418604651,1.48,0.5116279069767442,0.3488372093023256,15.0,3.9485912586665286,0,1
3097,i-80,9.636592977551022,5.452313731758801,-0.340204081632653,5.197301579423979,54.73959183673469,30.59,4.9248979591836735,1.99,0.2653061224489796,0.5918367346938743,11.400000000000006,1.2296959105050818,0,0
3100,i-80,9.956588254,5.085465442579304,-0.0371999999999998,6.840486926217688,31.9426,13.9,3.6112,1.07,0.72,1.3780000000000003,33.699999999999974,1.2101221542320697,0,1
3110,i-80,16.164983404324325,5.443762789840583,-0.8600000000000001,6.082840619315946,45.30621621621621,31.24,2.0745945945945943,1.06,0.918918918918919,0.7459459459459454,15.09999999999998,4.894048639939134,0,1
3111,i-80,9.621133798,5.10579694500603,-0.8978,6.725000353539175,41.8004,25.62,4.7436,1.35,0.52,0.8920000000000001,16.700000000000017,6.48905112490514,0,1
3113,i-80,18.34850160057143,6.660477513325293,-0.2774285714285713,4.997595505874414,54.28057142857143,28.59,2.198285714285715,1.19,0.9142857142857144,0.0142857142857134,0.4999999999999716,7.052010535176143,0,1
3114,i-80,18.2864951236,7.870103118172282,-0.1437999999999999,6.8162671243286885,81.07,28.08,3.3208,1.38,0.5,1.844000000000004,27.69999999999996,1.2658715387641275,0,1
3115,i-80,29.603877736129032,9.097776402414688,2.1025806451612903,7.35428490416389,108.55354838709675,55.02,2.532903225806452,1.86,0.8387096774193549,1.7354838709677336,35.60000000000002,0.9755045311645562,0,0
3117,i-80,10.501360835999998,5.357442836777057,-0.395,6.40011104814373,43.654,3.61,6.251,0.14,0.54,0.1099999999999994,5.499999999999972,1.2012753224836354,0,1
3120,i-80,20.57748718129032,6.3843845532961,1.2458064516129028,6.276950838421231,88.8883870967742,13.62,2.800645161290322,0.65,0.6129032258064516,3.925806451612911,58.400000000000034,10.505301444140388,0,1
3121,i-80,11.932139675238096,6.836959667396748,-0.0961904761904761,5.257835478032137,43.27285714285714,16.79,3.266190476190476,1.11,0.6190476190476191,1.1785714285714275,26.79999999999993,1.4162165709120558,0,1
3123,i-80,15.933132114799998,5.345475484563321,0.1274,6.310982591111001,98.1796,30.07,4.085799999999999,1.97,0.06,0.7020000000000011,11.300000000000097,3.7082706404545434,0,0
3125,i-80,17.728352710454548,7.0937767412725306,-1.3447727272727277,6.471761375080441,63.35477272727272,36.22,2.7452272727272726,1.2,0.7045454545454546,0.9090909090909058,26.40000000000001,1.114518434293731,0,1
3126,i-80,16.077836621666666,4.035991812662156,0.8241666666666667,4.94574413005768,92.2702777777778,57.71,4.0075,2.49,0.1666666666666666,0.3416666666666638,12.299999999999898,1.1878786009668336,0,0
3127,i-80,16.610016231818182,5.556183988803564,0.6677272727272726,6.760187097877445,53.18181818181818,29.01,2.3581818181818184,0.93,0.8409090909090909,0.809090909090908,10.899999999999965,0.6721733328756615,0,1
3128,i-80,17.39966276585366,7.750407722459618,1.6224390243902438,5.958852565925676,67.4270731707317,34.77,3.3651219512195123,1.71,0.6585365853658537,0.2024390243902452,4.200000000000017,1.162391667126394,0,0
3129,i-80,10.5897244488,4.62428498994386,0.5013999999999998,5.633847784342674,37.1496,19.42,2.813,1.0,0.72,0.1219999999999998,3.5999999999999943,1.036200324379846,0,1
3133,i-80,14.337392870909092,4.379095948821391,0.2093181818181819,5.924147430654208,60.40363636363636,27.08,3.0418181818181824,1.47,0.5,0.0590909090909118,1.4000000000000057,8.601475363147475,0,1
3134,i-80,11.760269591200004,6.13260131863829,-1.0482,3.4175374174981608,41.7816,19.9,4.96,0.98,0.72,0.5120000000000005,10.0,0.9829294095109946,0,1
3136,i-80,15.097373596410254,3.085320106349605,-0.4451282051282051,6.188647021507618,168.53871794871793,86.13,7.934102564102566,3.14,0.0,0.7256410256410288,22.600000000000197,0.9112305874671692,1,0
3138,i-80,18.293356365789474,7.514717105228198,1.4334210526315787,6.84232783066169,77.07157894736842,52.86,3.2726315789473683,1.7,0.4736842105263157,1.7236842105263133,28.499999999999943,1.4691638722897915,0,0
3139,i-80,16.67378343244445,3.4514370850041143,0.1977777777777778,6.048148811033343,58.64622222222222,30.88,2.471777777777778,1.38,0.7777777777777778,0.4377777777777791,10.100000000000051,1.4502499965610252,0,1
3141,i-80,13.923979540526314,4.841338843243448,-0.8757894736842106,5.959851091727198,61.20105263157895,33.03,3.042894736842105,1.73,0.5,0.4184210526315779,7.199999999999989,0.8281270234683671,0,0
3143,i-80,15.398177712,2.9152144637757047,-1.032222222222222,5.784614738836778,111.73844444444444,37.96,5.01111111111111,1.82,0.0444444444444444,0.0288888888888894,1.2000000000000457,0.9713215786190016,0,0
3144,i-80,19.387981842857144,6.702093753092843,1.191190476190476,4.743580104387018,64.085,25.02,2.3071428571428574,1.69,0.9523809523809524,0.4642857142857183,8.400000000000034,1.016425423292325,0,0
3148,i-80,16.757463063809524,3.896559806784633,1.3285714285714283,4.777415655815606,53.76095238095239,35.64,2.2219047619047614,1.75,0.9047619047619048,0.1142857142857135,2.7999999999999403,1.1139837355483262,0,0
3153,i-80,14.2559961984,4.341227612780394,1.6524,6.750263656226431,49.332,31.31,2.6002,1.21,0.76,0.1420000000000001,7.1000000000000085,4.757607048352208,0,1
3154,i-80,11.79204231,5.631204670609136,0.6417391304347825,5.722623059925434,56.35673913043478,21.12,4.038043478260869,1.76,0.3695652173913043,0.7369565217391291,15.700000000000005,1.476565137511382,0,0
3155,i-80,16.337256408947372,4.828737654662604,0.0668421052631578,5.526538482270532,50.03184210526315,35.68,2.3,1.37,0.8157894736842105,0.4131578947368459,7.000000000000028,1.0497107415021696,0,1
3156,i-80,15.407491055744677,3.1247058333548337,-0.7048936170212764,6.247619328275798,51.61191489361702,39.14,2.3468085106382977,1.64,0.9361702127659576,0.4595744680851056,17.40000000000002,1.5868165403268737,0,0
3159,i-80,18.62487218324324,5.690515509081303,-0.3794594594594593,3.89681775152349,73.02783783783784,46.73,2.821621621621621,1.67,0.5945945945945946,0.3243243243243212,5.899999999999892,0.9649456581192138,0,0
3163,i-80,14.56022339,3.486874103292531,-0.6643181818181817,4.794473270643768,78.56818181818183,26.53,3.742272727272728,2.53,0.2045454545454545,1.281818181818182,32.19999999999999,1.343521985325456,0,0
3166,i-80,14.53535708647059,5.807118730896513,0.0141176470588235,5.770564867916368,46.29176470588235,30.82,4.351176470588236,0.91,0.6764705882352942,0.0676470588235284,2.2999999999999687,1.573366705116786,0,1
3167,i-80,15.0534505312,4.239414525019316,0.4263999999999999,5.614615679144014,42.799800000000005,29.38,2.099,0.9,0.92,1.181999999999998,17.40000000000002,1.0691519576615045,0,1
3168,i-80,14.638973369000002,4.566976744272548,-1.1675,6.69998383082626,86.50800000000001,32.73,3.99775,2.37,0.2,0.567499999999999,21.700000000000017,1.2909276566653878,0,0
3169,i-80,14.859249284285715,5.110516715574703,1.0804761904761906,6.601528260749026,50.86738095238095,36.47,2.619047619047619,1.63,0.8333333333333334,1.066666666666666,38.00000000000004,0.929007377116217,0,0
3171,i-80,19.537981802857143,5.984463576503003,-1.1494285714285717,6.046215609228412,77.05342857142858,32.98,2.7511428571428573,1.25,0.5714285714285714,0.8371428571428571,17.29999999999997,1.003127444000793,0,1
3172,i-80,15.549320177837837,3.3975277977295697,-0.361891891891892,6.036150740808729,131.8605405405405,97.73,6.083513513513514,3.8,0.0,0.1756756756756772,4.000000000000057,1.521630494029467,0,0
3174,i-80,17.38759866909091,3.7100546558262457,1.2865909090909091,4.786524662046624,67.09659090909092,19.93,2.621590909090909,1.27,0.7954545454545454,0.227272727272724,5.19999999999996,4.7563775085907904,0,1
3175,i-80,15.488236976521735,4.712063984867512,-0.6534782608695651,7.690308249100523,52.98608695652174,27.78,2.6713043478260867,1.25,0.717391304347826,0.0956521739130445,2.5,1.0766337653697755,0,1
3179,i-80,18.74613136466667,6.57680274534805,-0.6819999999999999,6.031760422389424,80.21499999999999,47.27,3.064,2.23,0.5666666666666667,0.2000000000000028,4.699999999999989,0.7683363098653289,0,0
3181,i-80,15.324471437948718,5.0229621706930425,0.2492307692307691,4.7212394584781965,50.75564102564103,23.73,2.408717948717949,1.28,0.8717948717948718,0.0,0.0,1.011080478568868,0,1
3183,i-80,14.628681602702702,4.666369618681469,0.1948648648648649,5.196696932572555,51.71459459459459,26.88,2.5154054054054047,1.7,0.8378378378378378,0.1864864864864868,6.900000000000013,1.3231747261249576,0,0
3188,i-80,18.86345650820513,6.191057121819591,-2.094102564102564,6.698836394616258,44.15333333333333,31.12,1.7225641025641028,1.07,0.9743589743589745,0.7948717948717953,20.49999999999997,0.6836479786443118,0,1
3191,i-80,16.241614987083334,4.737289586896259,0.7908333333333334,5.324570438505807,54.83541666666667,32.04,2.4872916666666667,1.28,0.7708333333333334,0.829166666666666,10.0,0.6904357538119266,0,1
3193,i-80,17.495449880000002,3.850404266456095,-1.1543589743589742,6.008875801184617,105.37589743589746,64.23,4.255384615384616,1.67,0.1282051282051282,1.07435897435897,18.699999999999903,0.8655710252371521,1,0
3194,i-80,13.312837359000005,5.884414357879793,-0.36275,5.947488152196086,58.04699999999999,33.8,3.50375,1.28,0.525,0.0,0.0,1.0924270027833696,0,1
3196,i-80,16.067938298947368,4.625585611465992,-0.1118421052631579,6.672576331021951,38.84342105263158,25.31,1.795263157894737,1.08,0.9210526315789472,1.0342105263157904,24.499999999999996,1.3848832427381983,0,1
3198,i-80,12.547496654,4.725163333624519,0.8812000000000001,4.708167302352241,43.3804,25.82,3.437,1.33,0.8,0.1340000000000003,2.69999999999996,6.706186870072035,0,1
3199,i-80,19.377657170285715,6.569195232419504,-0.5322857142857143,5.988270439546202,53.65342857142858,32.99,2.0322857142857145,1.34,0.8857142857142857,1.405714285714284,25.39999999999999,1.433315670075519,0,1
3208,i-80,16.336776719591835,4.578909477161953,0.8512244897959182,5.225581559602187,76.42367346938777,40.25,3.455102040816326,1.78,0.4285714285714285,1.5102040816326543,33.400000000000034,1.000935070049893,1,0
3209,i-80,14.668888133750002,3.634185028288977,-0.1809375000000001,5.079343594482111,102.8925,79.22,4.9284375,3.66,0.0,0.0,0.0,0.963895314554104,0,0
3210,i-80,12.625058058378382,7.622426922533987,-0.0035135135135135,6.251193315509276,51.03675675675676,15.73,3.262432432432432,0.71,0.4594594594594595,1.7729729729729735,41.29999999999996,9.178034719170892,0,1
3212,i-80,15.1174050596,3.2688373469220853,0.9637999999999995,5.693227229411653,52.44160000000001,44.41,2.4738,1.66,0.88,0.8239999999999995,15.700000000000005,0.876220992765675,0,0
3214,i-80,14.9555414664,6.01941039165953,0.6805999999999999,6.67335500176574,79.45620000000001,31.71,3.5534,1.7,0.36,0.7560000000000017,29.90000000000009,1.4015447128225398,0,0
3215,i-80,19.38868404744186,5.961802326347485,0.0544186046511628,7.183751275763004,76.97302325581396,39.61,2.8702325581395347,1.55,0.7441860465116279,2.588372093023253,35.89999999999989,1.8365578472967656,0,0
3217,i-80,19.065676734,4.709999938520123,-1.12175,6.26371311501249,47.13525,25.94,1.775,1.12,0.925,0.504999999999999,8.599999999999994,6.24309656566396,0,1
3219,i-80,15.869397098536588,4.765804210325327,-1.5521951219512196,6.001004296030424,50.902682926829264,33.48,3.7365853658536574,1.24,0.8292682926829268,0.1292682926829271,3.1000000000000227,1.4849421874268374,0,1
3221,i-80,9.967184842083334,5.142646311951249,0.520625,4.74521232681908,43.039791666666666,4.03,3.4516666666666667,0.27,0.5208333333333334,2.2520833333333363,48.00000000000004,7.68565878994514,0,1
3222,i-80,16.323745647,8.405991406962464,-0.3772499999999999,7.965245658323156,42.58,21.58,6.36875,0.99,0.9,0.1400000000000005,5.600000000000023,2.665108887947242,0,1
3223,i-80,14.858996037600004,4.651631596565088,0.9764000000000002,5.649304728757987,106.6742,83.11,5.302200000000002,3.71,0.0,0.5919999999999987,7.999999999999972,0.7066170466470825,0,0
3225,i-80,17.908308621578954,5.3627720053916015,0.1213157894736843,7.532684518798324,55.63315789473685,35.81,2.194736842105263,1.35,0.9473684210526316,0.3052631578947378,10.0,1.1416882174110623,0,1
3226,i-80,14.513314311600002,4.590238123701788,-1.7832,5.38840722367596,40.9954,16.27,2.2496,1.03,0.88,0.3099999999999994,8.300000000000054,0.8092749337322558,0,1
3228,i-80,17.267527862857143,4.624535315178759,-0.2408571428571428,4.657955478930373,64.69085714285714,32.18,2.805142857142857,0.99,0.5714285714285714,0.4685714285714287,8.599999999999994,6.416031763081754,0,1
3229,i-80,12.8614056612,4.310844060464078,0.6147999999999998,7.295691275244139,33.03,17.98,1.8822,1.13,0.96,0.8239999999999995,15.599999999999987,1.0569092212866795,0,1
3230,i-80,21.90036271027027,7.331514331396933,0.5808108108108105,5.022057667252858,118.15108108108106,19.02,3.5608108108108114,2.06,0.5135135135135135,1.254054054054054,39.69999999999999,5.767819115822968,0,0
3233,i-80,18.324735373142857,4.850088128014889,1.6648571428571428,6.691692114954523,56.71485714285714,29.25,2.19,1.44,0.9142857142857144,0.0,0.0,1.6167948774134129,0,1
3237,i-80,16.32332898044444,6.288269883929422,-0.6155555555555556,4.484320945632052,76.746,37.71,3.28511111111111,1.5,0.3111111111111111,0.4488888888888895,12.899999999999991,4.926903485410026,0,0
3238,i-80,18.81135862,5.7662711464373855,2.55925,5.0639729955836055,88.23125,33.74,3.15425,2.1,0.35,0.7674999999999983,16.199999999999903,0.8161244311864992,0,0
3239,i-80,15.4450867904,8.308286219579555,0.4674,5.298468323150434,85.93880000000001,36.93,4.853,1.77,0.18,1.984000000000003,34.89999999999995,3.6173685849788426,0,0
3240,i-80,13.648632724,5.103706062638668,-0.5712499999999998,5.484283927032561,70.57649999999998,29.65,5.27225,1.99,0.225,0.962500000000002,19.80000000000004,1.1296870791484133,0,0
3242,i-80,18.29976784733333,4.2275417715451935,0.0119999999999999,4.055970822176217,81.44433333333333,69.7,3.1613333333333338,2.34,0.5666666666666667,0.5500000000000019,16.500000000000057,1.2923221743430893,0,0
3245,i-80,13.806132682000005,4.814192865626686,-0.6122,5.6599532304983375,44.057,23.35,2.6634,1.01,0.82,1.4779999999999986,30.49999999999997,1.1397601258553465,0,1
3246,i-80,20.611195802380955,4.649581898460838,-0.3373809523809523,6.36131105505308,52.97309523809525,39.02,1.8035714285714288,1.04,1.0,1.0357142857142845,11.400000000000006,3.816587523587433,0,1
3247,i-80,16.078632075999998,7.587303444650586,0.0304444444444443,5.967342546788065,51.12399999999999,28.79,4.010444444444444,1.29,0.7555555555555555,0.1244444444444449,5.600000000000023,5.1409243928627575,0,1
3249,i-80,18.42364373567567,3.5458513639166727,0.999189189189189,5.863833775487377,67.18999999999998,53.26,2.541621621621622,1.66,0.918918918918919,0.3270270270270253,12.099999999999936,0.9853260355823328,0,0
3252,i-80,18.57548205952381,5.497921409877877,-0.6016666666666666,6.889670924445846,64.34380952380953,35.02,2.4792857142857145,1.31,0.7857142857142857,0.1380952380952393,5.200000000000031,1.255353171336709,0,1
3253,i-80,18.146047792631585,4.8074366339389805,-0.3671052631578945,5.528956652416066,60.11342105263158,41.16,2.316052631578948,1.53,0.9210526315789472,0.4684210526315792,5.799999999999983,1.1735839698469173,0,0
3254,i-80,14.82547960553192,5.248357256313505,0.5548936170212764,5.712367921540535,58.36829787234043,30.98,3.114255319148936,1.76,0.8085106382978723,0.7595744680851094,9.200000000000015,1.0122127257746598,0,0
3255,i-80,17.148886779512196,4.924550783976465,0.2960975609756097,5.668398750109585,59.50829268292684,25.09,2.565365853658536,1.31,0.7804878048780488,10.119512195121953,410.8,8.199261393415933,0,1
3256,i-80,15.691840735294116,7.90164661348649,-0.3523529411764707,5.656305710965433,68.60117647058824,1.76,2.744117647058824,0.18,0.4117647058823529,0.1676470588235291,4.4,4.82319618032891,0,1
3257,i-80,11.771325532307694,5.405817666025105,1.2123076923076923,4.056765279679483,40.44179487179488,26.67,3.023333333333334,1.55,0.717948717948718,1.489743589743587,29.399999999999977,12.374914867794253,0,0
3260,i-80,19.478271761395348,4.1722558997261,-0.6451162790697675,4.965384640590736,81.26627906976744,51.35,2.8353488372093025,2.29,0.6744186046511628,0.7093023255813931,12.100000000000009,0.9609556013542384,0,0
3261,i-80,19.173006250833332,4.476246777530235,-0.8797916666666666,5.810896400466141,60.68229166666666,32.25,2.177291666666667,1.29,0.9583333333333334,1.2041666666666668,20.799999999999983,9.828304847146311,0,1
3263,i-80,12.0692695088,4.996721983316227,0.3908,3.6969517724962633,94.09300000000002,43.7,5.7620000000000005,2.47,0.08,2.067999999999998,37.20000000000027,5.596719923093438,1,0
3264,i-80,18.06022245666667,4.561928495077795,0.6114285714285715,5.568906522884647,64.7297619047619,40.07,2.5097619047619046,1.76,0.8333333333333334,0.8333333333333283,11.299999999999956,0.6759228852510023,0,0
3265,i-80,18.9035745045,2.972837943966095,-0.575,5.533506330320071,84.46675,55.11,3.1385,1.91,0.625,1.587500000000002,17.700000000000102,1.9225210578687344,0,0
3271,i-80,18.632546350967747,6.241503316836647,-0.7403225806451611,6.317126184097201,45.0925806451613,26.9,1.685483870967742,1.1,1.0,2.8548387096774177,44.39999999999998,5.250915404269593,0,1
3272,i-80,17.312256148947366,4.150337542750257,-0.9044736842105264,5.144987430640713,60.00947368421052,39.24,2.4542105263157894,1.7,0.8421052631578947,0.0894736842105253,2.2999999999999687,1.1989100028271886,0,0
3273,i-80,14.170502419545452,4.923980011391758,-0.1263636363636363,4.461522886789287,78.71659090909093,41.7,4.295454545454546,2.2,0.1818181818181818,1.3477272727272678,13.299999999999985,1.0886005757534098,0,0
3274,i-80,11.857769565199998,4.963251036150832,-0.6177999999999998,6.10541656136214,52.70960000000001,34.97,6.3452,1.64,0.54,0.1860000000000013,6.300000000000026,5.235746182908099,0,0
3275,i-80,12.7539511444,7.617895162075042,-0.1859999999999999,6.462045231304757,34.995,18.44,7.8392,1.34,0.86,0.9140000000000008,11.400000000000006,1.8061334482981115,0,1
3279,i-80,14.55079825882353,4.204294191283885,0.1347058823529411,4.491513368021503,51.94323529411764,31.6,2.722058823529412,1.54,0.7941176470588235,0.0323529411764704,1.0999999999999943,1.038135621500124,0,0
3280,i-80,18.741093487222223,4.294248166130059,1.1877777777777778,5.987719389889901,54.20555555555556,34.16,2.0069444444444446,1.32,1.0,1.580555555555553,24.80000000000004,1.001309356681429,0,1
3281,i-80,15.4214958876,5.268288308017056,0.2593999999999999,4.718309282973713,90.23579999999998,13.83,3.815,0.82,0.32,1.3860000000000028,19.80000000000004,1.479014417558848,0,1
3285,i-80,15.16566326723404,4.484865992070562,0.8738297872340426,5.228206340191172,53.64978723404256,20.5,2.712127659574469,1.54,0.7659574468085106,0.8595744680851047,14.799999999999969,1.167917788693659,0,0
3287,i-80,17.677646801111116,4.391663665978191,-1.094722222222222,7.038109115425458,125.19277777777776,80.61,5.022777777777779,3.01,0.0,0.3722222222222192,13.399999999999892,1.0170187415357304,0,0
3288,i-80,12.212230785957448,8.144562921858158,0.6336170212765958,5.072810483150819,49.80829787234043,39.07,25.0236170212766,1.13,0.5957446808510638,0.5680851063829806,14.90000000000002,1.0177264816685097,0,1
3289,i-80,15.971041195600002,6.121484210878653,0.2492,6.050681472835459,79.8436,30.2,3.5047999999999995,1.76,0.28,1.4460000000000035,23.499999999999943,0.8856823286861598,0,0
3290,i-80,17.9527793035,5.342607080603397,-0.08475,4.9465476111355455,48.15075,35.0,2.0095,1.15,0.875,0.879999999999999,27.19999999999999,1.255645638143877,0,1
3291,i-80,19.4197107305,3.570711421876607,0.5665,4.585784360949412,52.9645,33.25,1.8915,1.32,1.0,0.7724999999999991,14.200000000000015,0.8340917488578946,0,1
3292,i-80,31.49405318516129,2.6259629610731845,0.3351612903225806,4.530840150912221,62.3841935483871,29.89,1.3448387096774197,0.73,1.0,0.851612903225809,15.200000000000031,3.5765296930350363,0,1
3295,i-80,15.639541284000002,4.57179573324877,0.4847999999999999,5.79442597745137,75.60079999999999,56.38,3.6344,2.18,0.46,0.1980000000000018,7.000000000000028,0.8508383814970806,0,0
3296,i-80,13.16342624181818,6.721746228572509,-0.5820454545454544,5.963510196046532,42.75568181818182,26.25,2.855227272727273,1.44,0.7727272727272727,0.4295454545454538,12.800000000000011,1.1257974528584525,0,1
3297,i-80,20.9353921445,5.891034790407976,-1.7440000000000002,6.433485636565721,35.238249999999994,18.71,1.25675,0.47,0.975,1.1675000000000004,20.59999999999995,5.864492214449034,0,1
3299,i-80,18.14559175208333,3.134722945778821,-0.0731249999999999,3.9066392784755104,66.98729166666666,24.78,2.580833333333333,0.76,0.8541666666666666,1.0937499999999984,15.100000000000051,1.1170457015228965,0,1
3301,i-80,18.38796627170732,4.192131180044673,1.861707317073171,5.554462126272455,65.32317073170732,30.65,2.4248780487804877,1.82,0.902439024390244,0.9487804878048852,11.500000000000057,0.8218740356574145,0,0
3302,i-80,15.18658131609756,5.536443556903775,-1.9429268292682929,6.183285633020053,48.52926829268292,21.58,2.4341463414634146,1.03,0.8536585365853658,0.5512195121951198,10.0,0.8769583082394756,0,1
3304,i-80,18.031078079411763,5.0568406120369325,0.3020588235294119,5.348015649787717,60.52794117647058,38.37,2.4511764705882357,1.51,0.8529411764705882,0.1617647058823562,5.200000000000102,2.4188375054758464,0,0
3305,i-80,18.22696882368421,4.165306677267802,0.1039473684210526,5.046248560831659,63.24947368421055,47.0,2.526842105263158,1.23,0.7105263157894737,0.2578947368421044,7.59999999999998,1.3879876529533923,0,1
3307,i-80,15.694456042083331,3.71413958109803,-1.79375,5.765877846471041,49.22125,34.14,2.2295833333333337,1.54,0.875,0.1854166666666667,5.499999999999972,1.160115110874228,0,0
3308,i-80,13.487249367826086,6.867081982203176,-0.0693478260869565,5.628424844650949,80.05369565217391,32.05,5.288478260869565,1.87,0.3695652173913043,0.0,0.0,4.660064074376519,0,0
3309,i-80,14.5701779328,6.877930552976276,1.4068,6.188157036647024,44.7574,24.46,2.9052,0.93,0.68,0.3379999999999981,9.699999999999989,1.3131195316839197,0,1
3313,i-80,17.163063605,4.092184260674091,0.9329545454545454,6.707548188090806,75.81863636363637,62.37,3.142045454545455,2.07,0.4545454545454545,0.1750000000000023,3.1000000000000227,0.8436504391185646,0,0
3314,i-80,16.995351199130436,4.820796507168992,0.7302173913043473,7.000572512819675,77.95543478260869,38.44,3.29304347826087,1.19,0.3695652173913043,0.0478260869565214,1.599999999999966,5.707416190788896,0,1
3315,i-80,15.326379312173914,5.730554278462255,-0.5130434782608696,4.445259082345904,53.03804347826087,30.85,2.54,1.76,0.8043478260869565,0.3456521739130442,9.200000000000015,1.523680425367256,0,0
3318,i-80,17.5909044,4.427940048159553,-0.8131428571428571,5.600730924687982,56.08400000000001,34.24,2.188285714285714,1.37,0.8,0.8228571428571436,15.399999999999991,6.017201591124838,0,1
3319,i-80,14.356447784516131,6.338102938294999,-0.8058064516129031,4.618920345848185,47.04612903225807,28.03,2.603225806451613,1.3,0.6451612903225806,0.0,0.0,1.0249895210584197,0,1
3320,i-80,17.2754953932,5.108816926291677,1.4429999999999998,5.952632499446726,49.7574,18.91,2.0134,0.88,0.94,1.461999999999999,35.99999999999994,0.669045558376762,0,1
3321,i-80,14.893917804186046,6.328783730737631,0.1497674418604651,6.357994775373493,62.51953488372094,14.32,3.304883720930232,1.06,0.6511627906976745,1.083720930232559,26.60000000000004,4.801344265553935,0,1
3322,i-80,16.053605344705883,6.327876426258671,-0.2761764705882353,5.5854855271475765,46.90176470588236,22.32,2.447058823529412,1.25,0.8529411764705882,0.2058823529411773,5.900000000000034,0.8905151631461568,0,1
3323,i-80,16.089156548717945,6.043849006146247,1.2676923076923077,5.010381045252295,75.17641025641026,39.23,3.89974358974359,1.47,0.4102564102564102,0.8794871794871776,27.69999999999996,2.235868307932816,0,1
3324,i-80,16.847247093023256,4.591015650029882,0.5897674418604651,4.6839017558991065,61.36906976744187,31.97,2.5953488372093023,1.68,0.7906976744186046,0.5604651162790689,9.300000000000068,1.209025241394906,0,0
3325,i-80,14.4590415988,4.7556583034599935,0.8410000000000001,6.422424442084602,49.619,25.04,2.6974,1.48,0.84,0.361999999999999,8.699999999999974,2.945847023543899,0,1
3326,i-80,17.967657546285718,3.877060498664688,1.495142857142857,5.983837236023962,86.93685714285714,39.16,3.468,1.75,0.5428571428571428,0.5628571428571364,14.600000000000009,1.4898932086257874,0,0
3333,i-80,14.8750869424,6.381676654044236,0.9131999999999998,6.3538718518871695,34.6846,17.0,2.1052,0.95,0.86,0.4420000000000009,11.700000000000015,1.1894473250983737,0,1
3340,i-80,15.200217676097562,5.422916038095492,0.0265853658536585,4.857953071899778,58.93341463414634,35.46,2.846585365853658,1.82,0.6829268292682927,0.6219512195121945,15.600000000000025,1.2291887876196057,0,0
3342,i-80,18.873356489302328,4.403298631038067,-1.5744186046511628,7.126390692123783,56.27720930232558,20.39,2.0158139534883723,0.8,0.9534883720930232,2.620930232558141,34.00000000000006,5.438427785742023,0,1
3343,i-80,20.09412783395349,2.6571616712507824,-0.6332558139534882,7.401290981640018,61.193488372093015,35.27,2.1174418604651164,1.3,0.8837209302325582,0.8372093023255833,13.599999999999994,7.382838083652873,0,1
3344,i-80,19.538704467096775,3.2976083161444465,0.2525806451612904,7.414192681491328,58.68870967741936,28.36,2.1803225806451616,0.94,0.7419354838709677,0.1612903225806451,5.0,9.79057238993618,0,1
3345,i-80,15.19795049266667,3.6933358746482,1.8986666666666665,5.4134466892610345,53.75666666666666,23.03,2.3796666666666666,0.98,0.7666666666666667,0.1933333333333351,3.500000000000014,4.617329787763218,0,1
3352,i-80,15.2312686656,4.323524457659972,-0.0285999999999998,7.111242897765511,91.7088,33.17,4.2074,1.62,0.22,1.372,32.69999999999996,1.4360463439739042,0,0
3355,i-80,6.209799480416668,8.16654561748158,-0.7008333333333333,3.5136577494317573,40.686875,2.67,18.4625,0.77,0.2708333333333333,5.595833333333334,268.6,9.84024758560979,0,1
3357,i-80,13.9735871828,6.347458596881452,-0.2656,5.568560492549548,49.1712,26.49,3.0722,1.61,0.74,1.0599999999999994,20.700000000000003,1.105757674305592,0,0
3360,i-80,14.706639434871796,5.983036934416464,0.6084615384615386,5.027400991441298,100.0748717948718,42.78,4.800512820512821,2.26,0.0512820512820512,0.0,0.0,0.9709540030883852,0,0
3361,i-80,16.372035803255816,4.854165852370395,-0.549767441860465,6.766626256637052,79.34953488372093,34.57,3.4027906976744187,1.84,0.3720930232558139,0.2534883720930224,10.899999999999965,1.3479221933044414,0,0
3363,i-80,13.488012932121212,5.698938400711786,1.8948484848484848,5.68584103344226,35.32757575757575,16.82,2.512121212121212,1.05,0.8787878787878788,0.0393939393939401,1.3000000000000256,9.045527406960622,0,1
3364,i-80,14.617359738399998,6.658693064621268,0.7495999999999998,8.364748178016637,65.0274,23.23,3.3458,1.69,0.48,0.1700000000000017,4.80000000000004,1.651419578448081,0,0
3365,i-80,17.27025513485715,6.210389714670341,0.5268571428571429,6.892795800658817,61.82657142857144,17.31,2.918857142857143,1.19,0.6571428571428571,9.257142857142856,269.70000000000005,4.568221167510842,0,1
